date,month,temperature,rainfall,humidity,lake_name,elevation,lake_area,glacier_area
2023-06-16,6,1.2999999999999998,0.0,69.3874583110244,Imja Tsho,5010,1.28,4.5
2023-06-17,6,1.0,0.2,91.96620840231975,Imja Tsho,5010,1.28,4.5
2023-06-18,6,2.1500000000000004,0.3,94.75120146348029,Imja Tsho,5010,1.28,4.5
2023-06-19,6,1.6500000000000001,0.8,84.53234070783229,Imja Tsho,5010,1.28,4.5
2023-06-20,6,1.35,0.9,89.38048919400488,Imja Tsho,5010,1.28,4.5
2023-06-21,6,2.25,1.3,80.33889982401038,Imja Tsho,5010,1.28,4.5
2023-06-22,6,2.6999999999999997,0.9,83.92677888370221,Imja Tsho,5010,1.28,4.5
2023-06-23,6,4.25,2.3,87.96532995730914,Imja Tsho,5010,1.28,4.5
2023-06-24,6,3.7,1.6,80.01657685098243,Imja Tsho,5010,1.28,4.5
2023-06-25,6,2.5,2.7,92.15995386495192,Imja Tsho,5010,1.28,4.5
2023-06-26,6,0.7,2.4,93.48804444955654,Imja Tsho,5010,1.28,4.5
2023-06-27,6,0.7000000000000002,1.9,76.8379765415068,Imja Tsho,5010,1.28,4.5
2023-06-28,6,1.8,1.2,89.74943877837875,Imja Tsho,5010,1.28,4.5
2023-06-29,6,1.7,4.6,82.72472701992402,Imja Tsho,5010,1.28,4.5
2023-06-30,6,1.0999999999999999,4.1,85.44647221093112,Imja Tsho,5010,1.28,4.5
2023-07-01,7,1.85,5.9,94.76195628151191,Imja Tsho,5010,1.28,4.5
2023-07-02,7,2.65,5.0,90.8078134083336,Imja Tsho,5010,1.28,4.5
2023-07-03,7,0.5999999999999999,2.6,89.75005051800682,Imja Tsho,5010,1.28,4.5
2023-07-04,7,1.7,4.5,88.78029820444932,Imja Tsho,5010,1.28,4.5
2023-07-05,7,1.8,1.4,93.91023863657313,Imja Tsho,5010,1.28,4.5
2023-07-06,7,2.35,2.2,94.60498287793428,Imja Tsho,5010,1.28,4.5
2023-07-07,7,2.55,6.2,88.02512582572027,Imja Tsho,5010,1.28,4.5
2023-07-08,7,1.1500000000000001,3.3,83.80093514742302,Imja Tsho,5010,1.28,4.5
2023-07-09,7,0.9000000000000001,3.4,83.20081257535385,Imja Tsho,5010,1.28,4.5
2023-07-10,7,3.2,1.4,83.52370647579717,Imja Tsho,5010,1.28,4.5
2023-07-11,7,2.6999999999999997,3.0,87.10149891042205,Imja Tsho,5010,1.28,4.5
2023-07-12,7,2.55,4.8,89.3175071015674,Imja Tsho,5010,1.28,4.5
2023-07-13,7,2.4,3.4,84.53103595415897,Imja Tsho,5010,1.28,4.5
2023-07-14,7,2.4499999999999997,12.8,85.1703952180374,Imja Tsho,5010,1.28,4.5
2023-07-15,7,2.5,5.8,81.43668334633436,Imja Tsho,5010,1.28,4.5
2023-07-16,7,2.75,5.5,92.92699778610597,Imja Tsho,5010,1.28,4.5
2023-07-17,7,3.25,3.9,88.47354635184105,Imja Tsho,5010,1.28,4.5
2023-07-18,7,1.6500000000000001,4.1,77.40659635527732,Imja Tsho,5010,1.28,4.5
2023-07-19,7,2.0,4.2,82.4929844479207,Imja Tsho,5010,1.28,4.5
2023-07-20,7,2.9,4.4,94.46908804045009,Imja Tsho,5010,1.28,4.5
2023-07-21,7,2.1,3.9,78.69780848310478,Imja Tsho,5010,1.28,4.5
2023-07-22,7,2.0,7.0,83.37224719144432,Imja Tsho,5010,1.28,4.5
2023-07-23,7,2.0,4.6,94.33121525251019,Imja Tsho,5010,1.28,4.5
2023-07-24,7,2.0,3.8,90.36565556038117,Imja Tsho,5010,1.28,4.5
2023-07-25,7,2.15,3.6,76.4279566061348,Imja Tsho,5010,1.28,4.5
2023-07-26,7,2.1,3.2,90.58694295790868,Imja Tsho,5010,1.28,4.5
2023-07-27,7,2.9000000000000004,2.7,87.59834542479919,Imja Tsho,5010,1.28,4.5
2023-07-28,7,1.8000000000000003,1.9,94.99382841370301,Imja Tsho,5010,1.28,4.5
2023-07-29,7,2.75,1.7,78.75144128487229,Imja Tsho,5010,1.28,4.5
2023-07-30,7,3.3,2.3,93.60882553595457,Imja Tsho,5010,1.28,4.5
2023-07-31,7,3.7,3.0,89.65538054775769,Imja Tsho,5010,1.28,4.5
2023-08-01,8,3.25,13.1,93.08647080557851,Imja Tsho,5010,1.28,4.5
2023-08-02,8,3.85,1.9,91.30185059343646,Imja Tsho,5010,1.28,4.5
2023-08-03,8,2.3,2.4,91.39046941086275,Imja Tsho,5010,1.28,4.5
2023-08-04,8,1.9499999999999997,7.7,90.05302062205085,Imja Tsho,5010,1.28,4.5
2023-08-05,8,2.85,4.8,78.37583568599877,Imja Tsho,5010,1.28,4.5
2023-08-06,8,3.25,8.8,75.3270970911286,Imja Tsho,5010,1.28,4.5
2023-08-07,8,3.5,4.7,80.7401628384687,Imja Tsho,5010,1.28,4.5
2023-08-08,8,3.3,6.9,75.64021077436144,Imja Tsho,5010,1.28,4.5
2023-08-09,8,3.1,3.7,75.63968776239807,Imja Tsho,5010,1.28,4.5
2023-08-10,8,2.35,4.0,93.11263041648282,Imja Tsho,5010,1.28,4.5
2023-08-11,8,3.0,2.5,85.44085251426351,Imja Tsho,5010,1.28,4.5
2023-08-12,8,3.55,4.5,86.1598488363912,Imja Tsho,5010,1.28,4.5
2023-08-13,8,2.7,7.9,90.59571301905764,Imja Tsho,5010,1.28,4.5
2023-08-14,8,1.9000000000000001,3.4,82.22744217133905,Imja Tsho,5010,1.28,4.5
2023-08-15,8,2.6,1.2,88.50118364536534,Imja Tsho,5010,1.28,4.5
2023-08-16,8,2.8,9.1,86.05097854923552,Imja Tsho,5010,1.28,4.5
2023-08-17,8,2.85,1.5,90.38991250427222,Imja Tsho,5010,1.28,4.5
2023-08-18,8,3.15,1.0,85.39988513079435,Imja Tsho,5010,1.28,4.5
2023-08-19,8,2.7,1.2,79.59072719104924,Imja Tsho,5010,1.28,4.5
2023-08-20,8,3.15,2.3,76.33222297897554,Imja Tsho,5010,1.28,4.5
2023-08-21,8,3.4,8.6,80.96134879550489,Imja Tsho,5010,1.28,4.5
2023-08-22,8,2.75,11.7,81.32905333001801,Imja Tsho,5010,1.28,4.5
2023-08-23,8,2.65,3.6,93.81117689549254,Imja Tsho,5010,1.28,4.5
2023-08-24,8,2.3499999999999996,8.3,91.70071589921051,Imja Tsho,5010,1.28,4.5
2023-08-25,8,0.25,0.9,94.27367034012781,Imja Tsho,5010,1.28,4.5
2023-08-26,8,0.3999999999999999,0.4,87.11661024791879,Imja Tsho,5010,1.28,4.5
2023-08-27,8,-1.9000000000000001,0.6,77.74127350339427,Imja Tsho,5010,1.28,4.5
2023-08-28,8,0.5999999999999999,0.3,83.2871290240059,Imja Tsho,5010,1.28,4.5
2023-08-29,8,1.3,0.0,65.84106711532742,Imja Tsho,5010,1.28,4.5
2023-08-30,8,1.9,0.5,90.92572181518071,Imja Tsho,5010,1.28,4.5
2023-08-31,8,1.85,1.1,93.37585041892982,Imja Tsho,5010,1.28,4.5
2023-09-01,9,2.6,1.5,75.40499468873273,Imja Tsho,5010,1.28,4.5
2023-09-02,9,1.8000000000000003,0.2,84.15327264885455,Imja Tsho,5010,1.28,4.5
2023-09-03,9,-0.19999999999999996,0.3,93.6148133749031,Imja Tsho,5010,1.28,4.5
2023-09-04,9,-0.19999999999999996,0.1,80.51738329543167,Imja Tsho,5010,1.28,4.5
2023-09-05,9,-0.34999999999999987,0.0,57.35823850588789,Imja Tsho,5010,1.28,4.5
2023-09-06,9,0.0,0.1,93.25969575794574,Imja Tsho,5010,1.28,4.5
2023-09-07,9,0.75,0.4,83.60709799300592,Imja Tsho,5010,1.28,4.5
2023-09-08,9,1.35,0.8,92.70339789411265,Imja Tsho,5010,1.28,4.5
2023-09-09,9,1.6,2.2,94.99519491496437,Imja Tsho,5010,1.28,4.5
2023-09-10,9,1.0499999999999998,0.9,79.94782896994087,Imja Tsho,5010,1.28,4.5
2023-09-11,9,2.05,0.6,85.4724913883426,Imja Tsho,5010,1.28,4.5
2023-09-12,9,2.55,1.1,84.55698457893769,Imja Tsho,5010,1.28,4.5
2023-09-13,9,2.4,1.1,91.7781233135812,Imja Tsho,5010,1.28,4.5
2023-09-14,9,1.9,1.0,88.276534264017,Imja Tsho,5010,1.28,4.5
2023-09-15,9,0.0,0.1,93.22519991840167,Imja Tsho,5010,1.28,4.5
2023-09-16,9,-0.050000000000000044,0.2,89.10679592502031,Imja Tsho,5010,1.28,4.5
2023-09-17,9,-1.2,1.6,90.93731545187461,Imja Tsho,5010,1.28,4.5
2023-09-18,9,-0.19999999999999996,0.2,82.34827542610911,Imja Tsho,5010,1.28,4.5
2023-09-19,9,-0.3500000000000001,0.9,75.65719937806696,Imja Tsho,5010,1.28,4.5
2023-09-20,9,0.44999999999999996,3.1,82.98720806721589,Imja Tsho,5010,1.28,4.5
2023-09-21,9,0.4,1.4,80.66017749557585,Imja Tsho,5010,1.28,4.5
2023-09-22,9,0.3500000000000001,1.8,89.45142294981049,Imja Tsho,5010,1.28,4.5
2023-09-23,9,0.04999999999999993,0.5,80.01234992015748,Imja Tsho,5010,1.28,4.5
2023-09-24,9,-0.5499999999999999,0.6,91.13724674147514,Imja Tsho,5010,1.28,4.5
2023-09-25,9,-0.65,0.0,67.51242738761245,Imja Tsho,5010,1.28,4.5
2023-09-26,9,0.35,0.0,48.18530993743134,Imja Tsho,5010,1.28,4.5
2023-09-27,9,0.3999999999999999,0.2,82.5218435279002,Imja Tsho,5010,1.28,4.5
2023-09-28,9,-0.3500000000000001,0.0,59.75840864209192,Imja Tsho,5010,1.28,4.5
2023-09-29,9,-1.2000000000000002,0.0,53.98517570669122,Imja Tsho,5010,1.28,4.5
2023-09-30,9,-1.2999999999999998,0.6,80.90102103173082,Imja Tsho,5010,1.28,4.5
2023-10-01,10,0.15000000000000013,0.9,88.53245384344305,Imja Tsho,5010,1.28,4.5
2023-10-02,10,-0.050000000000000044,0.7,81.06612108644269,Imja Tsho,5010,1.28,4.5
2023-10-03,10,-0.25,0.0,54.79009969569609,Imja Tsho,5010,1.28,4.5
2023-10-04,10,-0.6499999999999999,0.9,77.90349942284547,Imja Tsho,5010,1.28,4.5
2023-10-05,10,-0.44999999999999996,0.1,81.15800926220686,Imja Tsho,5010,1.28,4.5
2023-10-06,10,-0.25,0.0,47.39890105065156,Imja Tsho,5010,1.28,4.5
2023-10-07,10,-0.8499999999999999,0.1,75.10723040858927,Imja Tsho,5010,1.28,4.5
2023-10-08,10,-1.0499999999999998,0.0,52.93839864759903,Imja Tsho,5010,1.28,4.5
2023-10-09,10,0.0,0.0,45.695633579198606,Imja Tsho,5010,1.28,4.5
2023-10-10,10,-1.45,0.0,41.37945551921842,Imja Tsho,5010,1.28,4.5
2023-10-11,10,-3.65,0.0,68.14055546394229,Imja Tsho,5010,1.28,4.5
2023-10-12,10,-3.55,0.0,60.23391788802057,Imja Tsho,5010,1.28,4.5
2023-10-13,10,-4.25,0.0,58.33066379063146,Imja Tsho,5010,1.28,4.5
2023-10-14,10,-3.7,0.0,52.29924443056698,Imja Tsho,5010,1.28,4.5
2023-10-15,10,-4.2,0.0,42.11469139310672,Imja Tsho,5010,1.28,4.5
2023-10-16,10,-5.25,0.0,43.56485061688944,Imja Tsho,5010,1.28,4.5
2023-10-17,10,-6.75,0.0,62.531948869914046,Imja Tsho,5010,1.28,4.5
2023-10-18,10,-9.8,0.2,84.16298680821014,Imja Tsho,5010,1.28,4.5
2023-10-19,10,-10.45,0.0,69.6781026506615,Imja Tsho,5010,1.28,4.5
2023-10-20,10,-9.45,0.0,48.33510321280838,Imja Tsho,5010,1.28,4.5
2023-10-21,10,-7.949999999999999,0.0,46.92934236541171,Imja Tsho,5010,1.28,4.5
2023-10-22,10,-7.7,0.0,41.944412352060404,Imja Tsho,5010,1.28,4.5
2023-10-23,10,-8.95,0.0,65.85299175101471,Imja Tsho,5010,1.28,4.5
2023-10-24,10,-9.6,0.0,69.1805876452297,Imja Tsho,5010,1.28,4.5
2023-10-25,10,-9.8,0.0,49.14794676219418,Imja Tsho,5010,1.28,4.5
2023-10-26,10,-8.55,0.0,65.94764051274292,Imja Tsho,5010,1.28,4.5
2023-10-27,10,-8.25,0.0,48.3925372384856,Imja Tsho,5010,1.28,4.5
2023-10-28,10,-7.4,0.0,62.28561737763454,Imja Tsho,5010,1.28,4.5
2023-10-29,10,-5.4,0.0,45.61730423784053,Imja Tsho,5010,1.28,4.5
2023-10-30,10,-5.949999999999999,0.0,64.82994182517953,Imja Tsho,5010,1.28,4.5
2023-10-31,10,-6.25,0.0,61.018702546824535,Imja Tsho,5010,1.28,4.5
2023-11-01,11,-6.8,0.0,41.91204837707256,Imja Tsho,5010,1.28,4.5
2023-11-02,11,-8.4,0.0,59.330921487204435,Imja Tsho,5010,1.28,4.5
2023-11-03,11,-10.25,0.0,46.93511077404565,Imja Tsho,5010,1.28,4.5
2023-11-04,11,-11.95,0.4,90.8536451953089,Imja Tsho,5010,1.28,4.5
2023-11-05,11,-10.649999999999999,0.0,61.09286876779643,Imja Tsho,5010,1.28,4.5
2023-11-06,11,-9.25,0.0,55.43384352273251,Imja Tsho,5010,1.28,4.5
2023-11-07,11,-8.3,0.0,56.89724849401112,Imja Tsho,5010,1.28,4.5
2023-11-08,11,-10.1,0.2,88.13060957040645,Imja Tsho,5010,1.28,4.5
2023-11-09,11,-10.25,0.1,83.79335302198959,Imja Tsho,5010,1.28,4.5
2023-11-10,11,-9.25,0.0,41.661599769662764,Imja Tsho,5010,1.28,4.5
2023-11-11,11,-11.700000000000001,0.0,45.662952488814874,Imja Tsho,5010,1.28,4.5
2023-11-12,11,-11.450000000000001,0.0,45.50840960387804,Imja Tsho,5010,1.28,4.5
2023-11-13,11,-11.200000000000001,0.0,68.15287967695994,Imja Tsho,5010,1.28,4.5
2023-11-14,11,-7.699999999999999,0.0,53.79519107091072,Imja Tsho,5010,1.28,4.5
2023-11-15,11,-7.6,0.0,64.99204971143689,Imja Tsho,5010,1.28,4.5
2023-11-16,11,-9.350000000000001,0.0,60.13455947462384,Imja Tsho,5010,1.28,4.5
2023-11-17,11,-8.7,0.0,53.330965260999804,Imja Tsho,5010,1.28,4.5
2023-11-18,11,-7.8500000000000005,0.0,58.32890231246332,Imja Tsho,5010,1.28,4.5
2023-11-19,11,-6.75,0.0,45.64004178908479,Imja Tsho,5010,1.28,4.5
2023-11-20,11,-7.25,0.0,66.9732677544645,Imja Tsho,5010,1.28,4.5
2023-11-21,11,-10.55,0.0,57.8433540818568,Imja Tsho,5010,1.28,4.5
2023-11-22,11,-9.85,0.0,68.11503667965701,Imja Tsho,5010,1.28,4.5
2023-11-23,11,-11.35,0.0,43.0163771622007,Imja Tsho,5010,1.28,4.5
2023-11-24,11,-11.8,0.0,65.54402594798398,Imja Tsho,5010,1.28,4.5
2023-11-25,11,-9.4,0.0,69.5961490245808,Imja Tsho,5010,1.28,4.5
2023-11-26,11,-7.949999999999999,0.0,59.712308175109,Imja Tsho,5010,1.28,4.5
2023-11-27,11,-7.2,0.0,60.49501871179487,Imja Tsho,5010,1.28,4.5
2023-11-28,11,-10.0,0.0,44.52976796643926,Imja Tsho,5010,1.28,4.5
2023-11-29,11,-11.5,0.0,51.983578256143005,Imja Tsho,5010,1.28,4.5
2023-11-30,11,-11.45,0.0,55.5533719674666,Imja Tsho,5010,1.28,4.5
2023-12-01,12,-11.95,0.0,55.93542069698941,Imja Tsho,5010,1.28,4.5
2023-12-02,12,-13.399999999999999,0.0,66.97065981610616,Imja Tsho,5010,1.28,4.5
2023-12-03,12,-14.2,0.0,52.64445452777789,Imja Tsho,5010,1.28,4.5
2023-12-04,12,-12.0,0.0,51.40484678234289,Imja Tsho,5010,1.28,4.5
2023-12-05,12,-10.35,0.0,60.45370414064253,Imja Tsho,5010,1.28,4.5
2023-12-06,12,-11.05,0.0,60.26592074540358,Imja Tsho,5010,1.28,4.5
2023-12-07,12,-12.1,0.0,53.25903292362838,Imja Tsho,5010,1.28,4.5
2023-12-08,12,-14.850000000000001,0.0,50.51352791957471,Imja Tsho,5010,1.28,4.5
2023-12-09,12,-15.3,0.0,51.293587402775714,Imja Tsho,5010,1.28,4.5
2023-12-10,12,-14.0,0.0,59.55985239883645,Imja Tsho,5010,1.28,4.5
2023-12-11,12,-14.5,0.0,55.536983393432735,Imja Tsho,5010,1.28,4.5
2023-12-12,12,-18.55,0.0,42.4409813797467,Imja Tsho,5010,1.28,4.5
2023-12-13,12,-16.4,0.1,90.00806182127131,Imja Tsho,5010,1.28,4.5
2023-12-14,12,-11.950000000000001,0.0,48.537318132560536,Imja Tsho,5010,1.28,4.5
2023-12-15,12,-13.05,0.0,48.6575530323533,Imja Tsho,5010,1.28,4.5
2023-12-16,12,-8.35,0.0,62.8397868869016,Imja Tsho,5010,1.28,4.5
2023-12-17,12,-5.6,0.0,54.819130404392695,Imja Tsho,5010,1.28,4.5
2023-12-18,12,-5.6,0.0,45.37178634873753,Imja Tsho,5010,1.28,4.5
2023-12-19,12,-11.85,0.0,40.55983278628355,Imja Tsho,5010,1.28,4.5
2023-12-20,12,-12.7,0.0,48.67637121920676,Imja Tsho,5010,1.28,4.5
2023-12-21,12,-12.05,0.0,56.77191869559233,Imja Tsho,5010,1.28,4.5
2023-12-22,12,-11.350000000000001,0.0,55.80130159657023,Imja Tsho,5010,1.28,4.5
2023-12-23,12,-10.25,0.0,50.52181682396854,Imja Tsho,5010,1.28,4.5
2023-12-24,12,-16.0,0.0,40.873523950870805,Imja Tsho,5010,1.28,4.5
2023-12-25,12,-14.899999999999999,0.0,69.832802862585,Imja Tsho,5010,1.28,4.5
2023-12-26,12,-15.2,0.0,50.062661581935764,Imja Tsho,5010,1.28,4.5
2023-12-27,12,-14.4,0.0,53.70465654332403,Imja Tsho,5010,1.28,4.5
2023-12-28,12,-15.25,0.0,53.698302591643305,Imja Tsho,5010,1.28,4.5
2023-12-29,12,-16.6,0.0,56.69027581320447,Imja Tsho,5010,1.28,4.5
2023-12-30,12,-16.1,0.0,67.32291554076025,Imja Tsho,5010,1.28,4.5
2023-12-31,12,-15.899999999999999,0.0,64.60405707705777,Imja Tsho,5010,1.28,4.5
2024-01-01,1,-17.55,0.0,44.15321453685177,Imja Tsho,5010,1.28,4.5
2024-01-02,1,-17.05,0.0,54.11440602178754,Imja Tsho,5010,1.28,4.5
2024-01-03,1,-15.45,0.0,66.92712835830497,Imja Tsho,5010,1.28,4.5
2024-01-04,1,-18.35,0.0,50.3600450657224,Imja Tsho,5010,1.28,4.5
2024-01-05,1,-18.2,0.0,42.64317750763411,Imja Tsho,5010,1.28,4.5
2024-01-06,1,-14.25,0.0,65.55615433191412,Imja Tsho,5010,1.28,4.5
2024-01-07,1,-14.75,0.0,42.360908510352644,Imja Tsho,5010,1.28,4.5
2024-01-08,1,-14.850000000000001,0.1,87.08112852121889,Imja Tsho,5010,1.28,4.5
2024-01-09,1,-12.2,0.0,68.99716473245988,Imja Tsho,5010,1.28,4.5
2024-01-10,1,-12.3,0.0,56.68775097168512,Imja Tsho,5010,1.28,4.5
2024-01-11,1,-16.7,0.0,42.60810646597771,Imja Tsho,5010,1.28,4.5
2024-01-12,1,-16.650000000000002,0.0,69.47353563561956,Imja Tsho,5010,1.28,4.5
2024-01-13,1,-15.3,0.0,45.94540372382135,Imja Tsho,5010,1.28,4.5
2024-01-14,1,-14.899999999999999,0.0,43.541918412532475,Imja Tsho,5010,1.28,4.5
2024-01-15,1,-16.7,0.0,57.64590975344156,Imja Tsho,5010,1.28,4.5
2024-01-16,1,-17.65,0.0,45.88082754355336,Imja Tsho,5010,1.28,4.5
2024-01-17,1,-15.2,0.0,55.0639130820683,Imja Tsho,5010,1.28,4.5
2024-01-18,1,-18.4,0.0,45.724041439193215,Imja Tsho,5010,1.28,4.5
2024-01-19,1,-12.85,0.0,69.83510557452308,Imja Tsho,5010,1.28,4.5
2024-01-20,1,-10.0,0.0,50.9362482878675,Imja Tsho,5010,1.28,4.5
2024-01-21,1,-9.15,0.1,93.41081607555361,Imja Tsho,5010,1.28,4.5
2024-01-22,1,-10.1,0.0,53.281260192145595,Imja Tsho,5010,1.28,4.5
2024-01-23,1,-12.5,0.1,82.92572566754644,Imja Tsho,5010,1.28,4.5
2024-01-24,1,-19.0,0.1,93.81518222414243,Imja Tsho,5010,1.28,4.5
2024-01-25,1,-20.5,0.0,69.55447753197612,Imja Tsho,5010,1.28,4.5
2024-01-26,1,-20.5,0.1,78.12234352223717,Imja Tsho,5010,1.28,4.5
2024-01-27,1,-19.2,0.0,51.48451822135827,Imja Tsho,5010,1.28,4.5
2024-01-28,1,-18.75,0.0,44.081129855700404,Imja Tsho,5010,1.28,4.5
2024-01-29,1,-18.05,0.0,56.997269693452715,Imja Tsho,5010,1.28,4.5
2024-01-30,1,-16.95,0.0,60.19968308221479,Imja Tsho,5010,1.28,4.5
2024-01-31,1,-17.9,0.0,56.917024220036026,Imja Tsho,5010,1.28,4.5
2024-02-01,2,-18.25,0.3,87.6528444466217,Imja Tsho,5010,1.28,4.5
2024-02-02,2,-17.5,0.0,52.54828973929253,Imja Tsho,5010,1.28,4.5
2024-02-03,2,-14.75,0.0,46.94798492551819,Imja Tsho,5010,1.28,4.5
2024-02-04,2,-15.2,0.0,55.03182969517663,Imja Tsho,5010,1.28,4.5
2024-02-05,2,-10.0,0.0,53.67172278480239,Imja Tsho,5010,1.28,4.5
2024-02-06,2,-8.6,0.0,46.63488376621441,Imja Tsho,5010,1.28,4.5
2024-02-07,2,-6.4,0.0,57.275200421322815,Imja Tsho,5010,1.28,4.5
2024-02-08,2,-12.05,0.0,61.046521634584266,Imja Tsho,5010,1.28,4.5
2024-02-09,2,-17.6,0.0,47.632672723706875,Imja Tsho,5010,1.28,4.5
2024-02-10,2,-16.6,0.4,79.32193603771802,Imja Tsho,5010,1.28,4.5
2024-02-11,2,-19.35,0.0,40.54414212862095,Imja Tsho,5010,1.28,4.5
2024-02-12,2,-17.95,0.0,48.0902706588481,Imja Tsho,5010,1.28,4.5
2024-02-13,2,-17.5,0.2,87.48929583418735,Imja Tsho,5010,1.28,4.5
2024-02-14,2,-15.4,0.0,40.68582121946604,Imja Tsho,5010,1.28,4.5
2024-02-15,2,-17.85,0.0,61.72102852542855,Imja Tsho,5010,1.28,4.5
2024-02-16,2,-18.0,0.0,55.669108693469624,Imja Tsho,5010,1.28,4.5
2024-02-17,2,-18.25,0.0,48.43518568955722,Imja Tsho,5010,1.28,4.5
2024-02-18,2,-16.65,0.0,62.97237122312524,Imja Tsho,5010,1.28,4.5
2024-02-19,2,-13.05,0.0,68.96194405988727,Imja Tsho,5010,1.28,4.5
2024-02-20,2,-7.8500000000000005,0.0,40.866131355856176,Imja Tsho,5010,1.28,4.5
2024-02-21,2,-9.55,0.0,46.72650428497017,Imja Tsho,5010,1.28,4.5
2024-02-22,2,-12.4,0.0,53.09964432158825,Imja Tsho,5010,1.28,4.5
2024-02-23,2,-22.799999999999997,0.1,78.37974609076731,Imja Tsho,5010,1.28,4.5
2024-02-24,2,-23.0,0.0,60.13560349810111,Imja Tsho,5010,1.28,4.5
2024-02-25,2,-14.05,0.0,43.8562754761314,Imja Tsho,5010,1.28,4.5
2024-02-26,2,-15.75,0.0,62.25058166702483,Imja Tsho,5010,1.28,4.5
2024-02-27,2,-16.2,0.0,49.045864486531705,Imja Tsho,5010,1.28,4.5
2024-02-28,2,-17.35,0.0,45.32825934445773,Imja Tsho,5010,1.28,4.5
2024-02-29,2,-15.1,0.0,45.05073348672647,Imja Tsho,5010,1.28,4.5
2024-03-01,3,-16.45,0.0,40.54978146677755,Imja Tsho,5010,1.28,4.5
2024-03-02,3,-15.649999999999999,0.0,45.94290303756739,Imja Tsho,5010,1.28,4.5
2024-03-03,3,-12.3,0.1,82.47427525862521,Imja Tsho,5010,1.28,4.5
2024-03-04,3,-11.6,0.0,43.23254082097795,Imja Tsho,5010,1.28,4.5
2024-03-05,3,-10.9,0.0,51.8408552900736,Imja Tsho,5010,1.28,4.5
2024-03-06,3,-9.7,0.0,68.05443975474323,Imja Tsho,5010,1.28,4.5
2024-03-07,3,-15.7,0.0,48.779089944335794,Imja Tsho,5010,1.28,4.5
2024-03-08,3,-17.5,0.0,51.5240052734254,Imja Tsho,5010,1.28,4.5
2024-03-09,3,-15.95,0.0,59.23904660578793,Imja Tsho,5010,1.28,4.5
2024-03-10,3,-14.95,0.0,47.15575836369367,Imja Tsho,5010,1.28,4.5
2024-03-11,3,-10.4,0.0,45.178097498909665,Imja Tsho,5010,1.28,4.5
2024-03-12,3,-9.05,0.0,51.855439070774565,Imja Tsho,5010,1.28,4.5
2024-03-13,3,-11.1,0.0,59.55888593394498,Imja Tsho,5010,1.28,4.5
2024-03-14,3,-13.45,0.0,53.46052588272386,Imja Tsho,5010,1.28,4.5
2024-03-15,3,-13.100000000000001,0.1,80.68613709663592,Imja Tsho,5010,1.28,4.5
2024-03-16,3,-18.15,0.0,59.07452059789337,Imja Tsho,5010,1.28,4.5
2024-03-17,3,-17.15,0.0,60.2122485734435,Imja Tsho,5010,1.28,4.5
2024-03-18,3,-15.25,0.0,46.582954828656966,Imja Tsho,5010,1.28,4.5
2024-03-19,3,-17.95,0.0,64.60968047505594,Imja Tsho,5010,1.28,4.5
2024-03-20,3,-13.55,0.0,67.08424893671857,Imja Tsho,5010,1.28,4.5
2024-03-21,3,-11.2,0.0,49.659161517507336,Imja Tsho,5010,1.28,4.5
2024-03-22,3,-8.45,0.0,40.735950098979316,Imja Tsho,5010,1.28,4.5
2024-03-23,3,-14.05,0.0,54.913720892369284,Imja Tsho,5010,1.28,4.5
2024-03-24,3,-14.05,0.0,61.11216679989082,Imja Tsho,5010,1.28,4.5
2024-03-25,3,-12.25,0.1,76.12005327500786,Imja Tsho,5010,1.28,4.5
2024-03-26,3,-13.4,0.0,43.74589999710713,Imja Tsho,5010,1.28,4.5
2024-03-27,3,-12.5,0.0,68.34491302827963,Imja Tsho,5010,1.28,4.5
2024-03-28,3,-11.25,0.0,50.06922147365675,Imja Tsho,5010,1.28,4.5
2024-03-29,3,-8.95,0.0,56.45121908775391,Imja Tsho,5010,1.28,4.5
2024-03-30,3,-10.1,0.0,59.60693849643429,Imja Tsho,5010,1.28,4.5
2024-03-31,3,-11.549999999999999,0.0,52.15255255634595,Imja Tsho,5010,1.28,4.5
2024-04-01,4,-14.149999999999999,0.0,57.608278046059766,Imja Tsho,5010,1.28,4.5
2024-04-02,4,-10.55,0.0,69.6728299840817,Imja Tsho,5010,1.28,4.5
2024-04-03,4,-10.5,0.0,68.98344091428403,Imja Tsho,5010,1.28,4.5
2024-04-04,4,-10.3,0.0,45.588711893866105,Imja Tsho,5010,1.28,4.5
2024-04-05,4,-9.9,0.0,60.35286364216185,Imja Tsho,5010,1.28,4.5
2024-04-06,4,-8.75,0.1,94.65986624720148,Imja Tsho,5010,1.28,4.5
2024-04-07,4,-13.5,0.0,66.71524768143976,Imja Tsho,5010,1.28,4.5
2024-04-08,4,-15.5,0.0,54.134333217322315,Imja Tsho,5010,1.28,4.5
2024-04-09,4,-13.1,0.0,45.37628472993862,Imja Tsho,5010,1.28,4.5
2024-04-10,4,-13.8,0.0,46.05822005209204,Imja Tsho,5010,1.28,4.5
2024-04-11,4,-14.549999999999999,0.0,45.02355703208383,Imja Tsho,5010,1.28,4.5
2024-04-12,4,-11.7,0.0,62.85833158739206,Imja Tsho,5010,1.28,4.5
2024-04-13,4,-10.8,0.0,44.066601258247786,Imja Tsho,5010,1.28,4.5
2024-04-14,4,-10.850000000000001,0.0,69.84218729634904,Imja Tsho,5010,1.28,4.5
2024-04-15,4,-8.25,0.0,49.206780394749444,Imja Tsho,5010,1.28,4.5
2024-04-16,4,-4.0,0.0,53.02453377532835,Imja Tsho,5010,1.28,4.5
2024-04-17,4,-6.2,0.0,64.67240961565639,Imja Tsho,5010,1.28,4.5
2024-04-18,4,-4.6499999999999995,0.0,53.026303485608324,Imja Tsho,5010,1.28,4.5
2024-04-19,4,-5.199999999999999,0.0,51.803143517685754,Imja Tsho,5010,1.28,4.5
2024-04-20,4,-7.0,0.0,63.0900091457201,Imja Tsho,5010,1.28,4.5
2024-04-21,4,-5.7,0.0,67.22688797957528,Imja Tsho,5010,1.28,4.5
2024-04-22,4,-6.199999999999999,0.0,54.829887595609016,Imja Tsho,5010,1.28,4.5
2024-04-23,4,-10.4,0.1,82.36675023088874,Imja Tsho,5010,1.28,4.5
2024-04-24,4,-12.149999999999999,0.3,77.5688385096191,Imja Tsho,5010,1.28,4.5
2024-04-25,4,-10.35,0.0,54.94613735549125,Imja Tsho,5010,1.28,4.5
2024-04-26,4,-6.95,0.0,57.185782506959804,Imja Tsho,5010,1.28,4.5
2024-04-27,4,-6.85,0.1,83.21133293873297,Imja Tsho,5010,1.28,4.5
2024-04-28,4,-7.65,0.0,56.4801390255342,Imja Tsho,5010,1.28,4.5
2024-04-29,4,-5.3,0.0,62.94783746074019,Imja Tsho,5010,1.28,4.5
2024-04-30,4,-5.25,0.0,55.787230771952935,Imja Tsho,5010,1.28,4.5
2024-05-01,5,-7.15,0.1,80.03786864255679,Imja Tsho,5010,1.28,4.5
2024-05-02,5,-11.45,0.0,60.968466096634074,Imja Tsho,5010,1.28,4.5
2024-05-03,5,-8.15,0.0,54.97009995052127,Imja Tsho,5010,1.28,4.5
2024-05-04,5,-4.1000000000000005,0.0,57.494500159776855,Imja Tsho,5010,1.28,4.5
2024-05-05,5,-5.949999999999999,0.0,54.99108554173929,Imja Tsho,5010,1.28,4.5
2024-05-06,5,-5.0,0.0,40.462405396060355,Imja Tsho,5010,1.28,4.5
2024-05-07,5,-5.300000000000001,0.0,66.05524560846708,Imja Tsho,5010,1.28,4.5
2024-05-08,5,-5.0,0.1,81.75408489568301,Imja Tsho,5010,1.28,4.5
2024-05-09,5,-5.449999999999999,0.0,41.379491306375186,Imja Tsho,5010,1.28,4.5
2024-05-10,5,-4.1,0.0,67.95742686040927,Imja Tsho,5010,1.28,4.5
2024-05-11,5,-4.25,0.0,57.09103643144701,Imja Tsho,5010,1.28,4.5
2024-05-12,5,-2.65,0.0,56.87195131139382,Imja Tsho,5010,1.28,4.5
2024-05-13,5,-2.1,0.0,68.90848232760902,Imja Tsho,5010,1.28,4.5
2024-05-14,5,-2.25,0.0,69.13523895619493,Imja Tsho,5010,1.28,4.5
2024-05-15,5,-2.4,0.0,66.34722019148842,Imja Tsho,5010,1.28,4.5
2024-05-16,5,-2.5,0.0,44.18918667255665,Imja Tsho,5010,1.28,4.5
2024-05-17,5,-1.0499999999999998,0.0,59.63939807084394,Imja Tsho,5010,1.28,4.5
2024-05-18,5,-0.55,0.0,60.69776353410663,Imja Tsho,5010,1.28,4.5
2024-05-19,5,-2.6999999999999997,0.1,84.66285699442327,Imja Tsho,5010,1.28,4.5
2024-05-20,5,-2.6,0.1,88.70804893716043,Imja Tsho,5010,1.28,4.5
2024-05-21,5,-2.45,0.1,82.87208410535459,Imja Tsho,5010,1.28,4.5
2024-05-22,5,-2.35,0.3,89.81906060081127,Imja Tsho,5010,1.28,4.5
2024-05-23,5,-1.3499999999999999,0.5,82.87525230571939,Imja Tsho,5010,1.28,4.5
2024-05-24,5,-0.34999999999999987,0.0,57.38713876277178,Imja Tsho,5010,1.28,4.5
2024-05-25,5,0.6499999999999999,0.9,83.31492052541171,Imja Tsho,5010,1.28,4.5
2024-05-26,5,1.8,1.5,88.79315402228058,Imja Tsho,5010,1.28,4.5
2024-05-27,5,2.05,1.3,93.53373302476732,Imja Tsho,5010,1.28,4.5
2024-05-28,5,1.7999999999999998,2.4,87.96586790695278,Imja Tsho,5010,1.28,4.5
2024-05-29,5,0.7,0.0,47.544276552907384,Imja Tsho,5010,1.28,4.5
2024-05-30,5,0.8999999999999999,0.1,94.87523158159601,Imja Tsho,5010,1.28,4.5
2024-05-31,5,1.7499999999999998,0.0,69.8379647648752,Imja Tsho,5010,1.28,4.5
2024-06-01,6,-0.8500000000000001,0.1,79.10868775464698,Imja Tsho,5010,1.28,4.5
2024-06-02,6,0.40000000000000013,0.1,86.04257875700543,Imja Tsho,5010,1.28,4.5
2024-06-03,6,0.1499999999999999,0.0,65.00650792935738,Imja Tsho,5010,1.28,4.5
2024-06-04,6,-0.34999999999999987,0.0,58.72283341757012,Imja Tsho,5010,1.28,4.5
2024-06-05,6,-0.15000000000000013,0.0,62.59586083346964,Imja Tsho,5010,1.28,4.5
2024-06-06,6,1.1500000000000001,0.0,41.8691565744441,Imja Tsho,5010,1.28,4.5
2024-06-07,6,1.1,0.0,40.01895704780482,Imja Tsho,5010,1.28,4.5
2024-06-08,6,0.30000000000000027,0.0,59.2975147123703,Imja Tsho,5010,1.28,4.5
2024-06-09,6,2.95,0.1,80.13745538637417,Imja Tsho,5010,1.28,4.5
2024-06-10,6,3.0,0.1,87.58486863373626,Imja Tsho,5010,1.28,4.5
2024-06-11,6,3.4499999999999997,0.4,93.95310512602317,Imja Tsho,5010,1.28,4.5
2024-06-12,6,2.25,0.0,48.73063533083224,Imja Tsho,5010,1.28,4.5
2024-06-13,6,3.1,0.2,75.87307860657424,Imja Tsho,5010,1.28,4.5
2024-06-14,6,3.45,0.5,94.36722885347254,Imja Tsho,5010,1.28,4.5
2024-06-15,6,3.75,0.2,77.35676967056199,Imja Tsho,5010,1.28,4.5
2024-06-16,6,3.6,0.5,75.15389921336934,Imja Tsho,5010,1.28,4.5
2024-06-17,6,3.6,1.0,87.42687616958005,Imja Tsho,5010,1.28,4.5
2024-06-18,6,3.85,0.9,86.89995141960846,Imja Tsho,5010,1.28,4.5
2024-06-19,6,2.25,0.6,91.33100488469606,Imja Tsho,5010,1.28,4.5
2024-06-20,6,2.4499999999999997,0.5,86.88752610204457,Imja Tsho,5010,1.28,4.5
2024-06-21,6,1.7499999999999998,2.6,82.80665400392698,Imja Tsho,5010,1.28,4.5
2024-06-22,6,1.85,2.5,82.19125019945926,Imja Tsho,5010,1.28,4.5
2024-06-23,6,1.9500000000000002,0.6,89.2896487258594,Imja Tsho,5010,1.28,4.5
2024-06-24,6,3.45,1.2,93.9972451562481,Imja Tsho,5010,1.28,4.5
2024-06-25,6,3.45,1.3,75.81970517080687,Imja Tsho,5010,1.28,4.5
2024-06-26,6,1.65,4.7,84.44053465880467,Imja Tsho,5010,1.28,4.5
2024-06-27,6,1.75,1.8,82.10505915757933,Imja Tsho,5010,1.28,4.5
2024-06-28,6,2.55,1.9,94.13823859214938,Imja Tsho,5010,1.28,4.5
2024-06-29,6,3.5,3.5,90.73695455682459,Imja Tsho,5010,1.28,4.5
2024-06-30,6,2.95,3.2,82.70120163320233,Imja Tsho,5010,1.28,4.5
2024-07-01,7,3.55,4.8,89.55848972867722,Imja Tsho,5010,1.28,4.5
2024-07-02,7,3.55,7.6,82.79889458787221,Imja Tsho,5010,1.28,4.5
2024-07-03,7,3.1500000000000004,8.7,85.4768413698096,Imja Tsho,5010,1.28,4.5
2024-07-04,7,3.55,9.5,94.12351818878773,Imja Tsho,5010,1.28,4.5
2024-07-05,7,2.35,8.9,83.69322083579046,Imja Tsho,5010,1.28,4.5
2024-07-06,7,0.49999999999999994,2.0,89.31651301442449,Imja Tsho,5010,1.28,4.5
2024-07-07,7,0.9,0.5,91.6553544589519,Imja Tsho,5010,1.28,4.5
2024-07-08,7,0.25,0.3,79.98543571211144,Imja Tsho,5010,1.28,4.5
2024-07-09,7,1.85,0.4,89.32073503386097,Imja Tsho,5010,1.28,4.5
2024-07-10,7,1.0,2.6,89.4931565783042,Imja Tsho,5010,1.28,4.5
2024-07-11,7,2.5,7.3,94.0502284110238,Imja Tsho,5010,1.28,4.5
2024-07-12,7,1.4500000000000002,5.9,92.10047427349761,Imja Tsho,5010,1.28,4.5
2024-07-13,7,2.0999999999999996,0.5,82.81743539559331,Imja Tsho,5010,1.28,4.5
2024-07-14,7,2.55,2.2,84.35167082618682,Imja Tsho,5010,1.28,4.5
2024-07-15,7,3.6999999999999997,1.8,86.17392639103642,Imja Tsho,5010,1.28,4.5
2024-07-16,7,3.05,4.5,81.29228612572665,Imja Tsho,5010,1.28,4.5
2024-07-17,7,3.3,7.2,88.05868318430352,Imja Tsho,5010,1.28,4.5
2024-07-18,7,4.4,4.6,93.7965422799457,Imja Tsho,5010,1.28,4.5
2024-07-19,7,3.6500000000000004,3.5,84.98329193802269,Imja Tsho,5010,1.28,4.5
2024-07-20,7,4.5,5.4,78.69303086617903,Imja Tsho,5010,1.28,4.5
2024-07-21,7,3.3499999999999996,10.8,80.85400196554235,Imja Tsho,5010,1.28,4.5
2024-07-22,7,3.2,9.9,81.73225323789198,Imja Tsho,5010,1.28,4.5
2024-07-23,7,2.6999999999999997,4.4,94.84056819951854,Imja Tsho,5010,1.28,4.5
2024-07-24,7,3.75,9.6,80.74792177911957,Imja Tsho,5010,1.28,4.5
2024-07-25,7,4.35,8.9,87.94111903349611,Imja Tsho,5010,1.28,4.5
2024-07-26,7,3.9,7.3,82.00381893684894,Imja Tsho,5010,1.28,4.5
2024-07-27,7,4.1,3.6,89.82708564484389,Imja Tsho,5010,1.28,4.5
2024-07-28,7,4.7,4.9,85.48657689191157,Imja Tsho,5010,1.28,4.5
2024-07-29,7,5.1,2.1,77.96588607690084,Imja Tsho,5010,1.28,4.5
2024-07-30,7,3.4499999999999997,1.7,82.02882054800455,Imja Tsho,5010,1.28,4.5
2024-07-31,7,2.9499999999999997,2.8,90.27368443823308,Imja Tsho,5010,1.28,4.5
2024-08-01,8,2.1500000000000004,5.8,87.53224868392735,Imja Tsho,5010,1.28,4.5
2024-08-02,8,2.05,5.6,80.9431854423317,Imja Tsho,5010,1.28,4.5
2024-08-03,8,2.85,4.7,80.64104794065469,Imja Tsho,5010,1.28,4.5
2024-08-04,8,2.75,4.9,79.60021531398218,Imja Tsho,5010,1.28,4.5
2024-08-05,8,1.45,2.6,89.23914165297944,Imja Tsho,5010,1.28,4.5
2024-08-06,8,1.35,3.5,75.71859427382164,Imja Tsho,5010,1.28,4.5
2024-08-07,8,1.5,5.3,88.59601961271957,Imja Tsho,5010,1.28,4.5
2024-08-08,8,2.25,8.4,82.19493672355173,Imja Tsho,5010,1.28,4.5
2024-08-09,8,2.25,4.7,94.92575520538186,Imja Tsho,5010,1.28,4.5
2024-08-10,8,2.45,6.4,93.61928440892667,Imja Tsho,5010,1.28,4.5
2024-08-11,8,0.6,3.9,75.94759292784197,Imja Tsho,5010,1.28,4.5
2024-08-12,8,0.7,6.2,92.36047851204131,Imja Tsho,5010,1.28,4.5
2024-08-13,8,1.7500000000000002,5.4,92.38247940178823,Imja Tsho,5010,1.28,4.5
2024-08-14,8,1.3,2.3,82.31582200169093,Imja Tsho,5010,1.28,4.5
2024-08-15,8,2.7,1.3,86.62087441003956,Imja Tsho,5010,1.28,4.5
2024-08-16,8,2.4000000000000004,1.2,81.76333624008893,Imja Tsho,5010,1.28,4.5
2024-08-17,8,1.95,0.6,92.90663080423798,Imja Tsho,5010,1.28,4.5
2024-08-18,8,1.9500000000000002,0.9,76.83678469388178,Imja Tsho,5010,1.28,4.5
2024-08-19,8,1.4,2.1,78.18536911474537,Imja Tsho,5010,1.28,4.5
2024-08-20,8,0.8,1.2,87.35862856535255,Imja Tsho,5010,1.28,4.5
2024-08-21,8,0.8500000000000001,6.2,77.26264789556075,Imja Tsho,5010,1.28,4.5
2024-08-22,8,1.85,6.5,91.97461327788216,Imja Tsho,5010,1.28,4.5
2024-08-23,8,1.7000000000000002,0.9,88.33374868195644,Imja Tsho,5010,1.28,4.5
2024-08-24,8,1.4999999999999998,0.6,84.00673030715325,Imja Tsho,5010,1.28,4.5
2024-08-25,8,1.7999999999999998,2.2,93.29870215014715,Imja Tsho,5010,1.28,4.5
2024-08-26,8,-0.2500000000000002,0.3,79.82915455207606,Imja Tsho,5010,1.28,4.5
2024-08-27,8,1.5,0.8,88.79270694318753,Imja Tsho,5010,1.28,4.5
2024-08-28,8,0.8500000000000001,2.1,86.87458893518848,Imja Tsho,5010,1.28,4.5
2024-08-29,8,0.8999999999999999,1.3,75.58867963375056,Imja Tsho,5010,1.28,4.5
2024-08-30,8,-0.1499999999999999,0.4,86.32832014754271,Imja Tsho,5010,1.28,4.5
2024-08-31,8,0.7999999999999998,0.5,92.74089269219293,Imja Tsho,5010,1.28,4.5
2024-09-01,9,1.7,3.8,92.39643308576146,Imja Tsho,5010,1.28,4.5
2024-09-02,9,1.4,3.4,75.46852036565079,Imja Tsho,5010,1.28,4.5
2024-09-03,9,0.9499999999999997,1.3,76.66802407311127,Imja Tsho,5010,1.28,4.5
2024-09-04,9,2.25,2.6,85.72344485662468,Imja Tsho,5010,1.28,4.5
2024-09-05,9,1.5,2.3,91.89420711804854,Imja Tsho,5010,1.28,4.5
2024-09-06,9,2.1500000000000004,3.0,76.39111795844455,Imja Tsho,5010,1.28,4.5
2024-09-07,9,1.7,2.7,75.09095803764279,Imja Tsho,5010,1.28,4.5
2024-09-08,9,0.3500000000000001,0.9,81.42052528662379,Imja Tsho,5010,1.28,4.5
2024-09-09,9,0.7000000000000002,1.0,78.5496617992015,Imja Tsho,5010,1.28,4.5
2024-09-10,9,1.15,0.8,83.6346724096333,Imja Tsho,5010,1.28,4.5
2024-09-11,9,0.8500000000000001,0.7,78.98927816730402,Imja Tsho,5010,1.28,4.5
2024-09-12,9,-0.8,0.9,85.49526479071244,Imja Tsho,5010,1.28,4.5
2024-09-13,9,0.5499999999999998,0.8,76.26690428576713,Imja Tsho,5010,1.28,4.5
2024-09-14,9,-0.050000000000000044,0.9,91.29280098908006,Imja Tsho,5010,1.28,4.5
2024-09-15,9,0.0,1.3,81.41140802932848,Imja Tsho,5010,1.28,4.5
2024-09-16,9,-0.09999999999999998,0.2,80.48696132417955,Imja Tsho,5010,1.28,4.5
2024-09-17,9,-0.1499999999999999,0.0,67.77102420610551,Imja Tsho,5010,1.28,4.5
2024-09-18,9,-0.1499999999999999,0.2,79.40368490388865,Imja Tsho,5010,1.28,4.5
2024-09-19,9,-0.5499999999999998,0.5,92.0394468247253,Imja Tsho,5010,1.28,4.5
2024-09-20,9,0.8500000000000001,2.7,77.93898543921367,Imja Tsho,5010,1.28,4.5
2024-09-21,9,-0.050000000000000044,0.0,58.18877008749101,Imja Tsho,5010,1.28,4.5
2024-09-22,9,-0.3500000000000001,0.2,85.739011023823,Imja Tsho,5010,1.28,4.5
2024-09-23,9,-0.9000000000000001,1.1,86.93708061402805,Imja Tsho,5010,1.28,4.5
2024-09-24,9,0.050000000000000044,1.3,75.6720373572344,Imja Tsho,5010,1.28,4.5
2024-09-25,9,-0.24999999999999997,0.5,75.9588179749853,Imja Tsho,5010,1.28,4.5
2024-09-26,9,-0.5499999999999999,0.1,77.21722608656724,Imja Tsho,5010,1.28,4.5
2024-09-27,9,-1.5,0.4,80.08799091241431,Imja Tsho,5010,1.28,4.5
2024-09-28,9,-1.25,0.3,82.70054239406446,Imja Tsho,5010,1.28,4.5
2024-09-29,9,-1.8499999999999999,0.0,65.59997909512163,Imja Tsho,5010,1.28,4.5
2024-09-30,9,-1.0499999999999998,0.0,61.99345357265702,Imja Tsho,5010,1.28,4.5
2024-10-01,10,-0.8,0.0,55.20933291870062,Imja Tsho,5010,1.28,4.5
2024-10-02,10,-0.85,0.0,63.66104227092117,Imja Tsho,5010,1.28,4.5
2024-10-03,10,-4.85,0.0,40.57707504901306,Imja Tsho,5010,1.28,4.5
2024-10-04,10,-2.5,0.0,47.702105875254695,Imja Tsho,5010,1.28,4.5
2024-10-05,10,-4.25,0.0,52.714806612053486,Imja Tsho,5010,1.28,4.5
2024-10-06,10,-4.5,0.0,42.03135764986438,Imja Tsho,5010,1.28,4.5
2024-10-07,10,-3.4499999999999997,0.0,48.83523199600744,Imja Tsho,5010,1.28,4.5
2024-10-08,10,-4.800000000000001,0.0,40.74094559006529,Imja Tsho,5010,1.28,4.5
2024-10-09,10,-3.0,0.0,64.71412724158101,Imja Tsho,5010,1.28,4.5
2024-10-10,10,-2.15,0.1,78.04782820406724,Imja Tsho,5010,1.28,4.5
2024-10-11,10,-4.35,0.0,59.82524024918908,Imja Tsho,5010,1.28,4.5
2024-10-12,10,-5.0,0.0,64.81799576647263,Imja Tsho,5010,1.28,4.5
2024-10-13,10,-4.75,0.0,69.14414330331672,Imja Tsho,5010,1.28,4.5
2024-10-14,10,-3.7,0.0,48.579979452083705,Imja Tsho,5010,1.28,4.5
2024-10-15,10,-5.6,0.0,57.42917685504406,Imja Tsho,5010,1.28,4.5
2024-10-16,10,-5.050000000000001,0.0,58.96357647858387,Imja Tsho,5010,1.28,4.5
2024-10-17,10,-4.75,0.0,52.37095849654213,Imja Tsho,5010,1.28,4.5
2024-10-18,10,-5.4,0.0,54.611017505673416,Imja Tsho,5010,1.28,4.5
2024-10-19,10,-5.85,0.0,48.28438469376293,Imja Tsho,5010,1.28,4.5
2024-10-20,10,-5.75,0.0,53.78061396227383,Imja Tsho,5010,1.28,4.5
2024-10-21,10,-5.4,0.0,45.27865207019624,Imja Tsho,5010,1.28,4.5
2024-10-22,10,-6.85,0.0,44.358738830826454,Imja Tsho,5010,1.28,4.5
2024-10-23,10,-7.25,0.2,88.74103195037009,Imja Tsho,5010,1.28,4.5
2024-10-24,10,-5.1000000000000005,0.0,43.940429647190115,Imja Tsho,5010,1.28,4.5
2024-10-25,10,-4.55,0.0,51.83422909891797,Imja Tsho,5010,1.28,4.5
2024-10-26,10,-3.5,0.0,59.6452686558226,Imja Tsho,5010,1.28,4.5
2024-10-27,10,-3.6500000000000004,0.0,59.153889547588804,Imja Tsho,5010,1.28,4.5
2024-10-28,10,-2.45,0.0,52.56429842314874,Imja Tsho,5010,1.28,4.5
2024-10-29,10,-1.2999999999999998,0.0,59.284464049949406,Imja Tsho,5010,1.28,4.5
2024-10-30,10,-1.9,0.0,47.4807585236861,Imja Tsho,5010,1.28,4.5
2024-10-31,10,-1.0,0.0,53.216304440281824,Imja Tsho,5010,1.28,4.5
2024-11-01,11,-2.6999999999999997,0.0,51.23970265774949,Imja Tsho,5010,1.28,4.5
2024-11-02,11,-3.35,0.0,48.281694039365924,Imja Tsho,5010,1.28,4.5
2024-11-03,11,-3.9,0.0,41.80565106324784,Imja Tsho,5010,1.28,4.5
2024-11-04,11,-6.6,0.1,87.52877088332394,Imja Tsho,5010,1.28,4.5
2024-11-05,11,-8.9,0.0,54.981831444242474,Imja Tsho,5010,1.28,4.5
2024-11-06,11,-6.0,0.0,47.12111409998149,Imja Tsho,5010,1.28,4.5
2024-11-07,11,-6.550000000000001,0.0,60.713677695772816,Imja Tsho,5010,1.28,4.5
2024-11-08,11,-4.65,0.0,62.2748830272141,Imja Tsho,5010,1.28,4.5
2024-11-09,11,-3.7,0.0,66.15193681854663,Imja Tsho,5010,1.28,4.5
2024-11-10,11,-5.45,0.0,59.3893819841187,Imja Tsho,5010,1.28,4.5
2024-11-11,11,-6.3,0.0,53.425282827238206,Imja Tsho,5010,1.28,4.5
2024-11-12,11,-7.0,0.0,58.87476407202465,Imja Tsho,5010,1.28,4.5
2024-11-13,11,-6.8,0.0,41.691100950271945,Imja Tsho,5010,1.28,4.5
2024-11-14,11,-4.65,0.0,49.21042689230096,Imja Tsho,5010,1.28,4.5
2024-11-15,11,-3.4,0.0,40.15705263281721,Imja Tsho,5010,1.28,4.5
2024-11-16,11,-4.8,0.0,69.13114327171583,Imja Tsho,5010,1.28,4.5
2024-11-17,11,-8.75,0.0,54.84952327967266,Imja Tsho,5010,1.28,4.5
2024-11-18,11,-5.7,0.0,44.20328651353725,Imja Tsho,5010,1.28,4.5
2024-11-19,11,-7.8999999999999995,0.0,52.05594200239287,Imja Tsho,5010,1.28,4.5
2024-11-20,11,-10.2,0.0,42.948743679636955,Imja Tsho,5010,1.28,4.5
2024-11-21,11,-10.0,0.0,51.7237398822323,Imja Tsho,5010,1.28,4.5
2024-11-22,11,-10.15,0.0,41.39210350286397,Imja Tsho,5010,1.28,4.5
2024-11-23,11,-7.2,0.0,46.40761137239472,Imja Tsho,5010,1.28,4.5
2024-11-24,11,-5.0,0.0,50.36162981006693,Imja Tsho,5010,1.28,4.5
2024-11-25,11,-4.95,0.0,54.35197892661252,Imja Tsho,5010,1.28,4.5
2024-11-26,11,-9.0,0.0,58.062793208212554,Imja Tsho,5010,1.28,4.5
2024-11-27,11,-9.05,0.0,47.15747355355816,Imja Tsho,5010,1.28,4.5
2024-11-28,11,-11.8,0.0,59.7292103243392,Imja Tsho,5010,1.28,4.5
2024-11-29,11,-11.05,0.0,58.46289342559452,Imja Tsho,5010,1.28,4.5
2024-11-30,11,-8.2,0.0,53.18202879067506,Imja Tsho,5010,1.28,4.5
2024-12-01,12,-7.5,0.0,62.31169640944201,Imja Tsho,5010,1.28,4.5
2024-12-02,12,-6.45,0.0,49.1670307760595,Imja Tsho,5010,1.28,4.5
2024-12-03,12,-4.55,0.0,45.12381846957266,Imja Tsho,5010,1.28,4.5
2024-12-04,12,-6.1499999999999995,0.0,54.56715726842182,Imja Tsho,5010,1.28,4.5
2024-12-05,12,-3.0,0.0,44.01290995431872,Imja Tsho,5010,1.28,4.5
2024-12-06,12,-1.1500000000000001,0.0,51.906569710981316,Imja Tsho,5010,1.28,4.5
2024-12-07,12,-3.75,0.0,56.264569127397486,Imja Tsho,5010,1.28,4.5
2024-12-08,12,-7.65,0.0,54.46451663242996,Imja Tsho,5010,1.28,4.5
2024-12-09,12,-7.95,0.0,42.688234871344434,Imja Tsho,5010,1.28,4.5
2024-12-10,12,-5.85,0.0,61.5275875322862,Imja Tsho,5010,1.28,4.5
2024-12-11,12,-5.5,0.0,51.13926755253853,Imja Tsho,5010,1.28,4.5
2024-12-12,12,-3.15,0.0,66.79168402836387,Imja Tsho,5010,1.28,4.5
2024-12-13,12,-4.05,0.0,60.11862493481967,Imja Tsho,5010,1.28,4.5
2024-12-14,12,-9.65,0.0,46.689942500392114,Imja Tsho,5010,1.28,4.5
2024-12-15,12,-9.55,0.0,57.93553660523341,Imja Tsho,5010,1.28,4.5
2024-12-16,12,-5.95,0.0,53.23390540355635,Imja Tsho,5010,1.28,4.5
2024-12-17,12,-5.3999999999999995,0.0,65.55224853391044,Imja Tsho,5010,1.28,4.5
2024-12-18,12,-6.3,0.0,56.23410326398567,Imja Tsho,5010,1.28,4.5
2024-12-19,12,-9.100000000000001,0.0,65.27726873004471,Imja Tsho,5010,1.28,4.5
2024-12-20,12,-9.2,0.0,62.11281853828385,Imja Tsho,5010,1.28,4.5
2024-12-21,12,-15.95,0.1,76.09422055942068,Imja Tsho,5010,1.28,4.5
2024-12-22,12,-13.850000000000001,0.0,63.93758560724148,Imja Tsho,5010,1.28,4.5
2024-12-23,12,-9.3,0.0,55.88678525579948,Imja Tsho,5010,1.28,4.5
2024-12-24,12,-10.7,0.0,46.610576070608296,Imja Tsho,5010,1.28,4.5
2024-12-25,12,-11.850000000000001,0.0,51.3307034096765,Imja Tsho,5010,1.28,4.5
2024-12-26,12,-11.65,0.0,46.412855262560825,Imja Tsho,5010,1.28,4.5
2024-12-27,12,-10.85,0.0,43.16257569390767,Imja Tsho,5010,1.28,4.5
2024-12-28,12,-11.7,0.0,62.326234555203115,Imja Tsho,5010,1.28,4.5
2024-12-29,12,-18.65,0.2,94.25212779856943,Imja Tsho,5010,1.28,4.5
2024-12-30,12,-20.55,0.0,62.03156782027937,Imja Tsho,5010,1.28,4.5
2024-12-31,12,-19.5,0.0,65.47791511927478,Imja Tsho,5010,1.28,4.5
2025-01-01,1,-17.25,0.0,58.406243551003286,Imja Tsho,5010,1.28,4.5
2025-01-02,1,-13.75,0.0,66.52598525259403,Imja Tsho,5010,1.28,4.5
2025-01-03,1,-15.3,0.0,44.304920575075464,Imja Tsho,5010,1.28,4.5
2025-01-04,1,-15.65,0.0,45.577354316019765,Imja Tsho,5010,1.28,4.5
2025-01-05,1,-13.75,0.0,53.4791397299773,Imja Tsho,5010,1.28,4.5
2025-01-06,1,-14.799999999999999,0.0,60.89242293868496,Imja Tsho,5010,1.28,4.5
2025-01-07,1,-20.9,0.0,42.72789848680838,Imja Tsho,5010,1.28,4.5
2025-01-08,1,-18.9,0.0,55.89293560835914,Imja Tsho,5010,1.28,4.5
2025-01-09,1,-13.5,0.0,43.948620169899456,Imja Tsho,5010,1.28,4.5
2025-01-10,1,-12.25,0.0,66.87641522435511,Imja Tsho,5010,1.28,4.5
2025-01-11,1,-13.95,0.0,61.516054736678726,Imja Tsho,5010,1.28,4.5
2025-01-12,1,-18.3,0.0,55.15137883180921,Imja Tsho,5010,1.28,4.5
2025-01-13,1,-20.8,0.0,69.24100634698743,Imja Tsho,5010,1.28,4.5
2025-01-14,1,-12.5,0.0,40.08281781579192,Imja Tsho,5010,1.28,4.5
2025-01-15,1,-8.55,0.0,66.0764405148696,Imja Tsho,5010,1.28,4.5
2025-01-16,1,-11.95,0.0,45.34462327046657,Imja Tsho,5010,1.28,4.5
2025-01-17,1,-13.100000000000001,0.0,50.19901136125612,Imja Tsho,5010,1.28,4.5
2025-01-18,1,-16.3,0.0,69.02607366633677,Imja Tsho,5010,1.28,4.5
2025-01-19,1,-15.0,0.0,43.20574100484414,Imja Tsho,5010,1.28,4.5
2025-01-20,1,-9.9,0.0,56.90853771430688,Imja Tsho,5010,1.28,4.5
2025-01-21,1,-7.1,0.0,46.43417191673782,Imja Tsho,5010,1.28,4.5
2025-01-22,1,-6.25,0.0,49.303342175996896,Imja Tsho,5010,1.28,4.5
2025-01-23,1,-6.199999999999999,0.0,68.05106463440345,Imja Tsho,5010,1.28,4.5
2025-01-24,1,-7.7,0.0,60.8741658526884,Imja Tsho,5010,1.28,4.5
2025-01-25,1,-9.25,0.0,67.1489334402916,Imja Tsho,5010,1.28,4.5
2025-01-26,1,-9.85,0.0,58.01479588552644,Imja Tsho,5010,1.28,4.5
2025-01-27,1,-10.25,0.0,60.2602369180827,Imja Tsho,5010,1.28,4.5
2025-01-28,1,-9.85,0.0,41.65128303935252,Imja Tsho,5010,1.28,4.5
2025-01-29,1,-9.4,0.0,60.725485628116296,Imja Tsho,5010,1.28,4.5
2025-01-30,1,-3.8,0.0,50.87931051039971,Imja Tsho,5010,1.28,4.5
2025-01-31,1,-5.15,0.0,67.6466510942653,Imja Tsho,5010,1.28,4.5
2025-02-01,2,-5.65,0.0,69.73632509186064,Imja Tsho,5010,1.28,4.5
2025-02-02,2,-5.45,0.0,52.66322818103071,Imja Tsho,5010,1.28,4.5
2025-02-03,2,-6.95,0.0,64.62884887440839,Imja Tsho,5010,1.28,4.5
2025-02-04,2,-5.6499999999999995,0.0,51.044667805623405,Imja Tsho,5010,1.28,4.5
2025-02-05,2,-5.3,0.0,40.00314872615936,Imja Tsho,5010,1.28,4.5
2025-02-06,2,-7.6499999999999995,0.0,49.648399420693835,Imja Tsho,5010,1.28,4.5
2025-02-07,2,-8.6,0.0,64.37749980971829,Imja Tsho,5010,1.28,4.5
2025-02-08,2,-10.5,0.0,65.52073562678711,Imja Tsho,5010,1.28,4.5
2025-02-09,2,-10.45,0.0,55.40941129912172,Imja Tsho,5010,1.28,4.5
2025-02-10,2,-13.5,0.0,61.980120566564565,Imja Tsho,5010,1.28,4.5
2025-02-11,2,-13.8,0.0,58.75052323076722,Imja Tsho,5010,1.28,4.5
2025-02-12,2,-9.7,0.0,68.47226042133354,Imja Tsho,5010,1.28,4.5
2025-02-13,2,-10.05,0.0,68.87596483198219,Imja Tsho,5010,1.28,4.5
2025-02-14,2,-9.799999999999999,0.0,58.41413720395009,Imja Tsho,5010,1.28,4.5
2025-02-15,2,-10.450000000000001,0.0,61.01143406686143,Imja Tsho,5010,1.28,4.5
2025-02-16,2,-14.149999999999999,0.0,51.73902468786177,Imja Tsho,5010,1.28,4.5
2025-02-17,2,-13.15,0.0,51.55155054286024,Imja Tsho,5010,1.28,4.5
2025-02-18,2,-15.6,0.1,75.43470170087275,Imja Tsho,5010,1.28,4.5
2025-02-19,2,-17.700000000000003,0.1,75.7245447958622,Imja Tsho,5010,1.28,4.5
2025-02-20,2,-15.65,0.1,81.32585856792467,Imja Tsho,5010,1.28,4.5
2025-02-21,2,-19.75,0.0,45.25059527480916,Imja Tsho,5010,1.28,4.5
2025-02-22,2,-16.700000000000003,0.0,49.81278520092079,Imja Tsho,5010,1.28,4.5
2025-02-23,2,-17.75,0.0,61.403805217230826,Imja Tsho,5010,1.28,4.5
2025-02-24,2,-19.9,0.0,45.10553020974068,Imja Tsho,5010,1.28,4.5
2025-02-25,2,-18.8,0.0,61.43345488440018,Imja Tsho,5010,1.28,4.5
2025-02-26,2,-14.350000000000001,0.0,51.15311185327064,Imja Tsho,5010,1.28,4.5
2025-02-27,2,-12.950000000000001,0.0,46.8870416853263,Imja Tsho,5010,1.28,4.5
2025-02-28,2,-11.95,0.1,89.3193847315109,Imja Tsho,5010,1.28,4.5
2025-03-01,3,-13.25,0.0,44.11368596831522,Imja Tsho,5010,1.28,4.5
2025-03-02,3,-11.6,0.0,45.8442403478699,Imja Tsho,5010,1.28,4.5
2025-03-03,3,-10.8,0.0,59.605281255557486,Imja Tsho,5010,1.28,4.5
2025-03-04,3,-7.4,0.0,62.526738776049854,Imja Tsho,5010,1.28,4.5
2025-03-05,3,-13.9,0.0,56.58238968278833,Imja Tsho,5010,1.28,4.5
2025-03-06,3,-15.85,0.0,60.39962724676708,Imja Tsho,5010,1.28,4.5
2025-03-07,3,-10.3,0.0,54.74012516434734,Imja Tsho,5010,1.28,4.5
2025-03-08,3,-14.850000000000001,0.0,44.49553648609513,Imja Tsho,5010,1.28,4.5
2025-03-09,3,-12.6,0.0,52.453139722845265,Imja Tsho,5010,1.28,4.5
2025-03-10,3,-10.55,0.0,69.72426044168964,Imja Tsho,5010,1.28,4.5
2025-03-11,3,-11.0,0.0,61.405970084188,Imja Tsho,5010,1.28,4.5
2025-03-12,3,-11.85,0.0,42.6785561013739,Imja Tsho,5010,1.28,4.5
2025-03-13,3,-13.1,0.0,59.15049915313108,Imja Tsho,5010,1.28,4.5
2025-03-14,3,-11.05,0.0,53.3275627613875,Imja Tsho,5010,1.28,4.5
2025-03-15,3,-10.7,0.0,44.92940677965,Imja Tsho,5010,1.28,4.5
2025-03-16,3,-8.75,0.0,63.229546281540195,Imja Tsho,5010,1.28,4.5
2025-03-17,3,-8.65,0.0,61.085492926057825,Imja Tsho,5010,1.28,4.5
2025-03-18,3,-10.4,0.0,43.78474309271894,Imja Tsho,5010,1.28,4.5
2025-03-19,3,-7.6,0.0,61.66074289944656,Imja Tsho,5010,1.28,4.5
2025-03-20,3,-8.95,0.0,54.776222044846,Imja Tsho,5010,1.28,4.5
2025-03-21,3,-11.25,0.0,68.26524758559044,Imja Tsho,5010,1.28,4.5
2025-03-22,3,-13.45,0.0,57.3024478300366,Imja Tsho,5010,1.28,4.5
2025-03-23,3,-12.850000000000001,0.0,65.04450876217726,Imja Tsho,5010,1.28,4.5
2025-03-24,3,-12.6,0.0,66.00664470377473,Imja Tsho,5010,1.28,4.5
2025-03-25,3,-12.15,0.0,59.8571874248894,Imja Tsho,5010,1.28,4.5
2025-03-26,3,-8.200000000000001,0.0,46.1437635243931,Imja Tsho,5010,1.28,4.5
2025-03-27,3,-5.45,0.0,51.34467409949713,Imja Tsho,5010,1.28,4.5
2025-03-28,3,-3.6999999999999997,0.0,61.7151142892614,Imja Tsho,5010,1.28,4.5
2025-03-29,3,-4.45,0.0,55.44003387276143,Imja Tsho,5010,1.28,4.5
2025-03-30,3,-3.45,0.0,57.89635035575735,Imja Tsho,5010,1.28,4.5
2025-03-31,3,-5.1,0.0,54.96747899963623,Imja Tsho,5010,1.28,4.5
2025-04-01,4,-5.7,0.0,41.13093262077642,Imja Tsho,5010,1.28,4.5
2025-04-02,4,-6.1,0.0,62.84909511238215,Imja Tsho,5010,1.28,4.5
2025-04-03,4,-6.35,0.0,42.86163821554172,Imja Tsho,5010,1.28,4.5
2025-04-04,4,-8.2,0.2,87.06196633120835,Imja Tsho,5010,1.28,4.5
2025-04-05,4,-11.2,0.0,61.13104958998923,Imja Tsho,5010,1.28,4.5
2025-04-06,4,-9.55,0.0,40.91674864047405,Imja Tsho,5010,1.28,4.5
2025-04-07,4,-7.0,0.0,65.90620578149559,Imja Tsho,5010,1.28,4.5
2025-04-08,4,-5.5,0.0,54.159039368577616,Imja Tsho,5010,1.28,4.5
2025-04-09,4,-3.65,0.0,53.351242240982614,Imja Tsho,5010,1.28,4.5
2025-04-10,4,-5.5,0.0,69.81779481637255,Imja Tsho,5010,1.28,4.5
2025-04-11,4,-7.05,0.0,46.967124159024486,Imja Tsho,5010,1.28,4.5
2025-04-12,4,-8.399999999999999,0.0,59.74167895534575,Imja Tsho,5010,1.28,4.5
2025-04-13,4,-9.35,0.0,65.81970304897493,Imja Tsho,5010,1.28,4.5
2025-04-14,4,-8.1,0.0,56.17157814636812,Imja Tsho,5010,1.28,4.5
2025-04-15,4,-8.75,0.0,67.81631433012083,Imja Tsho,5010,1.28,4.5
2025-04-16,4,-7.050000000000001,0.0,43.049402717519996,Imja Tsho,5010,1.28,4.5
2025-04-17,4,-6.6,0.0,57.831472245657885,Imja Tsho,5010,1.28,4.5
2025-04-18,4,-4.15,0.0,46.468085797188316,Imja Tsho,5010,1.28,4.5
2025-04-19,4,-3.8000000000000003,0.0,44.171380376269454,Imja Tsho,5010,1.28,4.5
2025-04-20,4,-2.65,0.0,60.085865068073076,Imja Tsho,5010,1.28,4.5
2025-04-21,4,-2.4000000000000004,0.0,47.64048818215351,Imja Tsho,5010,1.28,4.5
2025-04-22,4,-1.15,0.0,48.72939999156979,Imja Tsho,5010,1.28,4.5
2025-04-23,4,-2.9000000000000004,0.0,64.84873349996539,Imja Tsho,5010,1.28,4.5
2025-04-24,4,-4.1499999999999995,0.0,41.84406072301687,Imja Tsho,5010,1.28,4.5
2025-04-25,4,-4.9,0.0,61.272142424544114,Imja Tsho,5010,1.28,4.5
2025-04-26,4,-5.8,0.0,52.586806309035666,Imja Tsho,5010,1.28,4.5
2025-04-27,4,-7.1,0.0,63.754438049183044,Imja Tsho,5010,1.28,4.5
2025-04-28,4,-6.800000000000001,0.0,50.4936109721323,Imja Tsho,5010,1.28,4.5
2025-04-29,4,-8.9,0.0,47.91798900619048,Imja Tsho,5010,1.28,4.5
2025-04-30,4,-9.2,0.0,63.71283915553185,Imja Tsho,5010,1.28,4.5
2025-05-01,5,-7.35,0.0,65.56829470239936,Imja Tsho,5010,1.28,4.5
2025-05-02,5,-6.95,0.0,62.160882562411686,Imja Tsho,5010,1.28,4.5
2025-05-03,5,-6.05,0.0,44.422892452673054,Imja Tsho,5010,1.28,4.5
2025-05-04,5,-5.25,0.0,61.59967510048414,Imja Tsho,5010,1.28,4.5
2025-05-05,5,-4.4,0.0,47.375422701001625,Imja Tsho,5010,1.28,4.5
2025-05-06,5,-4.0,0.0,41.376815196386175,Imja Tsho,5010,1.28,4.5
2025-05-07,5,-3.1,0.0,60.59940886155125,Imja Tsho,5010,1.28,4.5
2025-05-08,5,-3.25,0.0,63.830983193165935,Imja Tsho,5010,1.28,4.5
2025-05-09,5,-4.15,0.0,57.857347660180444,Imja Tsho,5010,1.28,4.5
2025-05-10,5,-1.5499999999999998,0.0,60.448256977198156,Imja Tsho,5010,1.28,4.5
2025-05-11,5,-1.0500000000000003,0.0,67.73115521878927,Imja Tsho,5010,1.28,4.5
2025-05-12,5,-1.1,0.0,58.84054069006441,Imja Tsho,5010,1.28,4.5
2025-05-13,5,-0.7,0.0,48.64847685639931,Imja Tsho,5010,1.28,4.5
2025-05-14,5,-0.8999999999999999,0.0,69.86719785006908,Imja Tsho,5010,1.28,4.5
2025-05-15,5,-0.8500000000000001,0.0,63.5320091908322,Imja Tsho,5010,1.28,4.5
2025-05-16,5,-1.15,0.0,63.72190674436898,Imja Tsho,5010,1.28,4.5
2025-05-17,5,-2.05,0.0,40.138551973020824,Imja Tsho,5010,1.28,4.5
2025-05-18,5,-2.0,0.0,53.41632249329952,Imja Tsho,5010,1.28,4.5
2025-05-19,5,-0.6000000000000001,0.0,64.52134892696401,Imja Tsho,5010,1.28,4.5
2025-05-20,5,-1.3,0.2,85.20566591142838,Imja Tsho,5010,1.28,4.5
2025-05-21,5,-1.7499999999999998,0.0,64.52418213164951,Imja Tsho,5010,1.28,4.5
2025-05-22,5,-1.2500000000000002,0.2,86.45774425267894,Imja Tsho,5010,1.28,4.5
2025-05-23,5,-0.8999999999999999,0.1,92.1176512691739,Imja Tsho,5010,1.28,4.5
2025-05-24,5,-0.10000000000000009,0.0,67.17794137540355,Imja Tsho,5010,1.28,4.5
2025-05-25,5,0.5499999999999998,0.5,85.1828566063513,Imja Tsho,5010,1.28,4.5
2025-05-26,5,0.9500000000000002,0.3,81.64984120763769,Imja Tsho,5010,1.28,4.5
2025-05-27,5,1.9999999999999998,0.0,48.24739484513312,Imja Tsho,5010,1.28,4.5
2025-05-28,5,0.0,0.5,88.65718608924115,Imja Tsho,5010,1.28,4.5
2025-05-29,5,1.65,0.0,58.68823041823271,Imja Tsho,5010,1.28,4.5
2025-05-30,5,2.0500000000000003,0.9,83.9722864711442,Imja Tsho,5010,1.28,4.5
2025-05-31,5,1.8499999999999999,0.7,84.00960322345637,Imja Tsho,5010,1.28,4.5
2025-06-01,6,0.10000000000000009,0.7,94.12569837556899,Imja Tsho,5010,1.28,4.5
2025-06-02,6,-2.3,0.1,76.46425863826815,Imja Tsho,5010,1.28,4.5
2025-06-03,6,-2.5500000000000003,0.0,68.25658022111936,Imja Tsho,5010,1.28,4.5
2025-06-04,6,-3.9000000000000004,0.2,82.70403395903648,Imja Tsho,5010,1.28,4.5
2025-06-05,6,-5.4,0.0,64.89857886273067,Imja Tsho,5010,1.28,4.5
2025-06-06,6,-4.15,0.0,47.73404387368178,Imja Tsho,5010,1.28,4.5
2025-06-07,6,-1.55,0.0,66.20412832325206,Imja Tsho,5010,1.28,4.5
2025-06-08,6,2.05,0.0,52.08997168092705,Imja Tsho,5010,1.28,4.5
2025-06-09,6,2.4499999999999997,0.1,78.87025989352983,Imja Tsho,5010,1.28,4.5
2025-06-10,6,1.6999999999999997,0.1,79.51822218242577,Imja Tsho,5010,1.28,4.5
2025-06-11,6,2.5999999999999996,0.0,62.71151350002871,Imja Tsho,5010,1.28,4.5
2025-06-12,6,3.1,0.5,94.01855076452085,Imja Tsho,5010,1.28,4.5
2025-06-13,6,2.5,0.9,93.7859963665913,Imja Tsho,5010,1.28,4.5
2025-06-14,6,3.5999999999999996,1.7,79.75932510941922,Imja Tsho,5010,1.28,4.5
2025-06-15,6,3.5500000000000003,1.2,92.99399907004934,Imja Tsho,5010,1.28,4.5
2025-06-16,6,2.5,1.9,79.36459828791871,Imja Tsho,5010,1.28,4.5
2025-06-17,6,2.9000000000000004,3.4,77.65520263894211,Imja Tsho,5010,1.28,4.5
2025-06-18,6,2.2,5.6,92.17745437966994,Imja Tsho,5010,1.28,4.5
2025-06-19,6,2.65,5.8,78.15769076263986,Imja Tsho,5010,1.28,4.5
2025-06-20,6,3.15,6.0,80.62441802657195,Imja Tsho,5010,1.28,4.5
2025-06-21,6,3.3000000000000003,1.8,78.41334542540763,Imja Tsho,5010,1.28,4.5
2025-06-22,6,1.9000000000000001,1.9,94.42693069496488,Imja Tsho,5010,1.28,4.5
2025-06-23,6,1.0,1.4,81.76793464517603,Imja Tsho,5010,1.28,4.5
2025-06-24,6,3.5,1.3,81.85351858591457,Imja Tsho,5010,1.28,4.5
2025-06-25,6,2.95,2.7,80.90790199764066,Imja Tsho,5010,1.28,4.5
2025-06-26,6,2.65,1.7,82.89442561054044,Imja Tsho,5010,1.28,4.5
2025-06-27,6,2.0999999999999996,2.2,82.759411163663,Imja Tsho,5010,1.28,4.5
2025-06-28,6,3.0,2.5,86.14219412317661,Imja Tsho,5010,1.28,4.5
2025-06-29,6,2.1500000000000004,8.0,76.51270064392523,Imja Tsho,5010,1.28,4.5
2025-06-30,6,1.1500000000000001,2.9,90.76599856522526,Imja Tsho,5010,1.28,4.5
2025-07-01,7,2.3,5.5,91.43983813556187,Imja Tsho,5010,1.28,4.5
2025-07-02,7,2.85,4.5,90.27906478941662,Imja Tsho,5010,1.28,4.5
2025-07-03,7,2.6999999999999997,4.9,90.284966292657,Imja Tsho,5010,1.28,4.5
2025-07-04,7,2.9000000000000004,3.8,91.68064371570831,Imja Tsho,5010,1.28,4.5
2025-07-05,7,3.5,1.1,88.12027787882886,Imja Tsho,5010,1.28,4.5
2025-07-06,7,2.85,0.2,79.83973153985906,Imja Tsho,5010,1.28,4.5
2025-07-07,7,2.65,0.3,87.80724258118255,Imja Tsho,5010,1.28,4.5
2025-07-08,7,2.4000000000000004,0.8,89.81911140859516,Imja Tsho,5010,1.28,4.5
2025-07-09,7,2.1,0.4,88.36873413200166,Imja Tsho,5010,1.28,4.5
2025-07-10,7,1.8499999999999999,0.8,94.04205988567959,Imja Tsho,5010,1.28,4.5
2025-07-11,7,1.4500000000000002,2.4,89.83861232671278,Imja Tsho,5010,1.28,4.5
2025-07-12,7,2.4,1.8,76.88267392322643,Imja Tsho,5010,1.28,4.5
2025-07-13,7,0.9000000000000001,3.1,83.08837486520254,Imja Tsho,5010,1.28,4.5
2025-07-14,7,1.65,1.4,77.42466168918571,Imja Tsho,5010,1.28,4.5
2025-07-15,7,2.45,1.2,93.95049703032014,Imja Tsho,5010,1.28,4.5
2025-07-16,7,3.0,2.9,83.52905857846444,Imja Tsho,5010,1.28,4.5
2025-07-17,7,2.15,4.0,93.41740386736774,Imja Tsho,5010,1.28,4.5
2025-07-18,7,2.5,1.2,76.03218582997903,Imja Tsho,5010,1.28,4.5
2025-07-19,7,3.7,2.7,76.66003269392974,Imja Tsho,5010,1.28,4.5
2025-07-20,7,3.45,5.2,82.37131194856525,Imja Tsho,5010,1.28,4.5
2025-07-21,7,2.95,7.3,81.46860902051051,Imja Tsho,5010,1.28,4.5
2025-07-22,7,3.1500000000000004,1.5,88.28939589994616,Imja Tsho,5010,1.28,4.5
2025-07-23,7,3.7,4.5,91.14615777845134,Imja Tsho,5010,1.28,4.5
2025-07-24,7,2.4,0.9,92.35232568803218,Imja Tsho,5010,1.28,4.5
2025-07-25,7,3.95,1.6,84.32884426902727,Imja Tsho,5010,1.28,4.5
2025-07-26,7,4.3500000000000005,6.3,75.82757519662132,Imja Tsho,5010,1.28,4.5
2025-07-27,7,4.75,10.4,88.44127897859283,Imja Tsho,5010,1.28,4.5
2025-07-28,7,2.5999999999999996,7.1,77.71636288800295,Imja Tsho,5010,1.28,4.5
2025-07-29,7,3.4000000000000004,4.5,84.2546321272087,Imja Tsho,5010,1.28,4.5
2025-07-30,7,3.15,7.2,84.47534210599329,Imja Tsho,5010,1.28,4.5
2025-07-31,7,3.1,3.2,80.06942185674505,Imja Tsho,5010,1.28,4.5
2025-08-01,8,2.6,2.6,84.50992675022742,Imja Tsho,5010,1.28,4.5
2025-08-02,8,3.25,10.3,82.29166878994418,Imja Tsho,5010,1.28,4.5
2025-08-03,8,2.75,11.9,75.45345531558182,Imja Tsho,5010,1.28,4.5
2025-08-04,8,3.3000000000000003,13.6,90.60589119432662,Imja Tsho,5010,1.28,4.5
2025-08-05,8,3.1500000000000004,7.2,80.12117311153759,Imja Tsho,5010,1.28,4.5
2025-08-06,8,3.2,4.1,81.96888490489383,Imja Tsho,5010,1.28,4.5
2025-08-07,8,2.6999999999999997,4.5,85.82298942443417,Imja Tsho,5010,1.28,4.5
2025-08-08,8,3.45,9.3,85.42479359792931,Imja Tsho,5010,1.28,4.5
2025-08-09,8,2.65,5.1,77.70377812959566,Imja Tsho,5010,1.28,4.5
2025-08-10,8,3.7,5.6,89.89568440607293,Imja Tsho,5010,1.28,4.5
2025-08-11,8,3.4000000000000004,14.0,82.4688137037261,Imja Tsho,5010,1.28,4.5
2025-08-12,8,4.699999999999999,2.6,76.01127862852928,Imja Tsho,5010,1.28,4.5
2025-08-13,8,3.5,4.0,88.84772214206558,Imja Tsho,5010,1.28,4.5
2025-08-14,8,1.7000000000000002,1.4,90.62337720819102,Imja Tsho,5010,1.28,4.5
2025-08-15,8,2.75,1.0,77.32231933418875,Imja Tsho,5010,1.28,4.5
2025-08-16,8,2.3,3.8,75.36471757268961,Imja Tsho,5010,1.28,4.5
2025-08-17,8,2.5999999999999996,4.9,83.14843949114753,Imja Tsho,5010,1.28,4.5
2025-08-18,8,2.55,3.1,75.08612612470631,Imja Tsho,5010,1.28,4.5
2025-08-19,8,1.45,3.3,92.50081849230014,Imja Tsho,5010,1.28,4.5
2025-08-20,8,2.15,1.5,79.31512295948082,Imja Tsho,5010,1.28,4.5
2025-08-21,8,2.3,1.5,76.52921453638255,Imja Tsho,5010,1.28,4.5
2025-08-22,8,2.5500000000000003,4.3,82.3812852112633,Imja Tsho,5010,1.28,4.5
2025-08-23,8,0.6499999999999999,0.3,90.17012724634881,Imja Tsho,5010,1.28,4.5
2025-08-24,8,2.85,0.2,94.23634416456964,Imja Tsho,5010,1.28,4.5
2025-08-25,8,1.8,2.3,81.2794720870969,Imja Tsho,5010,1.28,4.5
2025-08-26,8,1.8,1.1,82.97553610112938,Imja Tsho,5010,1.28,4.5
2025-08-27,8,2.5500000000000003,4.7,76.55525883991365,Imja Tsho,5010,1.28,4.5
2025-08-28,8,2.15,2.0,77.30432630641988,Imja Tsho,5010,1.28,4.5
2025-08-29,8,0.15000000000000002,0.1,87.93789207091983,Imja Tsho,5010,1.28,4.5
2025-08-30,8,0.25,0.3,85.90136033461148,Imja Tsho,5010,1.28,4.5
2025-08-31,8,1.25,1.0,83.95131572929665,Imja Tsho,5010,1.28,4.5
2025-09-01,9,1.55,1.1,93.03140099736423,Imja Tsho,5010,1.28,4.5
2025-09-02,9,0.6499999999999999,0.1,79.26317608483782,Imja Tsho,5010,1.28,4.5
2025-09-03,9,0.5,1.3,91.90552141850644,Imja Tsho,5010,1.28,4.5
2025-09-04,9,0.95,0.8,80.37937349278783,Imja Tsho,5010,1.28,4.5
2025-09-05,9,0.75,0.5,80.62974773046069,Imja Tsho,5010,1.28,4.5
2025-09-06,9,1.9000000000000001,0.5,86.61634172820385,Imja Tsho,5010,1.28,4.5
2025-09-07,9,1.5499999999999998,2.3,94.51271319195253,Imja Tsho,5010,1.28,4.5
2025-09-08,9,2.8,1.9,76.57021637708498,Imja Tsho,5010,1.28,4.5
2025-09-09,9,1.5999999999999999,1.0,92.05884126663587,Imja Tsho,5010,1.28,4.5
2025-09-10,9,2.0,1.1,93.65572288359236,Imja Tsho,5010,1.28,4.5
2025-09-11,9,2.0500000000000003,4.7,93.23148036814754,Imja Tsho,5010,1.28,4.5
2025-09-12,9,2.25,0.6,89.4786437632429,Imja Tsho,5010,1.28,4.5
2025-09-13,9,2.4,0.9,83.75720291605558,Imja Tsho,5010,1.28,4.5
2025-09-14,9,0.10000000000000009,3.3,75.2815648768692,Imja Tsho,5010,1.28,4.5
2025-09-15,9,1.1,2.1,76.15077200631963,Imja Tsho,5010,1.28,4.5
2025-09-16,9,0.65,3.8,86.11485075325018,Imja Tsho,5010,1.28,4.5
2025-09-17,9,1.3499999999999999,0.4,89.14649746928066,Imja Tsho,5010,1.28,4.5
2025-09-18,9,-0.5499999999999998,0.9,90.74017872144373,Imja Tsho,5010,1.28,4.5
2025-09-19,9,1.55,0.4,75.44121716136212,Imja Tsho,5010,1.28,4.5
2025-09-20,9,1.25,0.1,81.13182211150412,Imja Tsho,5010,1.28,4.5
2025-09-21,9,1.9000000000000001,0.2,75.89955594166149,Imja Tsho,5010,1.28,4.5
2025-09-22,9,0.6000000000000001,0.3,90.09118914111143,Imja Tsho,5010,1.28,4.5
2025-09-23,9,1.5999999999999999,0.1,89.3666984635377,Imja Tsho,5010,1.28,4.5
2025-09-24,9,0.25,0.0,64.62318312608308,Imja Tsho,5010,1.28,4.5
2025-09-25,9,-0.6499999999999999,0.2,90.3871187748397,Imja Tsho,5010,1.28,4.5
2025-09-26,9,-0.7000000000000002,0.2,92.16920182937038,Imja Tsho,5010,1.28,4.5
2025-09-27,9,-0.1499999999999999,0.0,51.51472177703607,Imja Tsho,5010,1.28,4.5
2025-09-28,9,-0.1499999999999999,0.5,80.76959088537835,Imja Tsho,5010,1.28,4.5
2025-09-29,9,0.40000000000000013,0.8,85.53372888791722,Imja Tsho,5010,1.28,4.5
2025-09-30,9,0.0,0.0,49.76786333432169,Imja Tsho,5010,1.28,4.5
2025-10-01,10,0.95,0.1,76.2340624463839,Imja Tsho,5010,1.28,4.5
2025-10-02,10,-1.7,0.6,94.27684108449421,Imja Tsho,5010,1.28,4.5
2025-10-03,10,-1.35,0.5,82.7462839386775,Imja Tsho,5010,1.28,4.5
2025-10-04,10,-2.2,0.0,58.73731463922137,Imja Tsho,5010,1.28,4.5
2025-10-05,10,-2.55,0.7,77.0497669917778,Imja Tsho,5010,1.28,4.5
2025-10-06,10,-3.5500000000000003,0.0,64.20800345371512,Imja Tsho,5010,1.28,4.5
2025-10-07,10,-3.9000000000000004,0.1,77.94589289161274,Imja Tsho,5010,1.28,4.5
2025-10-08,10,-4.85,0.0,41.58274674070033,Imja Tsho,5010,1.28,4.5
2025-10-09,10,-6.25,0.0,46.22044166596237,Imja Tsho,5010,1.28,4.5
2025-10-10,10,-7.1000000000000005,0.0,54.520680364556924,Imja Tsho,5010,1.28,4.5
2025-10-11,10,-9.15,0.0,41.24100565367257,Imja Tsho,5010,1.28,4.5
2025-10-12,10,-7.949999999999999,0.0,56.78108429978015,Imja Tsho,5010,1.28,4.5
2025-10-13,10,-7.5,0.0,41.28354903386975,Imja Tsho,5010,1.28,4.5
2025-10-14,10,-6.0,0.0,40.06023306267073,Imja Tsho,5010,1.28,4.5
2025-10-15,10,-6.95,0.0,42.6611382458643,Imja Tsho,5010,1.28,4.5
2025-10-16,10,-6.15,0.0,59.47909793469957,Imja Tsho,5010,1.28,4.5
2025-10-17,10,-5.449999999999999,0.0,53.0031670101812,Imja Tsho,5010,1.28,4.5
2025-10-18,10,-4.7,0.0,41.96723448805752,Imja Tsho,5010,1.28,4.5
2025-10-19,10,-5.6,0.0,52.40573705264396,Imja Tsho,5010,1.28,4.5
2025-10-20,10,-4.95,0.0,50.91242013375982,Imja Tsho,5010,1.28,4.5
2025-10-21,10,-3.55,0.0,50.510574039889434,Imja Tsho,5010,1.28,4.5
2025-10-22,10,-5.05,0.0,68.6945264081067,Imja Tsho,5010,1.28,4.5
2025-10-23,10,-7.25,0.0,48.4089664441142,Imja Tsho,5010,1.28,4.5
2025-10-24,10,-7.8999999999999995,0.2,92.77395898597747,Imja Tsho,5010,1.28,4.5
2025-10-25,10,-6.5,0.0,51.045486535114506,Imja Tsho,5010,1.28,4.5
2025-10-26,10,-7.5,0.0,56.080135050629636,Imja Tsho,5010,1.28,4.5
2025-10-27,10,-4.3500000000000005,0.0,55.6148895039587,Imja Tsho,5010,1.28,4.5
2025-10-28,10,-6.0,0.3,80.07430441274361,Imja Tsho,5010,1.28,4.5
2025-10-29,10,-4.1,0.0,40.30332038003534,Imja Tsho,5010,1.28,4.5
2025-10-30,10,-3.5,0.7,86.15700296351127,Imja Tsho,5010,1.28,4.5
2025-10-31,10,-3.05,0.6,86.89884553275174,Imja Tsho,5010,1.28,4.5
2025-11-01,11,-5.9,0.3,94.03285943440267,Imja Tsho,5010,1.28,4.5
2025-11-02,11,-7.800000000000001,0.0,58.74583907497827,Imja Tsho,5010,1.28,4.5
2025-11-03,11,-7.3999999999999995,0.0,50.584347852442725,Imja Tsho,5010,1.28,4.5
2025-11-04,11,-7.1,0.0,44.34274980688474,Imja Tsho,5010,1.28,4.5
2025-11-05,11,-11.0,0.0,41.752748013834776,Imja Tsho,5010,1.28,4.5
2025-11-06,11,-11.8,0.0,56.63559572110019,Imja Tsho,5010,1.28,4.5
2025-11-07,11,-9.85,0.0,56.80725243902753,Imja Tsho,5010,1.28,4.5
2025-11-08,11,-10.649999999999999,0.0,51.83440406902191,Imja Tsho,5010,1.28,4.5
2025-11-09,11,-11.600000000000001,0.0,50.29510929639311,Imja Tsho,5010,1.28,4.5
2025-11-10,11,-11.9,0.0,53.85982621499468,Imja Tsho,5010,1.28,4.5
2025-11-11,11,-9.25,0.0,50.28998638155924,Imja Tsho,5010,1.28,4.5
2025-11-12,11,-10.25,0.0,45.08525276112584,Imja Tsho,5010,1.28,4.5
2025-11-13,11,-10.600000000000001,0.0,42.69069450633844,Imja Tsho,5010,1.28,4.5
2025-11-14,11,-10.6,0.0,50.04715191151189,Imja Tsho,5010,1.28,4.5
2025-11-15,11,-13.8,0.0,57.4366003899205,Imja Tsho,5010,1.28,4.5
2025-11-16,11,-13.350000000000001,0.0,63.33598312258829,Imja Tsho,5010,1.28,4.5
2025-11-17,11,-14.25,0.0,45.64053126694368,Imja Tsho,5010,1.28,4.5
2025-11-18,11,-12.0,0.0,67.74152203065069,Imja Tsho,5010,1.28,4.5
2025-11-19,11,-12.45,0.0,47.43947995259979,Imja Tsho,5010,1.28,4.5
2025-11-20,11,-12.25,0.0,49.13719372091093,Imja Tsho,5010,1.28,4.5
2025-11-21,11,-11.75,0.0,40.07223630587399,Imja Tsho,5010,1.28,4.5
2025-11-22,11,-11.95,0.0,54.81502640267184,Imja Tsho,5010,1.28,4.5
2025-11-23,11,-10.3,0.0,56.90192696893242,Imja Tsho,5010,1.28,4.5
2025-11-24,11,-11.899999999999999,0.0,53.16278943434571,Imja Tsho,5010,1.28,4.5
2025-11-25,11,-9.75,0.0,52.52671351977394,Imja Tsho,5010,1.28,4.5
2025-11-26,11,-12.7,0.0,44.75065620375257,Imja Tsho,5010,1.28,4.5
2025-11-27,11,-11.7,0.0,52.485277422866595,Imja Tsho,5010,1.28,4.5
2025-11-28,11,-13.0,0.0,40.4643708068483,Imja Tsho,5010,1.28,4.5
2025-11-29,11,-11.3,0.0,57.94399881876957,Imja Tsho,5010,1.28,4.5
2025-11-30,11,-10.55,0.0,65.57202852341979,Imja Tsho,5010,1.28,4.5
2025-12-01,12,-10.0,0.0,47.11722325850643,Imja Tsho,5010,1.28,4.5
2025-12-02,12,-12.4,0.0,40.89122880088605,Imja Tsho,5010,1.28,4.5
2025-12-03,12,-14.8,0.0,45.50339750895819,Imja Tsho,5010,1.28,4.5
2025-12-04,12,-15.5,0.0,59.688851030774714,Imja Tsho,5010,1.28,4.5
2025-12-05,12,-14.350000000000001,0.0,44.27942265286449,Imja Tsho,5010,1.28,4.5
2025-12-06,12,-14.25,0.0,55.01047128235545,Imja Tsho,5010,1.28,4.5
2025-12-07,12,-10.95,0.0,54.168768343861295,Imja Tsho,5010,1.28,4.5
2025-12-08,12,-13.75,0.0,56.430770121434264,Imja Tsho,5010,1.28,4.5
2025-12-09,12,-16.6,0.0,59.33246294068228,Imja Tsho,5010,1.28,4.5
2025-12-10,12,-15.7,0.0,50.013066835926516,Imja Tsho,5010,1.28,4.5
2025-12-11,12,-13.4,0.0,67.05542311487952,Imja Tsho,5010,1.28,4.5
2025-12-12,12,-15.100000000000001,0.0,53.10228203873514,Imja Tsho,5010,1.28,4.5
2025-12-13,12,-14.4,0.0,51.64244788691633,Imja Tsho,5010,1.28,4.5
2025-12-14,12,-13.1,0.0,65.74815029516168,Imja Tsho,5010,1.28,4.5
2025-12-15,12,-15.3,0.0,41.65156937454874,Imja Tsho,5010,1.28,4.5
2025-12-16,12,-15.850000000000001,0.0,58.392312465884544,Imja Tsho,5010,1.28,4.5
2025-12-17,12,-15.8,0.0,48.03718796446321,Imja Tsho,5010,1.28,4.5
2025-12-18,12,-12.25,0.0,64.483425285816,Imja Tsho,5010,1.28,4.5
2025-12-19,12,-11.0,0.0,64.2646768779719,Imja Tsho,5010,1.28,4.5
2025-12-20,12,-11.100000000000001,0.0,49.35579918763468,Imja Tsho,5010,1.28,4.5
2025-12-21,12,-11.1,0.0,60.71005570239562,Imja Tsho,5010,1.28,4.5
2025-12-22,12,-8.5,0.0,54.485322550054306,Imja Tsho,5010,1.28,4.5
2025-12-23,12,-7.6000000000000005,0.0,51.7153918100929,Imja Tsho,5010,1.28,4.5
2025-12-24,12,-11.95,0.0,47.45299067445271,Imja Tsho,5010,1.28,4.5
2025-12-25,12,-14.0,0.0,42.573058848788236,Imja Tsho,5010,1.28,4.5
2025-12-26,12,-11.6,0.0,50.963328100317256,Imja Tsho,5010,1.28,4.5
2025-12-27,12,-12.05,0.0,59.05660824562992,Imja Tsho,5010,1.28,4.5
2025-12-28,12,-13.85,0.0,67.72465195037287,Imja Tsho,5010,1.28,4.5
2025-12-29,12,-14.75,0.0,52.95087270999662,Imja Tsho,5010,1.28,4.5
2025-12-30,12,-16.9,0.0,47.93412882332475,Imja Tsho,5010,1.28,4.5
2025-12-31,12,-17.65,0.0,41.58217292847054,Imja Tsho,5010,1.28,4.5
2026-01-01,1,-15.95,0.0,54.310150938725926,Imja Tsho,5010,1.28,4.5
2026-01-02,1,-19.7,0.1,93.90775579700875,Imja Tsho,5010,1.28,4.5
2026-01-03,1,-20.15,0.0,60.15281949191805,Imja Tsho,5010,1.28,4.5
2026-01-04,1,-15.3,0.0,50.39725358958499,Imja Tsho,5010,1.28,4.5
2026-01-05,1,-11.0,0.0,45.843557349160946,Imja Tsho,5010,1.28,4.5
2026-01-06,1,-13.600000000000001,0.0,64.822824304486,Imja Tsho,5010,1.28,4.5
2026-01-07,1,-11.1,0.0,44.82975406768113,Imja Tsho,5010,1.28,4.5
2026-01-08,1,-11.049999999999999,0.0,47.400632238700716,Imja Tsho,5010,1.28,4.5
2026-01-09,1,-12.35,0.0,68.23035533856485,Imja Tsho,5010,1.28,4.5
2026-01-10,1,-9.1,0.0,40.22716239169874,Imja Tsho,5010,1.28,4.5
2026-01-11,1,-14.65,0.0,51.401278488914045,Imja Tsho,5010,1.28,4.5
2026-01-12,1,-15.95,0.0,64.00049630804881,Imja Tsho,5010,1.28,4.5
2026-01-13,1,-15.649999999999999,0.0,50.89920892343731,Imja Tsho,5010,1.28,4.5
2026-01-14,1,-17.1,0.0,55.90153775192868,Imja Tsho,5010,1.28,4.5
2026-01-15,1,-17.75,0.0,69.92577392874051,Imja Tsho,5010,1.28,4.5
2026-01-16,1,-18.05,0.0,65.86664815301302,Imja Tsho,5010,1.28,4.5
2026-01-17,1,-16.8,0.0,63.11647870099176,Imja Tsho,5010,1.28,4.5
2026-01-18,1,-14.350000000000001,0.0,67.88970036227013,Imja Tsho,5010,1.28,4.5
2026-01-19,1,-16.15,0.0,64.87018058294925,Imja Tsho,5010,1.28,4.5
2026-01-20,1,-15.2,0.0,40.691502358398346,Imja Tsho,5010,1.28,4.5
2026-01-21,1,-13.850000000000001,0.0,42.32546952047812,Imja Tsho,5010,1.28,4.5
2026-01-22,1,-15.45,0.0,50.56959054162243,Imja Tsho,5010,1.28,4.5
2026-01-23,1,-17.25,0.0,65.10735232650816,Imja Tsho,5010,1.28,4.5
2026-01-24,1,-20.049999999999997,0.0,56.99629795447315,Imja Tsho,5010,1.28,4.5
2026-01-25,1,-18.8,0.0,43.80747908442298,Imja Tsho,5010,1.28,4.5
2026-01-26,1,-18.9,0.0,68.24663921707365,Imja Tsho,5010,1.28,4.5
2026-01-27,1,-17.05,0.0,68.48964123236082,Imja Tsho,5010,1.28,4.5
2026-01-28,1,-18.5,0.0,50.53633664547034,Imja Tsho,5010,1.28,4.5
2026-01-29,1,-20.35,0.0,40.26270796975477,Imja Tsho,5010,1.28,4.5
2026-01-30,1,-20.7,0.0,67.99061742185111,Imja Tsho,5010,1.28,4.5
2026-01-31,1,-15.75,0.0,61.905916396287104,Imja Tsho,5010,1.28,4.5
2026-02-01,2,-17.65,0.0,69.49943851160049,Imja Tsho,5010,1.28,4.5
2026-02-02,2,-18.45,0.0,41.87748794816527,Imja Tsho,5010,1.28,4.5
2026-02-03,2,-18.8,0.0,60.2410249009569,Imja Tsho,5010,1.28,4.5
2026-02-04,2,-19.7,0.0,47.14791763160215,Imja Tsho,5010,1.28,4.5
2026-02-05,2,-20.9,0.0,54.07008940602959,Imja Tsho,5010,1.28,4.5
2026-02-06,2,-17.9,0.0,54.40526541943753,Imja Tsho,5010,1.28,4.5
2026-02-07,2,-17.7,0.0,62.20090172530155,Imja Tsho,5010,1.28,4.5
2026-02-08,2,-16.15,0.0,57.232315079722724,Imja Tsho,5010,1.28,4.5
2026-02-09,2,-16.2,0.2,76.58297921258092,Imja Tsho,5010,1.28,4.5
2026-02-10,2,-18.25,0.1,79.81723915823824,Imja Tsho,5010,1.28,4.5
2026-02-11,2,-13.450000000000001,0.0,59.44459505057215,Imja Tsho,5010,1.28,4.5
2026-02-12,2,-18.55,0.0,48.076230738804085,Imja Tsho,5010,1.28,4.5
2026-02-13,2,-19.75,0.0,55.566713634949494,Imja Tsho,5010,1.28,4.5
2026-02-14,2,-13.899999999999999,0.1,90.521823516041,Imja Tsho,5010,1.28,4.5
2026-02-15,2,-15.950000000000001,0.0,42.23681261994963,Imja Tsho,5010,1.28,4.5
2026-02-16,2,-18.0,0.0,54.18914832175624,Imja Tsho,5010,1.28,4.5
2026-02-17,2,-15.600000000000001,0.0,49.00435330150261,Imja Tsho,5010,1.28,4.5
2026-02-18,2,-17.15,0.0,55.86744752735559,Imja Tsho,5010,1.28,4.5
2026-02-19,2,-17.8,0.1,89.21636390919736,Imja Tsho,5010,1.28,4.5
2026-02-20,2,-17.15,0.0,60.63791294817983,Imja Tsho,5010,1.28,4.5
2026-02-21,2,-17.2,0.0,62.200866456301156,Imja Tsho,5010,1.28,4.5
2026-02-22,2,-14.600000000000001,0.0,52.18782731677861,Imja Tsho,5010,1.28,4.5
2026-02-23,2,-15.4,0.0,68.06441179318604,Imja Tsho,5010,1.28,4.5
2026-02-24,2,-17.35,0.0,69.83439313747994,Imja Tsho,5010,1.28,4.5
2026-02-25,2,-15.899999999999999,0.0,46.774787063449516,Imja Tsho,5010,1.28,4.5
2026-02-26,2,-13.35,0.0,43.86384582332889,Imja Tsho,5010,1.28,4.5
2026-02-27,2,-11.200000000000001,0.0,40.474071539144575,Imja Tsho,5010,1.28,4.5
2026-02-28,2,-10.3,0.2,92.39410845915542,Imja Tsho,5010,1.28,4.5
2026-03-01,3,-12.3,0.3,76.12991667194574,Imja Tsho,5010,1.28,4.5
2026-03-02,3,-11.85,0.0,47.76325203347685,Imja Tsho,5010,1.28,4.5
2026-03-03,3,-10.3,0.0,62.24451876957094,Imja Tsho,5010,1.28,4.5
2026-03-04,3,-10.15,0.0,69.39614236547621,Imja Tsho,5010,1.28,4.5
2026-03-05,3,-9.0,0.0,64.61834404341894,Imja Tsho,5010,1.28,4.5
2026-03-06,3,-7.45,0.0,67.86031086799726,Imja Tsho,5010,1.28,4.5
2026-03-07,3,-6.45,0.0,51.815848030870484,Imja Tsho,5010,1.28,4.5
2026-03-08,3,-7.65,0.0,59.51600325845591,Imja Tsho,5010,1.28,4.5
2026-03-09,3,-8.75,0.0,68.04732536192208,Imja Tsho,5010,1.28,4.5
2026-03-10,3,-8.3,0.0,49.0149094133391,Imja Tsho,5010,1.28,4.5
2026-03-11,3,-6.6,0.0,53.443705462233204,Imja Tsho,5010,1.28,4.5
2026-03-12,3,-6.5,0.0,44.33471184837382,Imja Tsho,5010,1.28,4.5
2026-03-13,3,-8.05,0.0,55.4446649415718,Imja Tsho,5010,1.28,4.5
2026-03-14,3,-9.95,0.0,66.88797145756402,Imja Tsho,5010,1.28,4.5
2026-03-15,3,-12.100000000000001,0.0,42.90052766626798,Imja Tsho,5010,1.28,4.5
2026-03-16,3,-18.05,0.0,59.907678300901665,Imja Tsho,5010,1.28,4.5
2026-03-17,3,-18.35,0.0,49.65361215111174,Imja Tsho,5010,1.28,4.5
2026-03-18,3,-14.85,0.0,55.790774666260816,Imja Tsho,5010,1.28,4.5
2026-03-19,3,-12.1,0.0,46.25002632541249,Imja Tsho,5010,1.28,4.5
2026-03-20,3,-11.850000000000001,0.0,62.652020809907484,Imja Tsho,5010,1.28,4.5
2026-03-21,3,-13.6,0.0,42.84571021328611,Imja Tsho,5010,1.28,4.5
2026-03-22,3,-13.35,0.1,79.1968321952055,Imja Tsho,5010,1.28,4.5
2026-03-23,3,-14.9,0.0,47.71089285341738,Imja Tsho,5010,1.28,4.5
2026-03-24,3,-14.5,0.0,66.18470374996443,Imja Tsho,5010,1.28,4.5
2026-03-25,3,-11.850000000000001,0.0,41.477571212727874,Imja Tsho,5010,1.28,4.5
2026-03-26,3,-10.2,0.0,48.36573314251055,Imja Tsho,5010,1.28,4.5
2026-03-27,3,-11.75,0.0,68.79519329594687,Imja Tsho,5010,1.28,4.5
2026-03-28,3,-11.65,0.0,65.1886129981413,Imja Tsho,5010,1.28,4.5
2026-03-29,3,-10.8,0.0,44.63030125012492,Imja Tsho,5010,1.28,4.5
2026-03-30,3,-9.05,0.0,46.06633608726729,Imja Tsho,5010,1.28,4.5
2026-03-31,3,-9.2,0.0,42.23771771054565,Imja Tsho,5010,1.28,4.5
2026-04-01,4,-10.3,0.0,57.40480059517016,Imja Tsho,5010,1.28,4.5
2026-04-02,4,-10.850000000000001,0.0,57.97859579026138,Imja Tsho,5010,1.28,4.5
2026-04-03,4,-9.25,0.0,57.797355357291174,Imja Tsho,5010,1.28,4.5
2026-04-04,4,-8.7,0.0,63.508397365074885,Imja Tsho,5010,1.28,4.5
2026-04-05,4,-12.350000000000001,0.0,58.338588433756776,Imja Tsho,5010,1.28,4.5
2026-04-06,4,-13.45,0.0,49.3925147481764,Imja Tsho,5010,1.28,4.5
2026-04-07,4,-13.950000000000001,0.0,61.11769871598965,Imja Tsho,5010,1.28,4.5
2026-04-08,4,-13.4,0.0,57.22111759883993,Imja Tsho,5010,1.28,4.5
2026-04-09,4,-12.75,1.0,76.8436726362236,Imja Tsho,5010,1.28,4.5
2026-04-10,4,-10.399999999999999,0.0,54.510076123860834,Imja Tsho,5010,1.28,4.5
2026-04-11,4,-10.7,0.0,55.19071002257021,Imja Tsho,5010,1.28,4.5
2026-04-12,4,-10.45,0.2,84.73627062501231,Imja Tsho,5010,1.28,4.5
2026-04-13,4,-9.05,0.0,45.91787218645328,Imja Tsho,5010,1.28,4.5
2026-04-14,4,-9.65,0.0,51.70437271571627,Imja Tsho,5010,1.28,4.5
2026-04-15,4,-10.45,0.0,41.44880208248815,Imja Tsho,5010,1.28,4.5
2026-04-16,4,-8.85,0.0,61.30235443889984,Imja Tsho,5010,1.28,4.5
2026-04-17,4,-6.7,0.0,52.39041857050957,Imja Tsho,5010,1.28,4.5
2026-04-18,4,-6.05,0.0,56.09966723958885,Imja Tsho,5010,1.28,4.5
2026-04-19,4,-5.6499999999999995,0.0,43.97814299812304,Imja Tsho,5010,1.28,4.5
2026-04-20,4,-7.8500000000000005,0.0,44.38264175810571,Imja Tsho,5010,1.28,4.5
2026-04-21,4,-9.899999999999999,0.0,60.552074638293305,Imja Tsho,5010,1.28,4.5
2026-04-22,4,-7.25,0.0,53.47686492110465,Imja Tsho,5010,1.28,4.5
2026-04-23,4,-5.2,0.0,61.70113778837292,Imja Tsho,5010,1.28,4.5
2026-04-24,4,-3.1999999999999997,0.0,45.070218173583626,Imja Tsho,5010,1.28,4.5
2026-04-25,4,-3.75,0.0,52.84835015727599,Imja Tsho,5010,1.28,4.5
2026-04-26,4,-3.6,0.0,69.56723295933534,Imja Tsho,5010,1.28,4.5
2026-04-27,4,-2.7,0.0,45.375659931358705,Imja Tsho,5010,1.28,4.5
2026-04-28,4,-1.9500000000000002,0.0,69.65680851288283,Imja Tsho,5010,1.28,4.5
2026-04-29,4,-3.35,0.2,83.83396740179856,Imja Tsho,5010,1.28,4.5
2026-04-30,4,-6.949999999999999,0.0,58.35609578351321,Imja Tsho,5010,1.28,4.5
2026-05-01,5,-8.8,0.7,83.24242544606912,Imja Tsho,5010,1.28,4.5
2026-05-02,5,-7.699999999999999,0.0,64.0558342173733,Imja Tsho,5010,1.28,4.5
2026-05-03,5,-5.800000000000001,0.6,90.26620859975873,Imja Tsho,5010,1.28,4.5
2026-05-04,5,-5.6,0.0,43.62825568301033,Imja Tsho,5010,1.28,4.5
2026-05-05,5,-6.5,0.0,50.321222325819726,Imja Tsho,5010,1.28,4.5
2026-05-06,5,-8.2,0.1,86.19141383923824,Imja Tsho,5010,1.28,4.5
2026-05-07,5,-8.75,0.1,75.18575924506544,Imja Tsho,5010,1.28,4.5
2026-05-08,5,-9.55,0.0,61.02081005083818,Imja Tsho,5010,1.28,4.5
2026-05-09,5,-9.4,0.0,55.981326458852465,Imja Tsho,5010,1.28,4.5
2026-05-10,5,-7.050000000000001,0.0,51.63650849553465,Imja Tsho,5010,1.28,4.5
2026-05-11,5,-9.5,0.0,53.201325287115004,Imja Tsho,5010,1.28,4.5
2026-05-12,5,-7.0,0.0,51.16386075956802,Imja Tsho,5010,1.28,4.5
2026-05-13,5,-5.4,0.0,64.33259756606006,Imja Tsho,5010,1.28,4.5
2026-05-14,5,-5.95,0.0,58.16384014870158,Imja Tsho,5010,1.28,4.5
2026-05-15,5,-6.7,0.0,40.42075391554816,Imja Tsho,5010,1.28,4.5
2026-05-16,5,-5.6000000000000005,0.0,41.43235040750345,Imja Tsho,5010,1.28,4.5
2026-05-17,5,-5.0,0.0,66.46509928697313,Imja Tsho,5010,1.28,4.5
2026-05-18,5,-4.3,0.0,66.34725629343143,Imja Tsho,5010,1.28,4.5
2026-05-19,5,-3.9999999999999996,0.0,62.61064128616013,Imja Tsho,5010,1.28,4.5
2026-05-20,5,-3.25,0.0,63.51664406197173,Imja Tsho,5010,1.28,4.5
2026-05-21,5,-2.0500000000000003,0.0,62.711325942441974,Imja Tsho,5010,1.28,4.5
2026-05-22,5,-1.3000000000000003,0.0,44.62436085145616,Imja Tsho,5010,1.28,4.5
2026-05-23,5,-2.95,0.0,69.9537474847037,Imja Tsho,5010,1.28,4.5
2026-05-24,5,-4.05,0.0,41.56886324145693,Imja Tsho,5010,1.28,4.5
2026-05-25,5,-4.1000000000000005,0.1,92.3999458268848,Imja Tsho,5010,1.28,4.5
2026-05-26,5,-4.25,0.3,75.09609726016163,Imja Tsho,5010,1.28,4.5
2026-05-27,5,-4.7,0.0,52.66464903637092,Imja Tsho,5010,1.28,4.5
2026-05-28,5,-5.3,0.0,62.30638976822216,Imja Tsho,5010,1.28,4.5
2026-05-29,5,-3.8000000000000003,0.1,92.43374284461802,Imja Tsho,5010,1.28,4.5
2026-05-30,5,-4.3999999999999995,0.2,77.74728680075394,Imja Tsho,5010,1.28,4.5
2026-05-31,5,-3.8,0.0,61.053832326045296,Imja Tsho,5010,1.28,4.5
2026-06-01,6,-4.8,0.0,52.71836990839162,Imja Tsho,5010,1.28,4.5
2026-06-02,6,-3.95,0.0,57.48961307989585,Imja Tsho,5010,1.28,4.5
2026-06-03,6,-1.6,0.0,56.777455712784345,Imja Tsho,5010,1.28,4.5
2026-06-04,6,-2.4,0.0,43.59752634424049,Imja Tsho,5010,1.28,4.5
2026-06-05,6,-1.5000000000000002,0.0,42.581521693210306,Imja Tsho,5010,1.28,4.5
2026-06-06,6,-1.15,0.0,54.684575411996335,Imja Tsho,5010,1.28,4.5
2026-06-07,6,-1.0,0.0,55.033594562029876,Imja Tsho,5010,1.28,4.5
2026-06-08,6,-1.0,0.1,88.83177082837437,Imja Tsho,5010,1.28,4.5
2026-06-09,6,-1.2999999999999998,0.1,91.25673406831899,Imja Tsho,5010,1.28,4.5
2026-06-10,6,-1.25,0.3,90.5081931873131,Imja Tsho,5010,1.28,4.5
2026-06-11,6,-1.5,0.3,89.04753956779385,Imja Tsho,5010,1.28,4.5
2026-06-12,6,-1.25,0.1,76.57729893118324,Imja Tsho,5010,1.28,4.5
2026-06-13,6,-0.9000000000000001,0.0,48.141486409801644,Imja Tsho,5010,1.28,4.5
2026-06-14,6,0.19999999999999996,0.0,55.75996762891635,Imja Tsho,5010,1.28,4.5
2026-06-15,6,0.050000000000000044,0.0,69.40636817349639,Imja Tsho,5010,1.28,4.5
2023-06-16,6,-0.8999999999999999,0.2,84.17274653384224,Tsho Rolpa,4580,1.54,12.0
2023-06-17,6,-0.6,0.0,65.91342120756393,Tsho Rolpa,4580,1.54,12.0
2023-06-18,6,-0.20000000000000007,1.1,92.54328340313457,Tsho Rolpa,4580,1.54,12.0
2023-06-19,6,-0.30000000000000004,0.1,88.75998366853597,Tsho Rolpa,4580,1.54,12.0
2023-06-20,6,0.09999999999999998,0.7,84.09981214865773,Tsho Rolpa,4580,1.54,12.0
2023-06-21,6,0.04999999999999993,1.6,79.09282589288885,Tsho Rolpa,4580,1.54,12.0
2023-06-22,6,1.6,2.1,88.7792948520555,Tsho Rolpa,4580,1.54,12.0
2023-06-23,6,0.75,1.1,80.78164102217767,Tsho Rolpa,4580,1.54,12.0
2023-06-24,6,0.9999999999999999,2.5,77.46182572203966,Tsho Rolpa,4580,1.54,12.0
2023-06-25,6,0.3500000000000001,2.3,76.72730621874425,Tsho Rolpa,4580,1.54,12.0
2023-06-26,6,-0.10000000000000009,1.6,76.1265989746601,Tsho Rolpa,4580,1.54,12.0
2023-06-27,6,-0.5999999999999999,1.5,89.18768737123685,Tsho Rolpa,4580,1.54,12.0
2023-06-28,6,-0.8500000000000001,1.9,82.40149944191846,Tsho Rolpa,4580,1.54,12.0
2023-06-29,6,-1.4500000000000002,2.8,87.34684899847367,Tsho Rolpa,4580,1.54,12.0
2023-06-30,6,-1.3,1.9,79.75556256211932,Tsho Rolpa,4580,1.54,12.0
2023-07-01,7,-1.2,2.6,81.55049061613407,Tsho Rolpa,4580,1.54,12.0
2023-07-02,7,-0.25,2.6,78.09198524755132,Tsho Rolpa,4580,1.54,12.0
2023-07-03,7,0.29999999999999993,10.2,85.30847815614226,Tsho Rolpa,4580,1.54,12.0
2023-07-04,7,-1.15,4.4,88.21237741774407,Tsho Rolpa,4580,1.54,12.0
2023-07-05,7,-2.75,1.2,88.83617800380989,Tsho Rolpa,4580,1.54,12.0
2023-07-06,7,-2.0999999999999996,2.3,89.58561399327718,Tsho Rolpa,4580,1.54,12.0
2023-07-07,7,0.050000000000000044,3.2,94.6749674529637,Tsho Rolpa,4580,1.54,12.0
2023-07-08,7,0.3500000000000001,11.8,94.73473159622901,Tsho Rolpa,4580,1.54,12.0
2023-07-09,7,0.29999999999999993,2.1,83.00862999583599,Tsho Rolpa,4580,1.54,12.0
2023-07-10,7,-0.5499999999999999,3.5,91.39019688621278,Tsho Rolpa,4580,1.54,12.0
2023-07-11,7,-0.75,2.2,86.27194371091369,Tsho Rolpa,4580,1.54,12.0
2023-07-12,7,-0.75,2.0,78.71880413739845,Tsho Rolpa,4580,1.54,12.0
2023-07-13,7,-1.2,2.1,94.88175028238742,Tsho Rolpa,4580,1.54,12.0
2023-07-14,7,0.09999999999999998,7.8,89.52391694547634,Tsho Rolpa,4580,1.54,12.0
2023-07-15,7,-0.14999999999999997,10.7,80.774684524916,Tsho Rolpa,4580,1.54,12.0
2023-07-16,7,0.9000000000000001,8.6,78.44080071101507,Tsho Rolpa,4580,1.54,12.0
2023-07-17,7,-0.10000000000000009,5.5,81.11390206248343,Tsho Rolpa,4580,1.54,12.0
2023-07-18,7,-1.05,2.1,78.72793040762622,Tsho Rolpa,4580,1.54,12.0
2023-07-19,7,-1.3499999999999999,0.9,82.11225377663054,Tsho Rolpa,4580,1.54,12.0
2023-07-20,7,-1.25,1.4,75.35945151102787,Tsho Rolpa,4580,1.54,12.0
2023-07-21,7,0.19999999999999996,3.1,75.75147687953906,Tsho Rolpa,4580,1.54,12.0
2023-07-22,7,-0.050000000000000044,5.3,94.39219846770763,Tsho Rolpa,4580,1.54,12.0
2023-07-23,7,-0.8500000000000001,2.6,81.01856002755078,Tsho Rolpa,4580,1.54,12.0
2023-07-24,7,-1.55,1.9,85.11021140426743,Tsho Rolpa,4580,1.54,12.0
2023-07-25,7,-1.15,3.7,92.57689976458927,Tsho Rolpa,4580,1.54,12.0
2023-07-26,7,-0.44999999999999996,3.1,94.66722490132412,Tsho Rolpa,4580,1.54,12.0
2023-07-27,7,-0.55,1.9,80.46039667869753,Tsho Rolpa,4580,1.54,12.0
2023-07-28,7,-1.0999999999999999,2.0,89.25029113346756,Tsho Rolpa,4580,1.54,12.0
2023-07-29,7,-1.5500000000000003,2.1,81.08071112269744,Tsho Rolpa,4580,1.54,12.0
2023-07-30,7,-0.95,2.3,93.48338796463051,Tsho Rolpa,4580,1.54,12.0
2023-07-31,7,0.8500000000000001,6.9,90.71846125717296,Tsho Rolpa,4580,1.54,12.0
2023-08-01,8,1.25,8.7,81.99759330581927,Tsho Rolpa,4580,1.54,12.0
2023-08-02,8,1.0,3.8,89.15651871946922,Tsho Rolpa,4580,1.54,12.0
2023-08-03,8,-0.25,3.1,83.81157738295865,Tsho Rolpa,4580,1.54,12.0
2023-08-04,8,-0.1499999999999999,8.4,88.93128416731678,Tsho Rolpa,4580,1.54,12.0
2023-08-05,8,-0.04999999999999999,3.9,83.84661905687256,Tsho Rolpa,4580,1.54,12.0
2023-08-06,8,-0.2,5.0,81.3573650715364,Tsho Rolpa,4580,1.54,12.0
2023-08-07,8,0.0,10.2,89.4059319072745,Tsho Rolpa,4580,1.54,12.0
2023-08-08,8,-0.09999999999999998,6.2,91.2324557462665,Tsho Rolpa,4580,1.54,12.0
2023-08-09,8,0.35,3.9,75.37015632514606,Tsho Rolpa,4580,1.54,12.0
2023-08-10,8,0.55,8.6,84.85115091326773,Tsho Rolpa,4580,1.54,12.0
2023-08-11,8,0.8500000000000001,3.5,87.29954710610895,Tsho Rolpa,4580,1.54,12.0
2023-08-12,8,0.45,5.0,81.33627663880551,Tsho Rolpa,4580,1.54,12.0
2023-08-13,8,0.09999999999999998,8.1,91.5932204559919,Tsho Rolpa,4580,1.54,12.0
2023-08-14,8,-0.7000000000000001,5.2,78.87295163180873,Tsho Rolpa,4580,1.54,12.0
2023-08-15,8,-1.3499999999999999,1.5,82.32328973677443,Tsho Rolpa,4580,1.54,12.0
2023-08-16,8,0.0,3.4,90.60351560417932,Tsho Rolpa,4580,1.54,12.0
2023-08-17,8,-1.45,2.5,86.65842424320213,Tsho Rolpa,4580,1.54,12.0
2023-08-18,8,-2.15,0.5,75.64565402491556,Tsho Rolpa,4580,1.54,12.0
2023-08-19,8,-0.34999999999999987,3.1,90.67492242130474,Tsho Rolpa,4580,1.54,12.0
2023-08-20,8,0.45,5.6,88.71905568801478,Tsho Rolpa,4580,1.54,12.0
2023-08-21,8,0.09999999999999998,5.7,79.05591402006745,Tsho Rolpa,4580,1.54,12.0
2023-08-22,8,-1.05,6.5,92.09699125472514,Tsho Rolpa,4580,1.54,12.0
2023-08-23,8,-0.10000000000000003,8.1,79.72594961047535,Tsho Rolpa,4580,1.54,12.0
2023-08-24,8,-0.4,4.4,94.6541668814994,Tsho Rolpa,4580,1.54,12.0
2023-08-25,8,-1.25,3.2,91.2008518399717,Tsho Rolpa,4580,1.54,12.0
2023-08-26,8,-1.95,2.0,88.54228852304234,Tsho Rolpa,4580,1.54,12.0
2023-08-27,8,-4.3,0.0,58.802529093410925,Tsho Rolpa,4580,1.54,12.0
2023-08-28,8,-5.05,0.0,54.02151498363502,Tsho Rolpa,4580,1.54,12.0
2023-08-29,8,-1.65,3.5,82.38887588786605,Tsho Rolpa,4580,1.54,12.0
2023-08-30,8,-2.6999999999999997,0.5,90.55793260565473,Tsho Rolpa,4580,1.54,12.0
2023-08-31,8,-1.7999999999999998,0.7,83.52748434574188,Tsho Rolpa,4580,1.54,12.0
2023-09-01,9,0.30000000000000004,0.5,75.12083112685994,Tsho Rolpa,4580,1.54,12.0
2023-09-02,9,-0.3500000000000001,0.3,84.09194751726633,Tsho Rolpa,4580,1.54,12.0
2023-09-03,9,-1.8,1.6,87.393916327062,Tsho Rolpa,4580,1.54,12.0
2023-09-04,9,-3.85,0.8,76.05560547105073,Tsho Rolpa,4580,1.54,12.0
2023-09-05,9,-4.5,0.0,64.07999321284343,Tsho Rolpa,4580,1.54,12.0
2023-09-06,9,-4.0,0.0,52.698173688222326,Tsho Rolpa,4580,1.54,12.0
2023-09-07,9,-2.75,0.1,80.21475611046321,Tsho Rolpa,4580,1.54,12.0
2023-09-08,9,-1.7000000000000002,0.9,88.55842005031604,Tsho Rolpa,4580,1.54,12.0
2023-09-09,9,-1.3,0.4,84.46213445516622,Tsho Rolpa,4580,1.54,12.0
2023-09-10,9,-1.5,1.1,79.53448157342575,Tsho Rolpa,4580,1.54,12.0
2023-09-11,9,-2.3,0.3,87.92934817409771,Tsho Rolpa,4580,1.54,12.0
2023-09-12,9,-1.4500000000000002,0.7,93.37535842056997,Tsho Rolpa,4580,1.54,12.0
2023-09-13,9,-0.45000000000000007,1.1,81.3759286184821,Tsho Rolpa,4580,1.54,12.0
2023-09-14,9,-1.5999999999999999,0.1,79.49584682123414,Tsho Rolpa,4580,1.54,12.0
2023-09-15,9,-1.9500000000000002,0.0,50.34581865577722,Tsho Rolpa,4580,1.54,12.0
2023-09-16,9,-3.05,0.2,75.01067330813065,Tsho Rolpa,4580,1.54,12.0
2023-09-17,9,-2.95,3.2,82.06293414645984,Tsho Rolpa,4580,1.54,12.0
2023-09-18,9,-2.7,2.0,82.8096193118799,Tsho Rolpa,4580,1.54,12.0
2023-09-19,9,-2.0,2.9,92.06224822659857,Tsho Rolpa,4580,1.54,12.0
2023-09-20,9,-0.9,8.0,93.52821914399193,Tsho Rolpa,4580,1.54,12.0
2023-09-21,9,-1.5999999999999999,3.0,83.33689189924259,Tsho Rolpa,4580,1.54,12.0
2023-09-22,9,-1.9,0.8,84.43137906820117,Tsho Rolpa,4580,1.54,12.0
2023-09-23,9,-2.4,0.6,76.64132505885001,Tsho Rolpa,4580,1.54,12.0
2023-09-24,9,-3.6,1.2,82.68574107347256,Tsho Rolpa,4580,1.54,12.0
2023-09-25,9,-4.6000000000000005,0.0,42.79467255373494,Tsho Rolpa,4580,1.54,12.0
2023-09-26,9,-4.6499999999999995,0.0,68.65891780171441,Tsho Rolpa,4580,1.54,12.0
2023-09-27,9,-4.699999999999999,0.1,90.99390528645118,Tsho Rolpa,4580,1.54,12.0
2023-09-28,9,-3.8499999999999996,0.0,55.83257051923276,Tsho Rolpa,4580,1.54,12.0
2023-09-29,9,-4.2,0.0,44.50156636735385,Tsho Rolpa,4580,1.54,12.0
2023-09-30,9,-3.75,0.1,90.85270504394236,Tsho Rolpa,4580,1.54,12.0
2023-10-01,10,-3.1,0.1,84.40538625673646,Tsho Rolpa,4580,1.54,12.0
2023-10-02,10,-1.7,0.1,93.58337349274763,Tsho Rolpa,4580,1.54,12.0
2023-10-03,10,-3.1999999999999997,0.0,65.92643799285861,Tsho Rolpa,4580,1.54,12.0
2023-10-04,10,-2.55,0.6,80.55450189516846,Tsho Rolpa,4580,1.54,12.0
2023-10-05,10,-3.45,0.1,89.86640378343273,Tsho Rolpa,4580,1.54,12.0
2023-10-06,10,-3.15,0.0,46.44155766911848,Tsho Rolpa,4580,1.54,12.0
2023-10-07,10,-4.05,0.0,48.264253438560786,Tsho Rolpa,4580,1.54,12.0
2023-10-08,10,-4.7,0.0,52.786358057076,Tsho Rolpa,4580,1.54,12.0
2023-10-09,10,-4.6,0.0,41.56198388583121,Tsho Rolpa,4580,1.54,12.0
2023-10-10,10,-4.0,0.0,66.98105713227656,Tsho Rolpa,4580,1.54,12.0
2023-10-11,10,-7.35,0.0,63.41135021234611,Tsho Rolpa,4580,1.54,12.0
2023-10-12,10,-7.75,0.0,48.27622440320377,Tsho Rolpa,4580,1.54,12.0
2023-10-13,10,-7.3,0.0,53.187080731891385,Tsho Rolpa,4580,1.54,12.0
2023-10-14,10,-7.35,0.0,63.36485461556738,Tsho Rolpa,4580,1.54,12.0
2023-10-15,10,-6.75,0.0,43.89938604562772,Tsho Rolpa,4580,1.54,12.0
2023-10-16,10,-7.85,0.0,52.012940908766524,Tsho Rolpa,4580,1.54,12.0
2023-10-17,10,-10.2,0.1,81.52099775171514,Tsho Rolpa,4580,1.54,12.0
2023-10-18,10,-12.3,0.0,63.66625743457255,Tsho Rolpa,4580,1.54,12.0
2023-10-19,10,-10.600000000000001,0.0,46.67031780121973,Tsho Rolpa,4580,1.54,12.0
2023-10-20,10,-10.65,0.0,60.94956690191735,Tsho Rolpa,4580,1.54,12.0
2023-10-21,10,-9.5,0.0,55.46287640577812,Tsho Rolpa,4580,1.54,12.0
2023-10-22,10,-10.95,0.0,55.3907182791572,Tsho Rolpa,4580,1.54,12.0
2023-10-23,10,-11.05,0.0,56.97948169101056,Tsho Rolpa,4580,1.54,12.0
2023-10-24,10,-11.100000000000001,0.0,57.03426290030795,Tsho Rolpa,4580,1.54,12.0
2023-10-25,10,-12.149999999999999,0.0,40.20622909905923,Tsho Rolpa,4580,1.54,12.0
2023-10-26,10,-11.15,0.0,60.5839509695616,Tsho Rolpa,4580,1.54,12.0
2023-10-27,10,-10.55,0.0,44.00405867571754,Tsho Rolpa,4580,1.54,12.0
2023-10-28,10,-8.15,0.0,42.573109509447924,Tsho Rolpa,4580,1.54,12.0
2023-10-29,10,-9.5,0.0,67.96775202281538,Tsho Rolpa,4580,1.54,12.0
2023-10-30,10,-10.65,0.0,41.799566251158154,Tsho Rolpa,4580,1.54,12.0
2023-10-31,10,-10.05,0.0,48.09333632471649,Tsho Rolpa,4580,1.54,12.0
2023-11-01,11,-9.25,0.0,62.97677734751791,Tsho Rolpa,4580,1.54,12.0
2023-11-02,11,-9.55,0.0,44.734948058816954,Tsho Rolpa,4580,1.54,12.0
2023-11-03,11,-11.600000000000001,0.0,46.20034872083424,Tsho Rolpa,4580,1.54,12.0
2023-11-04,11,-13.75,0.0,48.17593088348532,Tsho Rolpa,4580,1.54,12.0
2023-11-05,11,-11.1,0.0,66.73881457453476,Tsho Rolpa,4580,1.54,12.0
2023-11-06,11,-11.649999999999999,0.0,44.372042512681254,Tsho Rolpa,4580,1.54,12.0
2023-11-07,11,-11.7,0.0,47.47361103123081,Tsho Rolpa,4580,1.54,12.0
2023-11-08,11,-12.8,0.0,68.27269201360777,Tsho Rolpa,4580,1.54,12.0
2023-11-09,11,-11.2,0.0,63.28127101011565,Tsho Rolpa,4580,1.54,12.0
2023-11-10,11,-11.5,0.0,55.805903663207644,Tsho Rolpa,4580,1.54,12.0
2023-11-11,11,-12.8,0.0,51.27769952084229,Tsho Rolpa,4580,1.54,12.0
2023-11-12,11,-9.95,0.0,56.53248019450361,Tsho Rolpa,4580,1.54,12.0
2023-11-13,11,-11.100000000000001,0.0,55.10195587379358,Tsho Rolpa,4580,1.54,12.0
2023-11-14,11,-8.75,0.0,53.973233233937485,Tsho Rolpa,4580,1.54,12.0
2023-11-15,11,-9.55,0.0,68.32276011593714,Tsho Rolpa,4580,1.54,12.0
2023-11-16,11,-9.350000000000001,0.0,48.98931145235571,Tsho Rolpa,4580,1.54,12.0
2023-11-17,11,-10.8,0.0,62.11848306557765,Tsho Rolpa,4580,1.54,12.0
2023-11-18,11,-8.1,0.0,64.19723552081173,Tsho Rolpa,4580,1.54,12.0
2023-11-19,11,-6.35,0.0,69.43442686960795,Tsho Rolpa,4580,1.54,12.0
2023-11-20,11,-7.75,0.0,62.51965686544101,Tsho Rolpa,4580,1.54,12.0
2023-11-21,11,-11.25,0.0,60.15980480226686,Tsho Rolpa,4580,1.54,12.0
2023-11-22,11,-10.649999999999999,0.0,67.46494766369938,Tsho Rolpa,4580,1.54,12.0
2023-11-23,11,-12.0,0.0,61.652412986327164,Tsho Rolpa,4580,1.54,12.0
2023-11-24,11,-12.75,0.0,41.45532951465802,Tsho Rolpa,4580,1.54,12.0
2023-11-25,11,-9.149999999999999,0.0,50.64366480913582,Tsho Rolpa,4580,1.54,12.0
2023-11-26,11,-8.3,0.0,40.698460959803455,Tsho Rolpa,4580,1.54,12.0
2023-11-27,11,-8.5,0.0,68.06399181038054,Tsho Rolpa,4580,1.54,12.0
2023-11-28,11,-12.100000000000001,0.0,41.15223059811719,Tsho Rolpa,4580,1.54,12.0
2023-11-29,11,-12.9,0.0,62.290717383920665,Tsho Rolpa,4580,1.54,12.0
2023-11-30,11,-12.8,0.0,52.375711375958964,Tsho Rolpa,4580,1.54,12.0
2023-12-01,12,-15.15,0.0,40.944258873543625,Tsho Rolpa,4580,1.54,12.0
2023-12-02,12,-14.65,0.0,48.86659418960707,Tsho Rolpa,4580,1.54,12.0
2023-12-03,12,-11.7,0.0,57.40888426897547,Tsho Rolpa,4580,1.54,12.0
2023-12-04,12,-12.25,0.2,81.6122006583872,Tsho Rolpa,4580,1.54,12.0
2023-12-05,12,-12.05,0.5,87.48585999621702,Tsho Rolpa,4580,1.54,12.0
2023-12-06,12,-7.8999999999999995,0.0,54.67923532920594,Tsho Rolpa,4580,1.54,12.0
2023-12-07,12,-9.4,0.0,63.507695844230454,Tsho Rolpa,4580,1.54,12.0
2023-12-08,12,-13.2,0.0,49.083054570130905,Tsho Rolpa,4580,1.54,12.0
2023-12-09,12,-11.55,0.0,63.65277379204245,Tsho Rolpa,4580,1.54,12.0
2023-12-10,12,-13.05,0.0,60.33296261630004,Tsho Rolpa,4580,1.54,12.0
2023-12-11,12,-12.05,0.0,45.08626383115277,Tsho Rolpa,4580,1.54,12.0
2023-12-12,12,-17.4,0.0,45.14496521541714,Tsho Rolpa,4580,1.54,12.0
2023-12-13,12,-19.6,0.0,62.984447355116735,Tsho Rolpa,4580,1.54,12.0
2023-12-14,12,-9.05,0.0,57.7738131661818,Tsho Rolpa,4580,1.54,12.0
2023-12-15,12,-4.75,0.0,43.39063959820041,Tsho Rolpa,4580,1.54,12.0
2023-12-16,12,-5.800000000000001,0.0,45.474009247200215,Tsho Rolpa,4580,1.54,12.0
2023-12-17,12,-10.3,0.0,48.81273019893499,Tsho Rolpa,4580,1.54,12.0
2023-12-18,12,-12.35,0.0,50.69439888952824,Tsho Rolpa,4580,1.54,12.0
2023-12-19,12,-7.0,0.0,54.094255088772115,Tsho Rolpa,4580,1.54,12.0
2023-12-20,12,-7.1000000000000005,0.0,55.88706418952379,Tsho Rolpa,4580,1.54,12.0
2023-12-21,12,-9.149999999999999,0.0,69.90224299100595,Tsho Rolpa,4580,1.54,12.0
2023-12-22,12,-7.5,0.0,41.910185426822615,Tsho Rolpa,4580,1.54,12.0
2023-12-23,12,-9.100000000000001,0.0,45.063671759350946,Tsho Rolpa,4580,1.54,12.0
2023-12-24,12,-13.4,0.0,68.64853868040163,Tsho Rolpa,4580,1.54,12.0
2023-12-25,12,-10.0,0.0,42.61929476841141,Tsho Rolpa,4580,1.54,12.0
2023-12-26,12,-9.9,0.0,43.16575558169745,Tsho Rolpa,4580,1.54,12.0
2023-12-27,12,-10.35,0.0,45.643316217124024,Tsho Rolpa,4580,1.54,12.0
2023-12-28,12,-12.15,0.0,49.794978480446,Tsho Rolpa,4580,1.54,12.0
2023-12-29,12,-13.5,0.0,43.89249032658046,Tsho Rolpa,4580,1.54,12.0
2023-12-30,12,-15.2,0.0,65.60466282052272,Tsho Rolpa,4580,1.54,12.0
2023-12-31,12,-14.75,0.0,54.90895487553858,Tsho Rolpa,4580,1.54,12.0
2024-01-01,1,-17.45,0.0,44.113383455645916,Tsho Rolpa,4580,1.54,12.0
2024-01-02,1,-17.25,0.0,44.144038920841496,Tsho Rolpa,4580,1.54,12.0
2024-01-03,1,-18.85,0.0,46.34199131767608,Tsho Rolpa,4580,1.54,12.0
2024-01-04,1,-20.15,0.0,62.35971736151461,Tsho Rolpa,4580,1.54,12.0
2024-01-05,1,-18.2,0.0,51.75722065236737,Tsho Rolpa,4580,1.54,12.0
2024-01-06,1,-18.9,0.1,79.15881621810685,Tsho Rolpa,4580,1.54,12.0
2024-01-07,1,-20.5,0.0,52.99819462295513,Tsho Rolpa,4580,1.54,12.0
2024-01-08,1,-15.75,0.0,57.30653108423658,Tsho Rolpa,4580,1.54,12.0
2024-01-09,1,-13.6,0.0,42.974330664874856,Tsho Rolpa,4580,1.54,12.0
2024-01-10,1,-14.1,0.0,43.40741145098447,Tsho Rolpa,4580,1.54,12.0
2024-01-11,1,-10.0,0.0,51.601315557090416,Tsho Rolpa,4580,1.54,12.0
2024-01-12,1,-11.2,0.0,40.44549291301297,Tsho Rolpa,4580,1.54,12.0
2024-01-13,1,-9.95,0.0,55.346937407650586,Tsho Rolpa,4580,1.54,12.0
2024-01-14,1,-12.3,0.0,64.54033211897658,Tsho Rolpa,4580,1.54,12.0
2024-01-15,1,-15.65,0.0,60.98542671890396,Tsho Rolpa,4580,1.54,12.0
2024-01-16,1,-18.75,0.1,79.52694090574397,Tsho Rolpa,4580,1.54,12.0
2024-01-17,1,-20.55,0.0,59.086816776439576,Tsho Rolpa,4580,1.54,12.0
2024-01-18,1,-20.1,0.0,55.605542452841675,Tsho Rolpa,4580,1.54,12.0
2024-01-19,1,-16.75,0.0,63.01731474799719,Tsho Rolpa,4580,1.54,12.0
2024-01-20,1,-14.5,0.0,44.87952569439775,Tsho Rolpa,4580,1.54,12.0
2024-01-21,1,-16.8,0.0,60.84235131620624,Tsho Rolpa,4580,1.54,12.0
2024-01-22,1,-15.35,0.0,51.89303084649306,Tsho Rolpa,4580,1.54,12.0
2024-01-23,1,-19.65,0.0,48.17225617747009,Tsho Rolpa,4580,1.54,12.0
2024-01-24,1,-19.55,0.0,58.25585316111689,Tsho Rolpa,4580,1.54,12.0
2024-01-25,1,-18.8,0.0,45.67425382842768,Tsho Rolpa,4580,1.54,12.0
2024-01-26,1,-20.1,0.0,63.911191990777,Tsho Rolpa,4580,1.54,12.0
2024-01-27,1,-20.15,0.0,46.76078253486456,Tsho Rolpa,4580,1.54,12.0
2024-01-28,1,-15.35,0.0,65.57841561793694,Tsho Rolpa,4580,1.54,12.0
2024-01-29,1,-17.4,0.0,64.51780603411403,Tsho Rolpa,4580,1.54,12.0
2024-01-30,1,-17.75,0.0,51.33628631502748,Tsho Rolpa,4580,1.54,12.0
2024-01-31,1,-17.549999999999997,0.0,51.36247904800419,Tsho Rolpa,4580,1.54,12.0
2024-02-01,2,-20.5,0.0,59.91299932653186,Tsho Rolpa,4580,1.54,12.0
2024-02-02,2,-22.299999999999997,0.0,53.02994021928458,Tsho Rolpa,4580,1.54,12.0
2024-02-03,2,-19.55,0.0,62.06243763621123,Tsho Rolpa,4580,1.54,12.0
2024-02-04,2,-18.7,0.0,66.80357195779354,Tsho Rolpa,4580,1.54,12.0
2024-02-05,2,-20.15,0.0,56.135271829192064,Tsho Rolpa,4580,1.54,12.0
2024-02-06,2,-19.55,0.0,63.09915548772338,Tsho Rolpa,4580,1.54,12.0
2024-02-07,2,-16.75,0.0,52.285123618878984,Tsho Rolpa,4580,1.54,12.0
2024-02-08,2,-19.55,0.0,59.01438792684772,Tsho Rolpa,4580,1.54,12.0
2024-02-09,2,-17.1,0.0,47.40742512058851,Tsho Rolpa,4580,1.54,12.0
2024-02-10,2,-18.3,0.0,69.51990601076376,Tsho Rolpa,4580,1.54,12.0
2024-02-11,2,-18.45,0.0,46.94034087509898,Tsho Rolpa,4580,1.54,12.0
2024-02-12,2,-17.85,0.0,44.1141773838674,Tsho Rolpa,4580,1.54,12.0
2024-02-13,2,-17.0,0.0,56.468687576287834,Tsho Rolpa,4580,1.54,12.0
2024-02-14,2,-17.2,0.0,53.519046228484,Tsho Rolpa,4580,1.54,12.0
2024-02-15,2,-16.2,0.0,45.30023894728138,Tsho Rolpa,4580,1.54,12.0
2024-02-16,2,-13.3,0.0,42.919316360100666,Tsho Rolpa,4580,1.54,12.0
2024-02-17,2,-13.3,0.0,53.44203359034985,Tsho Rolpa,4580,1.54,12.0
2024-02-18,2,-13.35,0.0,63.04549634816968,Tsho Rolpa,4580,1.54,12.0
2024-02-19,2,-15.55,0.0,48.01593825954278,Tsho Rolpa,4580,1.54,12.0
2024-02-20,2,-20.0,0.0,48.57687069155872,Tsho Rolpa,4580,1.54,12.0
2024-02-21,2,-20.6,0.1,90.64672832099306,Tsho Rolpa,4580,1.54,12.0
2024-02-22,2,-20.35,0.2,77.40014838015895,Tsho Rolpa,4580,1.54,12.0
2024-02-23,2,-26.45,0.3,81.09891469251856,Tsho Rolpa,4580,1.54,12.0
2024-02-24,2,-22.4,0.0,65.1919712397444,Tsho Rolpa,4580,1.54,12.0
2024-02-25,2,-22.65,0.0,58.43109487272038,Tsho Rolpa,4580,1.54,12.0
2024-02-26,2,-15.649999999999999,0.0,67.96850924528238,Tsho Rolpa,4580,1.54,12.0
2024-02-27,2,-14.75,0.0,42.2799608582751,Tsho Rolpa,4580,1.54,12.0
2024-02-28,2,-18.95,0.0,59.317169954563745,Tsho Rolpa,4580,1.54,12.0
2024-02-29,2,-15.05,0.0,64.02159606119231,Tsho Rolpa,4580,1.54,12.0
2024-03-01,3,-12.149999999999999,0.0,45.96761049798046,Tsho Rolpa,4580,1.54,12.0
2024-03-02,3,-13.3,0.0,53.90274135866884,Tsho Rolpa,4580,1.54,12.0
2024-03-03,3,-14.55,0.2,94.22062679567146,Tsho Rolpa,4580,1.54,12.0
2024-03-04,3,-17.9,0.0,47.44336961147183,Tsho Rolpa,4580,1.54,12.0
2024-03-05,3,-15.2,0.0,63.242706063158806,Tsho Rolpa,4580,1.54,12.0
2024-03-06,3,-16.25,0.0,69.26340252538532,Tsho Rolpa,4580,1.54,12.0
2024-03-07,3,-20.3,0.1,88.82460846108354,Tsho Rolpa,4580,1.54,12.0
2024-03-08,3,-17.9,0.0,47.85408129559736,Tsho Rolpa,4580,1.54,12.0
2024-03-09,3,-15.75,0.0,65.66161217097007,Tsho Rolpa,4580,1.54,12.0
2024-03-10,3,-10.75,0.0,65.04131699332909,Tsho Rolpa,4580,1.54,12.0
2024-03-11,3,-10.9,0.0,61.61130624490772,Tsho Rolpa,4580,1.54,12.0
2024-03-12,3,-14.55,0.0,44.533236177505856,Tsho Rolpa,4580,1.54,12.0
2024-03-13,3,-15.35,0.0,45.17854834394472,Tsho Rolpa,4580,1.54,12.0
2024-03-14,3,-17.6,0.0,47.413120444241514,Tsho Rolpa,4580,1.54,12.0
2024-03-15,3,-15.3,0.0,44.45303676979378,Tsho Rolpa,4580,1.54,12.0
2024-03-16,3,-16.0,0.0,52.58675684568009,Tsho Rolpa,4580,1.54,12.0
2024-03-17,3,-14.6,0.0,62.08409869393243,Tsho Rolpa,4580,1.54,12.0
2024-03-18,3,-15.9,0.0,65.0197346819707,Tsho Rolpa,4580,1.54,12.0
2024-03-19,3,-15.8,0.0,67.15896829010252,Tsho Rolpa,4580,1.54,12.0
2024-03-20,3,-13.350000000000001,0.0,41.87530726976915,Tsho Rolpa,4580,1.54,12.0
2024-03-21,3,-13.1,0.0,46.119610831255386,Tsho Rolpa,4580,1.54,12.0
2024-03-22,3,-13.9,0.0,55.67361147048963,Tsho Rolpa,4580,1.54,12.0
2024-03-23,3,-12.05,0.0,42.22941503889598,Tsho Rolpa,4580,1.54,12.0
2024-03-24,3,-8.9,0.0,42.93413901216926,Tsho Rolpa,4580,1.54,12.0
2024-03-25,3,-12.7,0.0,53.64066493232806,Tsho Rolpa,4580,1.54,12.0
2024-03-26,3,-12.7,0.0,40.90510909677573,Tsho Rolpa,4580,1.54,12.0
2024-03-27,3,-10.3,0.0,54.39653076876065,Tsho Rolpa,4580,1.54,12.0
2024-03-28,3,-8.600000000000001,0.0,42.641289789227265,Tsho Rolpa,4580,1.54,12.0
2024-03-29,3,-8.25,0.0,44.275053934832954,Tsho Rolpa,4580,1.54,12.0
2024-03-30,3,-7.15,0.0,58.27289501771577,Tsho Rolpa,4580,1.54,12.0
2024-03-31,3,-10.7,0.0,46.677430410303685,Tsho Rolpa,4580,1.54,12.0
2024-04-01,4,-11.0,0.0,56.03910075574244,Tsho Rolpa,4580,1.54,12.0
2024-04-02,4,-10.55,0.0,68.96292218485138,Tsho Rolpa,4580,1.54,12.0
2024-04-03,4,-10.6,0.0,52.80890736221548,Tsho Rolpa,4580,1.54,12.0
2024-04-04,4,-12.05,0.0,46.85155066974069,Tsho Rolpa,4580,1.54,12.0
2024-04-05,4,-12.8,0.0,50.26441303164813,Tsho Rolpa,4580,1.54,12.0
2024-04-06,4,-13.6,0.0,41.51796243243289,Tsho Rolpa,4580,1.54,12.0
2024-04-07,4,-14.350000000000001,0.0,49.008089811207704,Tsho Rolpa,4580,1.54,12.0
2024-04-08,4,-14.350000000000001,0.0,43.11837326473631,Tsho Rolpa,4580,1.54,12.0
2024-04-09,4,-13.45,0.0,50.4646275497292,Tsho Rolpa,4580,1.54,12.0
2024-04-10,4,-13.8,0.0,58.56381836691125,Tsho Rolpa,4580,1.54,12.0
2024-04-11,4,-14.100000000000001,0.0,55.68138817635521,Tsho Rolpa,4580,1.54,12.0
2024-04-12,4,-12.55,0.0,55.87395903865688,Tsho Rolpa,4580,1.54,12.0
2024-04-13,4,-12.25,0.2,81.75879745078748,Tsho Rolpa,4580,1.54,12.0
2024-04-14,4,-10.35,0.0,50.72454828114742,Tsho Rolpa,4580,1.54,12.0
2024-04-15,4,-7.7,0.0,50.22375698117704,Tsho Rolpa,4580,1.54,12.0
2024-04-16,4,-6.95,0.0,41.29665333049677,Tsho Rolpa,4580,1.54,12.0
2024-04-17,4,-7.9,0.0,60.93842787688614,Tsho Rolpa,4580,1.54,12.0
2024-04-18,4,-6.15,0.0,58.29131903437583,Tsho Rolpa,4580,1.54,12.0
2024-04-19,4,-6.1,0.0,50.816081564306025,Tsho Rolpa,4580,1.54,12.0
2024-04-20,4,-8.35,0.0,61.64058664956633,Tsho Rolpa,4580,1.54,12.0
2024-04-21,4,-8.4,0.0,69.39325989603037,Tsho Rolpa,4580,1.54,12.0
2024-04-22,4,-8.95,0.0,51.259081163952,Tsho Rolpa,4580,1.54,12.0
2024-04-23,4,-10.75,0.0,49.303097619723374,Tsho Rolpa,4580,1.54,12.0
2024-04-24,4,-12.649999999999999,0.0,64.72052285988264,Tsho Rolpa,4580,1.54,12.0
2024-04-25,4,-9.45,0.0,63.22448869621283,Tsho Rolpa,4580,1.54,12.0
2024-04-26,4,-8.5,0.0,53.047712782492,Tsho Rolpa,4580,1.54,12.0
2024-04-27,4,-9.25,0.0,64.59454088547571,Tsho Rolpa,4580,1.54,12.0
2024-04-28,4,-9.350000000000001,0.0,69.6746698683045,Tsho Rolpa,4580,1.54,12.0
2024-04-29,4,-7.35,0.0,65.72497465517104,Tsho Rolpa,4580,1.54,12.0
2024-04-30,4,-8.25,0.0,61.314677123250505,Tsho Rolpa,4580,1.54,12.0
2024-05-01,5,-11.15,0.0,68.90086126540783,Tsho Rolpa,4580,1.54,12.0
2024-05-02,5,-12.8,0.0,68.62493951263835,Tsho Rolpa,4580,1.54,12.0
2024-05-03,5,-7.0,0.0,69.62694311336301,Tsho Rolpa,4580,1.54,12.0
2024-05-04,5,-6.9,0.2,91.17632591193575,Tsho Rolpa,4580,1.54,12.0
2024-05-05,5,-8.3,0.0,64.20490384566887,Tsho Rolpa,4580,1.54,12.0
2024-05-06,5,-7.7,0.4,77.16721262684096,Tsho Rolpa,4580,1.54,12.0
2024-05-07,5,-8.25,0.2,77.50338230561857,Tsho Rolpa,4580,1.54,12.0
2024-05-08,5,-9.05,0.5,76.08047845059957,Tsho Rolpa,4580,1.54,12.0
2024-05-09,5,-8.25,1.1,85.84278804137404,Tsho Rolpa,4580,1.54,12.0
2024-05-10,5,-6.1499999999999995,0.0,65.12799391084701,Tsho Rolpa,4580,1.54,12.0
2024-05-11,5,-5.05,0.0,50.79511453281769,Tsho Rolpa,4580,1.54,12.0
2024-05-12,5,-6.65,0.2,92.11381345992694,Tsho Rolpa,4580,1.54,12.0
2024-05-13,5,-6.75,0.0,55.97099045466673,Tsho Rolpa,4580,1.54,12.0
2024-05-14,5,-4.7,0.0,54.057585529677894,Tsho Rolpa,4580,1.54,12.0
2024-05-15,5,-4.65,0.1,94.30747736979595,Tsho Rolpa,4580,1.54,12.0
2024-05-16,5,-6.45,0.0,46.52732085797488,Tsho Rolpa,4580,1.54,12.0
2024-05-17,5,-5.0,0.0,45.77057940188271,Tsho Rolpa,4580,1.54,12.0
2024-05-18,5,-3.9499999999999997,0.0,59.283167123568795,Tsho Rolpa,4580,1.54,12.0
2024-05-19,5,-5.15,1.4,78.26318764651573,Tsho Rolpa,4580,1.54,12.0
2024-05-20,5,-5.6,1.7,88.01976568923152,Tsho Rolpa,4580,1.54,12.0
2024-05-21,5,-4.75,0.1,80.14152406577585,Tsho Rolpa,4580,1.54,12.0
2024-05-22,5,-4.1,0.0,42.725254321473784,Tsho Rolpa,4580,1.54,12.0
2024-05-23,5,-3.6500000000000004,0.8,90.9038661291731,Tsho Rolpa,4580,1.54,12.0
2024-05-24,5,-2.85,0.2,85.2060327325283,Tsho Rolpa,4580,1.54,12.0
2024-05-25,5,-2.15,1.1,91.85265243613428,Tsho Rolpa,4580,1.54,12.0
2024-05-26,5,-1.7999999999999998,0.2,79.38113733759216,Tsho Rolpa,4580,1.54,12.0
2024-05-27,5,-2.3,0.3,94.09592420597613,Tsho Rolpa,4580,1.54,12.0
2024-05-28,5,-1.85,1.2,90.98103951482476,Tsho Rolpa,4580,1.54,12.0
2024-05-29,5,-3.45,0.0,44.31192085374981,Tsho Rolpa,4580,1.54,12.0
2024-05-30,5,-3.2,0.0,66.7628667270516,Tsho Rolpa,4580,1.54,12.0
2024-05-31,5,-2.35,0.0,56.21225024620331,Tsho Rolpa,4580,1.54,12.0
2024-06-01,6,-4.05,0.0,50.59195030866246,Tsho Rolpa,4580,1.54,12.0
2024-06-02,6,-3.75,0.1,88.9796114799005,Tsho Rolpa,4580,1.54,12.0
2024-06-03,6,-4.85,0.0,48.78874223847942,Tsho Rolpa,4580,1.54,12.0
2024-06-04,6,-3.55,0.0,46.59801131303487,Tsho Rolpa,4580,1.54,12.0
2024-06-05,6,-4.9,0.0,42.46667022658642,Tsho Rolpa,4580,1.54,12.0
2024-06-06,6,-2.65,0.0,55.21207563754944,Tsho Rolpa,4580,1.54,12.0
2024-06-07,6,-2.9499999999999997,0.0,40.81044750527548,Tsho Rolpa,4580,1.54,12.0
2024-06-08,6,-1.6,0.0,69.33359953781344,Tsho Rolpa,4580,1.54,12.0
2024-06-09,6,-0.29999999999999993,0.0,68.06482804221781,Tsho Rolpa,4580,1.54,12.0
2024-06-10,6,0.19999999999999996,0.0,50.963887685636536,Tsho Rolpa,4580,1.54,12.0
2024-06-11,6,0.0,0.0,41.41974016747163,Tsho Rolpa,4580,1.54,12.0
2024-06-12,6,-0.3999999999999999,0.1,75.5654591415768,Tsho Rolpa,4580,1.54,12.0
2024-06-13,6,-0.3999999999999999,0.1,78.27864350045088,Tsho Rolpa,4580,1.54,12.0
2024-06-14,6,0.15000000000000013,0.0,54.354376660971404,Tsho Rolpa,4580,1.54,12.0
2024-06-15,6,-0.45000000000000007,0.0,68.14353167050115,Tsho Rolpa,4580,1.54,12.0
2024-06-16,6,0.19999999999999996,0.8,79.5020277063834,Tsho Rolpa,4580,1.54,12.0
2024-06-17,6,0.25,0.8,92.86957114988701,Tsho Rolpa,4580,1.54,12.0
2024-06-18,6,0.5999999999999999,1.0,93.2943086011805,Tsho Rolpa,4580,1.54,12.0
2024-06-19,6,-0.30000000000000004,1.1,77.14211133813586,Tsho Rolpa,4580,1.54,12.0
2024-06-20,6,-0.7500000000000001,0.2,81.12790674107595,Tsho Rolpa,4580,1.54,12.0
2024-06-21,6,-0.8499999999999999,0.1,77.45349843989534,Tsho Rolpa,4580,1.54,12.0
2024-06-22,6,-0.85,0.9,75.42924188016018,Tsho Rolpa,4580,1.54,12.0
2024-06-23,6,-1.0999999999999999,0.9,78.2932623130401,Tsho Rolpa,4580,1.54,12.0
2024-06-24,6,-1.0499999999999998,1.3,80.56506750285206,Tsho Rolpa,4580,1.54,12.0
2024-06-25,6,-0.7,1.4,85.5903551288426,Tsho Rolpa,4580,1.54,12.0
2024-06-26,6,-0.85,4.6,83.75550746985766,Tsho Rolpa,4580,1.54,12.0
2024-06-27,6,-0.7999999999999999,3.4,82.1749455775856,Tsho Rolpa,4580,1.54,12.0
2024-06-28,6,-0.35,1.4,87.30534664662113,Tsho Rolpa,4580,1.54,12.0
2024-06-29,6,-0.10000000000000009,3.4,75.88549268022749,Tsho Rolpa,4580,1.54,12.0
2024-06-30,6,-0.25,1.2,77.38598954514045,Tsho Rolpa,4580,1.54,12.0
2024-07-01,7,-0.6500000000000001,4.3,82.24974268110576,Tsho Rolpa,4580,1.54,12.0
2024-07-02,7,-0.4,15.1,84.74573603859128,Tsho Rolpa,4580,1.54,12.0
2024-07-03,7,0.5,7.2,88.7192460828243,Tsho Rolpa,4580,1.54,12.0
2024-07-04,7,0.7,8.7,77.38984186703921,Tsho Rolpa,4580,1.54,12.0
2024-07-05,7,-0.25,4.1,92.7874096419019,Tsho Rolpa,4580,1.54,12.0
2024-07-06,7,-1.35,1.6,81.75485196102562,Tsho Rolpa,4580,1.54,12.0
2024-07-07,7,-1.1,3.0,76.04581229614077,Tsho Rolpa,4580,1.54,12.0
2024-07-08,7,-2.65,0.1,80.43001022520897,Tsho Rolpa,4580,1.54,12.0
2024-07-09,7,-2.7,0.7,80.08751693822407,Tsho Rolpa,4580,1.54,12.0
2024-07-10,7,-1.7999999999999998,3.4,90.07122791032148,Tsho Rolpa,4580,1.54,12.0
2024-07-11,7,-0.55,1.4,83.32441950938035,Tsho Rolpa,4580,1.54,12.0
2024-07-12,7,-0.45,6.5,80.54718099735379,Tsho Rolpa,4580,1.54,12.0
2024-07-13,7,-1.7999999999999998,2.5,76.45006975682529,Tsho Rolpa,4580,1.54,12.0
2024-07-14,7,-1.35,4.1,80.379209654538,Tsho Rolpa,4580,1.54,12.0
2024-07-15,7,1.2999999999999998,8.5,93.7899816239817,Tsho Rolpa,4580,1.54,12.0
2024-07-16,7,0.7,9.3,89.07962782736513,Tsho Rolpa,4580,1.54,12.0
2024-07-17,7,-0.09999999999999998,10.1,82.53805341452579,Tsho Rolpa,4580,1.54,12.0
2024-07-18,7,0.30000000000000004,3.0,91.15870791675665,Tsho Rolpa,4580,1.54,12.0
2024-07-19,7,0.5,5.8,78.28277203419633,Tsho Rolpa,4580,1.54,12.0
2024-07-20,7,1.05,18.2,86.8650843462686,Tsho Rolpa,4580,1.54,12.0
2024-07-21,7,0.75,9.7,85.88278716861026,Tsho Rolpa,4580,1.54,12.0
2024-07-22,7,1.2000000000000002,10.0,77.97358835777537,Tsho Rolpa,4580,1.54,12.0
2024-07-23,7,0.39999999999999997,12.5,93.95179336724802,Tsho Rolpa,4580,1.54,12.0
2024-07-24,7,0.7,14.7,88.49854985679355,Tsho Rolpa,4580,1.54,12.0
2024-07-25,7,1.2,22.9,84.57846236782747,Tsho Rolpa,4580,1.54,12.0
2024-07-26,7,0.45000000000000007,5.7,82.8212980802805,Tsho Rolpa,4580,1.54,12.0
2024-07-27,7,-0.4500000000000002,6.0,81.31966434733162,Tsho Rolpa,4580,1.54,12.0
2024-07-28,7,1.6,8.2,82.66069671318468,Tsho Rolpa,4580,1.54,12.0
2024-07-29,7,1.4,1.1,92.52502130695451,Tsho Rolpa,4580,1.54,12.0
2024-07-30,7,0.7499999999999999,0.6,93.96552055745417,Tsho Rolpa,4580,1.54,12.0
2024-07-31,7,-0.25,2.4,84.93859699342059,Tsho Rolpa,4580,1.54,12.0
2024-08-01,8,-0.5,5.2,76.97111116251257,Tsho Rolpa,4580,1.54,12.0
2024-08-02,8,-0.9,5.0,87.33844796568599,Tsho Rolpa,4580,1.54,12.0
2024-08-03,8,-0.75,2.7,88.69248686411287,Tsho Rolpa,4580,1.54,12.0
2024-08-04,8,-0.6,4.3,79.61517990611922,Tsho Rolpa,4580,1.54,12.0
2024-08-05,8,0.5499999999999999,6.0,92.25995275988006,Tsho Rolpa,4580,1.54,12.0
2024-08-06,8,-0.7999999999999999,1.5,90.79669581032064,Tsho Rolpa,4580,1.54,12.0
2024-08-07,8,-1.0,3.5,78.12209928295195,Tsho Rolpa,4580,1.54,12.0
2024-08-08,8,-0.95,6.6,76.28724004231849,Tsho Rolpa,4580,1.54,12.0
2024-08-09,8,-0.7999999999999999,4.0,81.86079023378156,Tsho Rolpa,4580,1.54,12.0
2024-08-10,8,-0.9500000000000001,6.4,80.94979236084082,Tsho Rolpa,4580,1.54,12.0
2024-08-11,8,-1.65,2.7,87.37028892610606,Tsho Rolpa,4580,1.54,12.0
2024-08-12,8,-2.55,5.9,88.00713993867522,Tsho Rolpa,4580,1.54,12.0
2024-08-13,8,-0.6499999999999999,8.7,83.9838835425559,Tsho Rolpa,4580,1.54,12.0
2024-08-14,8,-0.65,2.6,90.59410413082875,Tsho Rolpa,4580,1.54,12.0
2024-08-15,8,-1.65,0.0,67.97763774846035,Tsho Rolpa,4580,1.54,12.0
2024-08-16,8,-1.85,0.1,86.52600085423275,Tsho Rolpa,4580,1.54,12.0
2024-08-17,8,-1.45,0.7,94.35589058372321,Tsho Rolpa,4580,1.54,12.0
2024-08-18,8,-1.6,2.2,80.92667081876606,Tsho Rolpa,4580,1.54,12.0
2024-08-19,8,-2.4000000000000004,3.6,76.21417722237639,Tsho Rolpa,4580,1.54,12.0
2024-08-20,8,-2.0,2.8,82.09243410250107,Tsho Rolpa,4580,1.54,12.0
2024-08-21,8,-1.8,2.3,84.11609230912471,Tsho Rolpa,4580,1.54,12.0
2024-08-22,8,-0.9,7.0,90.3187137546157,Tsho Rolpa,4580,1.54,12.0
2024-08-23,8,-0.5,2.6,80.28392164103118,Tsho Rolpa,4580,1.54,12.0
2024-08-24,8,-1.4499999999999997,2.0,83.44429711234804,Tsho Rolpa,4580,1.54,12.0
2024-08-25,8,-1.65,0.3,83.41469073275759,Tsho Rolpa,4580,1.54,12.0
2024-08-26,8,-2.3,0.8,77.82917304791985,Tsho Rolpa,4580,1.54,12.0
2024-08-27,8,-1.4000000000000001,0.2,84.45591873823004,Tsho Rolpa,4580,1.54,12.0
2024-08-28,8,-1.6999999999999997,0.6,85.2789462092118,Tsho Rolpa,4580,1.54,12.0
2024-08-29,8,-2.2,0.9,86.37703726926873,Tsho Rolpa,4580,1.54,12.0
2024-08-30,8,-1.9499999999999997,0.3,76.84045201885579,Tsho Rolpa,4580,1.54,12.0
2024-08-31,8,-1.0999999999999999,6.3,85.82279538054458,Tsho Rolpa,4580,1.54,12.0
2024-09-01,9,-1.8,5.4,85.58206276088512,Tsho Rolpa,4580,1.54,12.0
2024-09-02,9,-1.55,1.2,86.66598694081574,Tsho Rolpa,4580,1.54,12.0
2024-09-03,9,-1.7,4.6,85.01743953712322,Tsho Rolpa,4580,1.54,12.0
2024-09-04,9,-2.35,3.0,82.02868355970273,Tsho Rolpa,4580,1.54,12.0
2024-09-05,9,-1.75,2.1,88.26294003579098,Tsho Rolpa,4580,1.54,12.0
2024-09-06,9,-1.3499999999999999,2.3,84.84861511897486,Tsho Rolpa,4580,1.54,12.0
2024-09-07,9,-1.3499999999999999,2.3,94.13987611107993,Tsho Rolpa,4580,1.54,12.0
2024-09-08,9,-2.1,3.6,75.68233626210721,Tsho Rolpa,4580,1.54,12.0
2024-09-09,9,-1.0999999999999999,5.3,92.4812714852663,Tsho Rolpa,4580,1.54,12.0
2024-09-10,9,-0.7,1.3,91.06839333829814,Tsho Rolpa,4580,1.54,12.0
2024-09-11,9,-1.75,1.0,78.90633801490111,Tsho Rolpa,4580,1.54,12.0
2024-09-12,9,-1.4000000000000001,2.8,80.88185212301033,Tsho Rolpa,4580,1.54,12.0
2024-09-13,9,-2.95,1.4,84.17202865694601,Tsho Rolpa,4580,1.54,12.0
2024-09-14,9,-1.95,2.5,94.76817881918336,Tsho Rolpa,4580,1.54,12.0
2024-09-15,9,-3.5999999999999996,3.1,87.80145453680247,Tsho Rolpa,4580,1.54,12.0
2024-09-16,9,-3.1500000000000004,0.9,92.5497892973869,Tsho Rolpa,4580,1.54,12.0
2024-09-17,9,-2.1,0.0,52.25867311970018,Tsho Rolpa,4580,1.54,12.0
2024-09-18,9,-2.45,0.2,83.38487147929274,Tsho Rolpa,4580,1.54,12.0
2024-09-19,9,-1.7499999999999998,0.2,88.64602257580692,Tsho Rolpa,4580,1.54,12.0
2024-09-20,9,-0.6,1.9,88.08007098419762,Tsho Rolpa,4580,1.54,12.0
2024-09-21,9,-2.7,3.3,84.11756892033895,Tsho Rolpa,4580,1.54,12.0
2024-09-22,9,-1.9000000000000001,0.1,92.43459371626585,Tsho Rolpa,4580,1.54,12.0
2024-09-23,9,-1.75,0.2,92.99807769209747,Tsho Rolpa,4580,1.54,12.0
2024-09-24,9,-2.15,1.7,81.21493060784458,Tsho Rolpa,4580,1.54,12.0
2024-09-25,9,-2.1,0.5,81.02137129718551,Tsho Rolpa,4580,1.54,12.0
2024-09-26,9,-2.5,0.3,83.50086553778826,Tsho Rolpa,4580,1.54,12.0
2024-09-27,9,-2.85,1.1,85.21153644185097,Tsho Rolpa,4580,1.54,12.0
2024-09-28,9,-2.75,1.3,94.63364718802356,Tsho Rolpa,4580,1.54,12.0
2024-09-29,9,-0.7000000000000001,0.1,81.85023431535197,Tsho Rolpa,4580,1.54,12.0
2024-09-30,9,-1.4,0.0,58.83188476751941,Tsho Rolpa,4580,1.54,12.0
2024-10-01,10,-1.95,0.0,60.55922942976785,Tsho Rolpa,4580,1.54,12.0
2024-10-02,10,-2.85,0.0,47.638432565996936,Tsho Rolpa,4580,1.54,12.0
2024-10-03,10,-5.3500000000000005,0.0,68.32316180268742,Tsho Rolpa,4580,1.54,12.0
2024-10-04,10,-6.15,0.0,67.60927285811074,Tsho Rolpa,4580,1.54,12.0
2024-10-05,10,-6.6,0.0,66.90089074074771,Tsho Rolpa,4580,1.54,12.0
2024-10-06,10,-6.8,0.0,68.67584871109096,Tsho Rolpa,4580,1.54,12.0
2024-10-07,10,-4.9,0.0,48.23514137808548,Tsho Rolpa,4580,1.54,12.0
2024-10-08,10,-7.15,0.0,63.594078650865136,Tsho Rolpa,4580,1.54,12.0
2024-10-09,10,-6.75,0.0,59.51618816803452,Tsho Rolpa,4580,1.54,12.0
2024-10-10,10,-6.5,0.0,63.06481184665603,Tsho Rolpa,4580,1.54,12.0
2024-10-11,10,-5.0,0.0,58.85181735907513,Tsho Rolpa,4580,1.54,12.0
2024-10-12,10,-6.1,0.0,49.57760665725629,Tsho Rolpa,4580,1.54,12.0
2024-10-13,10,-6.15,0.0,56.697353180014844,Tsho Rolpa,4580,1.54,12.0
2024-10-14,10,-8.0,0.0,51.87302588018444,Tsho Rolpa,4580,1.54,12.0
2024-10-15,10,-8.25,0.0,58.896087193218605,Tsho Rolpa,4580,1.54,12.0
2024-10-16,10,-9.6,0.0,41.62806014207309,Tsho Rolpa,4580,1.54,12.0
2024-10-17,10,-5.95,0.0,67.34290292590256,Tsho Rolpa,4580,1.54,12.0
2024-10-18,10,-8.9,0.0,56.38566458680191,Tsho Rolpa,4580,1.54,12.0
2024-10-19,10,-10.5,0.0,41.87658932022922,Tsho Rolpa,4580,1.54,12.0
2024-10-20,10,-8.6,0.0,49.17007109913041,Tsho Rolpa,4580,1.54,12.0
2024-10-21,10,-8.2,0.0,61.237474061516764,Tsho Rolpa,4580,1.54,12.0
2024-10-22,10,-10.6,0.0,50.09469031087415,Tsho Rolpa,4580,1.54,12.0
2024-10-23,10,-10.1,0.0,51.81239473507198,Tsho Rolpa,4580,1.54,12.0
2024-10-24,10,-8.6,0.0,44.650638087220585,Tsho Rolpa,4580,1.54,12.0
2024-10-25,10,-6.05,0.0,52.56022329589582,Tsho Rolpa,4580,1.54,12.0
2024-10-26,10,-4.2,0.0,40.50159517960619,Tsho Rolpa,4580,1.54,12.0
2024-10-27,10,-3.05,0.0,69.8151478029717,Tsho Rolpa,4580,1.54,12.0
2024-10-28,10,-5.8500000000000005,0.0,40.62234672710184,Tsho Rolpa,4580,1.54,12.0
2024-10-29,10,-6.85,0.0,44.12081272500856,Tsho Rolpa,4580,1.54,12.0
2024-10-30,10,-7.6,0.0,52.43532130026159,Tsho Rolpa,4580,1.54,12.0
2024-10-31,10,-5.949999999999999,0.0,66.29629794274462,Tsho Rolpa,4580,1.54,12.0
2024-11-01,11,-7.6,0.0,49.8239536036195,Tsho Rolpa,4580,1.54,12.0
2024-11-02,11,-7.699999999999999,0.0,46.42918117618467,Tsho Rolpa,4580,1.54,12.0
2024-11-03,11,-8.45,0.0,53.32091225988455,Tsho Rolpa,4580,1.54,12.0
2024-11-04,11,-8.95,0.2,88.70600562275571,Tsho Rolpa,4580,1.54,12.0
2024-11-05,11,-9.55,1.1,75.32617270609929,Tsho Rolpa,4580,1.54,12.0
2024-11-06,11,-7.3,0.0,53.74382009998639,Tsho Rolpa,4580,1.54,12.0
2024-11-07,11,-6.050000000000001,0.0,50.2527198438103,Tsho Rolpa,4580,1.54,12.0
2024-11-08,11,-4.55,0.0,51.80740984582193,Tsho Rolpa,4580,1.54,12.0
2024-11-09,11,-6.9,0.0,42.72704622661019,Tsho Rolpa,4580,1.54,12.0
2024-11-10,11,-10.0,0.0,45.742122583204576,Tsho Rolpa,4580,1.54,12.0
2024-11-11,11,-9.2,0.0,68.38030257362834,Tsho Rolpa,4580,1.54,12.0
2024-11-12,11,-9.5,0.0,46.133799416100516,Tsho Rolpa,4580,1.54,12.0
2024-11-13,11,-8.8,0.0,60.67975313907918,Tsho Rolpa,4580,1.54,12.0
2024-11-14,11,-5.449999999999999,0.0,58.95000319933611,Tsho Rolpa,4580,1.54,12.0
2024-11-15,11,-5.2,0.0,61.67150190721358,Tsho Rolpa,4580,1.54,12.0
2024-11-16,11,-7.05,0.0,51.1822224658722,Tsho Rolpa,4580,1.54,12.0
2024-11-17,11,-9.65,0.0,48.379531463520905,Tsho Rolpa,4580,1.54,12.0
2024-11-18,11,-7.6000000000000005,0.0,63.05578392214012,Tsho Rolpa,4580,1.54,12.0
2024-11-19,11,-10.4,0.0,54.6020960224654,Tsho Rolpa,4580,1.54,12.0
2024-11-20,11,-11.55,0.0,48.49126920589771,Tsho Rolpa,4580,1.54,12.0
2024-11-21,11,-12.600000000000001,0.0,42.395447918853115,Tsho Rolpa,4580,1.54,12.0
2024-11-22,11,-12.8,0.0,40.70446408016137,Tsho Rolpa,4580,1.54,12.0
2024-11-23,11,-11.45,0.0,67.8116635917019,Tsho Rolpa,4580,1.54,12.0
2024-11-24,11,-9.65,0.0,40.17436952026752,Tsho Rolpa,4580,1.54,12.0
2024-11-25,11,-9.95,0.0,69.27007944647686,Tsho Rolpa,4580,1.54,12.0
2024-11-26,11,-12.95,0.0,44.49725538811832,Tsho Rolpa,4580,1.54,12.0
2024-11-27,11,-14.25,0.0,46.86254751223703,Tsho Rolpa,4580,1.54,12.0
2024-11-28,11,-14.399999999999999,0.0,47.21060846412687,Tsho Rolpa,4580,1.54,12.0
2024-11-29,11,-10.7,0.0,51.787540641751434,Tsho Rolpa,4580,1.54,12.0
2024-11-30,11,-9.75,0.0,44.33658753981526,Tsho Rolpa,4580,1.54,12.0
2024-12-01,12,-10.45,0.0,65.83568645910263,Tsho Rolpa,4580,1.54,12.0
2024-12-02,12,-9.95,0.0,41.1878401810151,Tsho Rolpa,4580,1.54,12.0
2024-12-03,12,-8.75,0.0,43.88857558620183,Tsho Rolpa,4580,1.54,12.0
2024-12-04,12,-8.45,0.0,46.60400904131232,Tsho Rolpa,4580,1.54,12.0
2024-12-05,12,-8.7,0.0,62.25649289316949,Tsho Rolpa,4580,1.54,12.0
2024-12-06,12,-7.65,0.0,48.48471215910128,Tsho Rolpa,4580,1.54,12.0
2024-12-07,12,-9.25,0.0,51.3542324777644,Tsho Rolpa,4580,1.54,12.0
2024-12-08,12,-14.05,0.0,55.2724941605847,Tsho Rolpa,4580,1.54,12.0
2024-12-09,12,-16.1,0.0,43.7117148495132,Tsho Rolpa,4580,1.54,12.0
2024-12-10,12,-12.950000000000001,0.0,66.4935452636844,Tsho Rolpa,4580,1.54,12.0
2024-12-11,12,-10.2,0.0,53.26562008882996,Tsho Rolpa,4580,1.54,12.0
2024-12-12,12,-9.45,0.0,63.82251718156075,Tsho Rolpa,4580,1.54,12.0
2024-12-13,12,-10.25,0.0,58.223926254148466,Tsho Rolpa,4580,1.54,12.0
2024-12-14,12,-11.45,0.0,65.02721521632105,Tsho Rolpa,4580,1.54,12.0
2024-12-15,12,-7.35,0.0,55.673048888505434,Tsho Rolpa,4580,1.54,12.0
2024-12-16,12,-4.4,0.0,54.137412855594114,Tsho Rolpa,4580,1.54,12.0
2024-12-17,12,-7.7,0.0,67.47036253512749,Tsho Rolpa,4580,1.54,12.0
2024-12-18,12,-9.7,0.0,68.67745360309867,Tsho Rolpa,4580,1.54,12.0
2024-12-19,12,-10.15,0.0,66.63579179525046,Tsho Rolpa,4580,1.54,12.0
2024-12-20,12,-12.950000000000001,0.0,43.15373522176892,Tsho Rolpa,4580,1.54,12.0
2024-12-21,12,-16.15,0.0,56.95424720529243,Tsho Rolpa,4580,1.54,12.0
2024-12-22,12,-15.25,0.0,54.78471295078715,Tsho Rolpa,4580,1.54,12.0
2024-12-23,12,-12.100000000000001,0.0,56.76061362064612,Tsho Rolpa,4580,1.54,12.0
2024-12-24,12,-14.399999999999999,0.0,58.157994603615585,Tsho Rolpa,4580,1.54,12.0
2024-12-25,12,-18.05,0.0,61.23980183808112,Tsho Rolpa,4580,1.54,12.0
2024-12-26,12,-15.600000000000001,0.0,55.82499755476318,Tsho Rolpa,4580,1.54,12.0
2024-12-27,12,-10.25,0.0,62.21004250353835,Tsho Rolpa,4580,1.54,12.0
2024-12-28,12,-12.35,0.0,43.204947858185236,Tsho Rolpa,4580,1.54,12.0
2024-12-29,12,-19.5,0.1,85.7965057234862,Tsho Rolpa,4580,1.54,12.0
2024-12-30,12,-20.65,0.0,40.33108512134227,Tsho Rolpa,4580,1.54,12.0
2024-12-31,12,-19.0,0.0,46.996499793861815,Tsho Rolpa,4580,1.54,12.0
2025-01-01,1,-17.45,0.0,41.80506869664679,Tsho Rolpa,4580,1.54,12.0
2025-01-02,1,-12.350000000000001,0.0,48.02226073099099,Tsho Rolpa,4580,1.54,12.0
2025-01-03,1,-9.3,0.0,67.74069947857853,Tsho Rolpa,4580,1.54,12.0
2025-01-04,1,-9.7,0.0,53.2831801849802,Tsho Rolpa,4580,1.54,12.0
2025-01-05,1,-8.8,0.0,41.7685072602041,Tsho Rolpa,4580,1.54,12.0
2025-01-06,1,-15.8,0.0,47.043364634168114,Tsho Rolpa,4580,1.54,12.0
2025-01-07,1,-22.25,0.0,56.584057388692095,Tsho Rolpa,4580,1.54,12.0
2025-01-08,1,-20.45,0.0,43.90782955571346,Tsho Rolpa,4580,1.54,12.0
2025-01-09,1,-15.45,0.0,59.948948808122154,Tsho Rolpa,4580,1.54,12.0
2025-01-10,1,-13.15,0.0,40.567537623173294,Tsho Rolpa,4580,1.54,12.0
2025-01-11,1,-15.5,0.0,62.23111783387944,Tsho Rolpa,4580,1.54,12.0
2025-01-12,1,-18.55,0.0,53.0628347204447,Tsho Rolpa,4580,1.54,12.0
2025-01-13,1,-25.2,0.0,61.03231033748408,Tsho Rolpa,4580,1.54,12.0
2025-01-14,1,-17.4,0.0,44.723507920924234,Tsho Rolpa,4580,1.54,12.0
2025-01-15,1,-12.35,0.0,59.442766786897636,Tsho Rolpa,4580,1.54,12.0
2025-01-16,1,-13.45,0.0,52.57284972661603,Tsho Rolpa,4580,1.54,12.0
2025-01-17,1,-15.450000000000001,0.0,58.500059389226514,Tsho Rolpa,4580,1.54,12.0
2025-01-18,1,-14.7,0.0,54.85917608739094,Tsho Rolpa,4580,1.54,12.0
2025-01-19,1,-13.2,0.0,49.20377479465096,Tsho Rolpa,4580,1.54,12.0
2025-01-20,1,-10.3,0.0,65.26059404881775,Tsho Rolpa,4580,1.54,12.0
2025-01-21,1,-11.9,0.0,62.891549044031656,Tsho Rolpa,4580,1.54,12.0
2025-01-22,1,-12.25,0.0,53.4556747519529,Tsho Rolpa,4580,1.54,12.0
2025-01-23,1,-13.649999999999999,0.0,54.15057131839359,Tsho Rolpa,4580,1.54,12.0
2025-01-24,1,-15.600000000000001,0.0,44.694650137871996,Tsho Rolpa,4580,1.54,12.0
2025-01-25,1,-12.399999999999999,0.0,61.77997609705818,Tsho Rolpa,4580,1.54,12.0
2025-01-26,1,-11.1,0.0,56.862908109984204,Tsho Rolpa,4580,1.54,12.0
2025-01-27,1,-12.5,0.0,59.73068277076575,Tsho Rolpa,4580,1.54,12.0
2025-01-28,1,-11.0,0.0,40.92959914949544,Tsho Rolpa,4580,1.54,12.0
2025-01-29,1,-12.3,0.0,69.48376899745436,Tsho Rolpa,4580,1.54,12.0
2025-01-30,1,-12.75,0.0,40.75345997141122,Tsho Rolpa,4580,1.54,12.0
2025-01-31,1,-11.8,0.0,48.695559861956795,Tsho Rolpa,4580,1.54,12.0
2025-02-01,2,-12.05,0.0,68.42829897207916,Tsho Rolpa,4580,1.54,12.0
2025-02-02,2,-10.5,0.0,44.32355396468655,Tsho Rolpa,4580,1.54,12.0
2025-02-03,2,-8.3,0.0,55.1850730141507,Tsho Rolpa,4580,1.54,12.0
2025-02-04,2,-8.4,0.0,49.098885486210996,Tsho Rolpa,4580,1.54,12.0
2025-02-05,2,-10.95,0.0,42.916441890267535,Tsho Rolpa,4580,1.54,12.0
2025-02-06,2,-14.05,0.0,41.178219119445636,Tsho Rolpa,4580,1.54,12.0
2025-02-07,2,-13.3,0.0,42.98336174119466,Tsho Rolpa,4580,1.54,12.0
2025-02-08,2,-12.0,0.0,54.78317986656893,Tsho Rolpa,4580,1.54,12.0
2025-02-09,2,-13.899999999999999,0.0,64.6062944134384,Tsho Rolpa,4580,1.54,12.0
2025-02-10,2,-17.6,0.0,68.90781583589835,Tsho Rolpa,4580,1.54,12.0
2025-02-11,2,-18.95,0.0,51.57563705523127,Tsho Rolpa,4580,1.54,12.0
2025-02-12,2,-16.7,0.0,45.0619300601676,Tsho Rolpa,4580,1.54,12.0
2025-02-13,2,-16.65,0.0,68.9045689287029,Tsho Rolpa,4580,1.54,12.0
2025-02-14,2,-15.6,0.0,44.88018530861204,Tsho Rolpa,4580,1.54,12.0
2025-02-15,2,-13.6,0.0,67.39772915773314,Tsho Rolpa,4580,1.54,12.0
2025-02-16,2,-17.7,0.0,47.64260702773651,Tsho Rolpa,4580,1.54,12.0
2025-02-17,2,-16.3,0.0,66.50046998450615,Tsho Rolpa,4580,1.54,12.0
2025-02-18,2,-16.2,0.0,64.74517731177392,Tsho Rolpa,4580,1.54,12.0
2025-02-19,2,-17.95,0.0,49.31012755625423,Tsho Rolpa,4580,1.54,12.0
2025-02-20,2,-16.8,0.0,62.67147744777735,Tsho Rolpa,4580,1.54,12.0
2025-02-21,2,-18.35,0.0,51.15364687232241,Tsho Rolpa,4580,1.54,12.0
2025-02-22,2,-17.95,0.0,52.06602944414204,Tsho Rolpa,4580,1.54,12.0
2025-02-23,2,-19.15,0.1,83.59603557829305,Tsho Rolpa,4580,1.54,12.0
2025-02-24,2,-17.6,0.0,40.831095082486925,Tsho Rolpa,4580,1.54,12.0
2025-02-25,2,-17.7,0.0,55.79596799417908,Tsho Rolpa,4580,1.54,12.0
2025-02-26,2,-12.1,0.0,64.38356300040388,Tsho Rolpa,4580,1.54,12.0
2025-02-27,2,-11.8,0.1,91.40453316432158,Tsho Rolpa,4580,1.54,12.0
2025-02-28,2,-12.8,0.0,67.24600002030289,Tsho Rolpa,4580,1.54,12.0
2025-03-01,3,-18.05,0.2,85.74266117310569,Tsho Rolpa,4580,1.54,12.0
2025-03-02,3,-17.4,0.0,42.89410775974294,Tsho Rolpa,4580,1.54,12.0
2025-03-03,3,-16.05,0.0,59.92356610004674,Tsho Rolpa,4580,1.54,12.0
2025-03-04,3,-15.7,0.0,60.43035437030434,Tsho Rolpa,4580,1.54,12.0
2025-03-05,3,-17.7,0.0,67.86948399645662,Tsho Rolpa,4580,1.54,12.0
2025-03-06,3,-14.95,0.0,61.95853835812082,Tsho Rolpa,4580,1.54,12.0
2025-03-07,3,-15.5,0.0,43.43355932944739,Tsho Rolpa,4580,1.54,12.0
2025-03-08,3,-16.35,0.0,56.51304165113942,Tsho Rolpa,4580,1.54,12.0
2025-03-09,3,-13.35,0.0,59.482501139017046,Tsho Rolpa,4580,1.54,12.0
2025-03-10,3,-12.55,0.0,62.546444922839186,Tsho Rolpa,4580,1.54,12.0
2025-03-11,3,-13.95,0.0,50.49673634043149,Tsho Rolpa,4580,1.54,12.0
2025-03-12,3,-12.9,0.0,62.923738417722156,Tsho Rolpa,4580,1.54,12.0
2025-03-13,3,-15.15,0.0,47.232827348630536,Tsho Rolpa,4580,1.54,12.0
2025-03-14,3,-16.75,0.0,42.135844473075885,Tsho Rolpa,4580,1.54,12.0
2025-03-15,3,-14.25,0.0,42.0233954769929,Tsho Rolpa,4580,1.54,12.0
2025-03-16,3,-15.4,0.0,58.74454076579576,Tsho Rolpa,4580,1.54,12.0
2025-03-17,3,-16.25,0.0,51.59936704548696,Tsho Rolpa,4580,1.54,12.0
2025-03-18,3,-15.299999999999999,0.0,44.8584960381822,Tsho Rolpa,4580,1.54,12.0
2025-03-19,3,-14.15,0.0,51.75291312246849,Tsho Rolpa,4580,1.54,12.0
2025-03-20,3,-15.7,0.0,43.63964899537612,Tsho Rolpa,4580,1.54,12.0
2025-03-21,3,-16.95,0.1,85.36978602032222,Tsho Rolpa,4580,1.54,12.0
2025-03-22,3,-17.15,0.0,45.38721753931443,Tsho Rolpa,4580,1.54,12.0
2025-03-23,3,-16.8,0.0,43.822574540022345,Tsho Rolpa,4580,1.54,12.0
2025-03-24,3,-13.8,0.0,42.33752608949976,Tsho Rolpa,4580,1.54,12.0
2025-03-25,3,-11.95,0.0,41.87129171540035,Tsho Rolpa,4580,1.54,12.0
2025-03-26,3,-9.6,0.0,61.05036151330759,Tsho Rolpa,4580,1.54,12.0
2025-03-27,3,-7.65,0.0,60.26677408990009,Tsho Rolpa,4580,1.54,12.0
2025-03-28,3,-10.35,0.0,53.917441135246065,Tsho Rolpa,4580,1.54,12.0
2025-03-29,3,-8.65,0.0,63.720950625355385,Tsho Rolpa,4580,1.54,12.0
2025-03-30,3,-7.5,0.0,52.88068003949338,Tsho Rolpa,4580,1.54,12.0
2025-03-31,3,-10.649999999999999,0.0,43.733267749133205,Tsho Rolpa,4580,1.54,12.0
2025-04-01,4,-10.6,0.0,67.54276993098738,Tsho Rolpa,4580,1.54,12.0
2025-04-02,4,-9.7,0.0,53.716867812443795,Tsho Rolpa,4580,1.54,12.0
2025-04-03,4,-9.95,0.0,50.77320457330993,Tsho Rolpa,4580,1.54,12.0
2025-04-04,4,-12.35,0.0,41.17979349728648,Tsho Rolpa,4580,1.54,12.0
2025-04-05,4,-12.0,0.0,62.29954077770978,Tsho Rolpa,4580,1.54,12.0
2025-04-06,4,-10.149999999999999,0.1,94.33331737302747,Tsho Rolpa,4580,1.54,12.0
2025-04-07,4,-7.8,0.0,41.29080385230464,Tsho Rolpa,4580,1.54,12.0
2025-04-08,4,-8.7,0.0,44.57685484205212,Tsho Rolpa,4580,1.54,12.0
2025-04-09,4,-6.6,0.1,92.89887390624723,Tsho Rolpa,4580,1.54,12.0
2025-04-10,4,-8.35,0.0,61.245472204124724,Tsho Rolpa,4580,1.54,12.0
2025-04-11,4,-9.85,0.1,78.52460432737502,Tsho Rolpa,4580,1.54,12.0
2025-04-12,4,-11.1,0.0,41.887990669217245,Tsho Rolpa,4580,1.54,12.0
2025-04-13,4,-12.2,0.0,59.5096806067082,Tsho Rolpa,4580,1.54,12.0
2025-04-14,4,-11.2,0.0,69.07973919602051,Tsho Rolpa,4580,1.54,12.0
2025-04-15,4,-10.649999999999999,0.3,93.24226889232985,Tsho Rolpa,4580,1.54,12.0
2025-04-16,4,-9.2,0.0,59.650360540184145,Tsho Rolpa,4580,1.54,12.0
2025-04-17,4,-8.4,0.0,66.35480404795263,Tsho Rolpa,4580,1.54,12.0
2025-04-18,4,-8.35,0.0,66.45141863497958,Tsho Rolpa,4580,1.54,12.0
2025-04-19,4,-7.45,0.0,67.91078705050755,Tsho Rolpa,4580,1.54,12.0
2025-04-20,4,-6.300000000000001,0.0,58.32469236019052,Tsho Rolpa,4580,1.54,12.0
2025-04-21,4,-5.7,0.0,65.17783538545815,Tsho Rolpa,4580,1.54,12.0
2025-04-22,4,-4.8,0.0,49.22785957997997,Tsho Rolpa,4580,1.54,12.0
2025-04-23,4,-7.4,0.0,54.96673482406407,Tsho Rolpa,4580,1.54,12.0
2025-04-24,4,-8.35,0.0,63.829938074054176,Tsho Rolpa,4580,1.54,12.0
2025-04-25,4,-10.3,0.0,68.78372120003739,Tsho Rolpa,4580,1.54,12.0
2025-04-26,4,-10.3,0.0,54.13163611036396,Tsho Rolpa,4580,1.54,12.0
2025-04-27,4,-11.25,0.0,58.07023749747889,Tsho Rolpa,4580,1.54,12.0
2025-04-28,4,-10.35,0.0,40.25731385925437,Tsho Rolpa,4580,1.54,12.0
2025-04-29,4,-10.7,0.0,67.08163380280945,Tsho Rolpa,4580,1.54,12.0
2025-04-30,4,-9.7,0.0,51.83116501038473,Tsho Rolpa,4580,1.54,12.0
2025-05-01,5,-9.55,0.1,82.79762601873617,Tsho Rolpa,4580,1.54,12.0
2025-05-02,5,-9.4,0.0,49.46975057327681,Tsho Rolpa,4580,1.54,12.0
2025-05-03,5,-7.45,0.0,49.98062358808326,Tsho Rolpa,4580,1.54,12.0
2025-05-04,5,-8.8,0.0,44.880463656365016,Tsho Rolpa,4580,1.54,12.0
2025-05-05,5,-8.8,0.0,66.13857286529009,Tsho Rolpa,4580,1.54,12.0
2025-05-06,5,-7.95,0.0,52.07131538583816,Tsho Rolpa,4580,1.54,12.0
2025-05-07,5,-7.8,0.1,85.24745620299768,Tsho Rolpa,4580,1.54,12.0
2025-05-08,5,-5.6,0.1,83.55944068197563,Tsho Rolpa,4580,1.54,12.0
2025-05-09,5,-5.2,0.0,51.95389300532791,Tsho Rolpa,4580,1.54,12.0
2025-05-10,5,-5.8,0.0,49.71580666755628,Tsho Rolpa,4580,1.54,12.0
2025-05-11,5,-5.300000000000001,0.0,61.88825941754729,Tsho Rolpa,4580,1.54,12.0
2025-05-12,5,-4.1000000000000005,0.0,45.91089802707996,Tsho Rolpa,4580,1.54,12.0
2025-05-13,5,-4.2,0.0,49.591876148876175,Tsho Rolpa,4580,1.54,12.0
2025-05-14,5,-4.65,0.1,76.91051014392582,Tsho Rolpa,4580,1.54,12.0
2025-05-15,5,-4.5,0.0,47.52350998635249,Tsho Rolpa,4580,1.54,12.0
2025-05-16,5,-5.25,0.0,53.49554200590815,Tsho Rolpa,4580,1.54,12.0
2025-05-17,5,-6.75,0.0,54.509750641016325,Tsho Rolpa,4580,1.54,12.0
2025-05-18,5,-4.9,0.2,84.80138013892008,Tsho Rolpa,4580,1.54,12.0
2025-05-19,5,-4.65,0.0,47.53097890192741,Tsho Rolpa,4580,1.54,12.0
2025-05-20,5,-4.5,0.0,44.12351467665051,Tsho Rolpa,4580,1.54,12.0
2025-05-21,5,-4.95,0.0,53.218770810338015,Tsho Rolpa,4580,1.54,12.0
2025-05-22,5,-4.5,0.0,50.31274571355232,Tsho Rolpa,4580,1.54,12.0
2025-05-23,5,-4.949999999999999,0.0,42.14558573567993,Tsho Rolpa,4580,1.54,12.0
2025-05-24,5,-3.5,0.0,44.36912400506492,Tsho Rolpa,4580,1.54,12.0
2025-05-25,5,-3.5500000000000003,0.6,90.99856157809363,Tsho Rolpa,4580,1.54,12.0
2025-05-26,5,-2.0,0.4,75.75196184882316,Tsho Rolpa,4580,1.54,12.0
2025-05-27,5,-0.9500000000000002,0.3,77.99050071446756,Tsho Rolpa,4580,1.54,12.0
2025-05-28,5,-1.1,0.4,78.49299380362976,Tsho Rolpa,4580,1.54,12.0
2025-05-29,5,-1.9,0.1,88.41052300242323,Tsho Rolpa,4580,1.54,12.0
2025-05-30,5,-1.1,0.2,93.5249901391168,Tsho Rolpa,4580,1.54,12.0
2025-05-31,5,-2.4000000000000004,0.4,79.61116592921171,Tsho Rolpa,4580,1.54,12.0
2025-06-01,6,-3.0999999999999996,0.1,82.25012574544189,Tsho Rolpa,4580,1.54,12.0
2025-06-02,6,-5.95,0.0,55.89490000787937,Tsho Rolpa,4580,1.54,12.0
2025-06-03,6,-6.1,0.0,41.5912623971189,Tsho Rolpa,4580,1.54,12.0
2025-06-04,6,-6.8500000000000005,0.3,79.5341481395917,Tsho Rolpa,4580,1.54,12.0
2025-06-05,6,-8.8,0.0,45.15582697410006,Tsho Rolpa,4580,1.54,12.0
2025-06-06,6,-7.449999999999999,0.0,42.87623245752792,Tsho Rolpa,4580,1.54,12.0
2025-06-07,6,-4.6499999999999995,0.0,59.93606730747886,Tsho Rolpa,4580,1.54,12.0
2025-06-08,6,-1.35,0.0,40.14243866379822,Tsho Rolpa,4580,1.54,12.0
2025-06-09,6,-0.6499999999999999,0.0,53.43223282521934,Tsho Rolpa,4580,1.54,12.0
2025-06-10,6,-0.5999999999999999,0.0,65.79691018150109,Tsho Rolpa,4580,1.54,12.0
2025-06-11,6,0.09999999999999987,0.2,75.3017782707486,Tsho Rolpa,4580,1.54,12.0
2025-06-12,6,-0.5499999999999998,2.1,82.73307986691822,Tsho Rolpa,4580,1.54,12.0
2025-06-13,6,-1.3,2.4,85.8219509775782,Tsho Rolpa,4580,1.54,12.0
2025-06-14,6,-0.8500000000000001,0.8,91.90148384480185,Tsho Rolpa,4580,1.54,12.0
2025-06-15,6,-0.6500000000000001,2.5,92.96384703178758,Tsho Rolpa,4580,1.54,12.0
2025-06-16,6,-0.10000000000000009,7.2,90.54833336920431,Tsho Rolpa,4580,1.54,12.0
2025-06-17,6,-0.4,5.7,76.03926544569883,Tsho Rolpa,4580,1.54,12.0
2025-06-18,6,0.30000000000000004,2.3,84.42185886635735,Tsho Rolpa,4580,1.54,12.0
2025-06-19,6,0.6,8.8,89.63564927636749,Tsho Rolpa,4580,1.54,12.0
2025-06-20,6,0.19999999999999996,4.6,94.51859619821818,Tsho Rolpa,4580,1.54,12.0
2025-06-21,6,0.8,4.5,87.726695004948,Tsho Rolpa,4580,1.54,12.0
2025-06-22,6,0.95,4.7,77.84524274950186,Tsho Rolpa,4580,1.54,12.0
2025-06-23,6,-0.55,5.1,81.62105356704996,Tsho Rolpa,4580,1.54,12.0
2025-06-24,6,-0.09999999999999998,4.6,81.42199071423248,Tsho Rolpa,4580,1.54,12.0
2025-06-25,6,0.19999999999999996,3.4,77.61502765428196,Tsho Rolpa,4580,1.54,12.0
2025-06-26,6,0.9000000000000001,2.1,85.47456888413164,Tsho Rolpa,4580,1.54,12.0
2025-06-27,6,-0.5499999999999999,3.0,84.72388799803761,Tsho Rolpa,4580,1.54,12.0
2025-06-28,6,-1.5,2.7,78.62054485754662,Tsho Rolpa,4580,1.54,12.0
2025-06-29,6,-0.7999999999999999,5.6,75.13310704949404,Tsho Rolpa,4580,1.54,12.0
2025-06-30,6,-1.75,0.7,75.8220369632137,Tsho Rolpa,4580,1.54,12.0
2025-07-01,7,-1.5000000000000002,5.2,82.29329241319991,Tsho Rolpa,4580,1.54,12.0
2025-07-02,7,-0.35,6.9,84.46809732699711,Tsho Rolpa,4580,1.54,12.0
2025-07-03,7,-0.45,13.0,88.09365808179456,Tsho Rolpa,4580,1.54,12.0
2025-07-04,7,-0.6,4.1,86.51971501145593,Tsho Rolpa,4580,1.54,12.0
2025-07-05,7,-0.6000000000000001,0.9,91.48166519959472,Tsho Rolpa,4580,1.54,12.0
2025-07-06,7,-2.25,0.7,80.07974986229709,Tsho Rolpa,4580,1.54,12.0
2025-07-07,7,-1.55,0.7,87.64775032201352,Tsho Rolpa,4580,1.54,12.0
2025-07-08,7,-0.3999999999999999,2.7,84.70654298306556,Tsho Rolpa,4580,1.54,12.0
2025-07-09,7,-1.7,6.0,93.80865038226685,Tsho Rolpa,4580,1.54,12.0
2025-07-10,7,-1.25,4.9,87.1771030515691,Tsho Rolpa,4580,1.54,12.0
2025-07-11,7,-0.44999999999999996,2.0,91.68799649660488,Tsho Rolpa,4580,1.54,12.0
2025-07-12,7,-0.5999999999999999,1.0,89.89690841522174,Tsho Rolpa,4580,1.54,12.0
2025-07-13,7,-0.6499999999999999,3.9,94.14021342276821,Tsho Rolpa,4580,1.54,12.0
2025-07-14,7,-0.8,3.5,82.77850913327607,Tsho Rolpa,4580,1.54,12.0
2025-07-15,7,0.3500000000000001,5.2,90.1931021137588,Tsho Rolpa,4580,1.54,12.0
2025-07-16,7,-0.19999999999999996,2.2,93.8717936472156,Tsho Rolpa,4580,1.54,12.0
2025-07-17,7,-0.6000000000000001,2.4,88.95632121002875,Tsho Rolpa,4580,1.54,12.0
2025-07-18,7,-0.6999999999999997,1.1,79.00012294103396,Tsho Rolpa,4580,1.54,12.0
2025-07-19,7,0.7499999999999998,2.3,76.00428229643587,Tsho Rolpa,4580,1.54,12.0
2025-07-20,7,-0.29999999999999993,4.1,77.71858679646249,Tsho Rolpa,4580,1.54,12.0
2025-07-21,7,0.29999999999999993,3.0,79.94427219734561,Tsho Rolpa,4580,1.54,12.0
2025-07-22,7,-0.050000000000000044,2.8,91.07943443918748,Tsho Rolpa,4580,1.54,12.0
2025-07-23,7,0.44999999999999996,5.4,82.92595542549331,Tsho Rolpa,4580,1.54,12.0
2025-07-24,7,0.8,4.2,81.219878886077,Tsho Rolpa,4580,1.54,12.0
2025-07-25,7,0.3500000000000001,4.6,89.71922596198729,Tsho Rolpa,4580,1.54,12.0
2025-07-26,7,1.55,9.2,86.77537741849642,Tsho Rolpa,4580,1.54,12.0
2025-07-27,7,1.4500000000000002,14.2,77.25131147777225,Tsho Rolpa,4580,1.54,12.0
2025-07-28,7,-0.4,6.2,83.14525413759978,Tsho Rolpa,4580,1.54,12.0
2025-07-29,7,0.0,5.6,78.40457025412154,Tsho Rolpa,4580,1.54,12.0
2025-07-30,7,-0.6499999999999999,11.8,78.64916925065431,Tsho Rolpa,4580,1.54,12.0
2025-07-31,7,-0.55,4.9,90.01214027038449,Tsho Rolpa,4580,1.54,12.0
2025-08-01,8,-0.5999999999999999,11.0,86.21071471553458,Tsho Rolpa,4580,1.54,12.0
2025-08-02,8,1.25,9.0,81.75026662379504,Tsho Rolpa,4580,1.54,12.0
2025-08-03,8,-0.15000000000000002,9.2,87.7168502359269,Tsho Rolpa,4580,1.54,12.0
2025-08-04,8,-0.39999999999999997,8.0,82.40258627707476,Tsho Rolpa,4580,1.54,12.0
2025-08-05,8,-0.8,6.4,94.71971950290703,Tsho Rolpa,4580,1.54,12.0
2025-08-06,8,-1.15,6.7,79.1200316996196,Tsho Rolpa,4580,1.54,12.0
2025-08-07,8,0.25,8.2,87.69018713710794,Tsho Rolpa,4580,1.54,12.0
2025-08-08,8,-0.25,8.2,75.08980843169837,Tsho Rolpa,4580,1.54,12.0
2025-08-09,8,-1.0,3.8,85.23861792152391,Tsho Rolpa,4580,1.54,12.0
2025-08-10,8,0.09999999999999998,11.2,89.02744691143317,Tsho Rolpa,4580,1.54,12.0
2025-08-11,8,0.95,4.0,89.17470451520285,Tsho Rolpa,4580,1.54,12.0
2025-08-12,8,1.2,3.1,87.64236886454141,Tsho Rolpa,4580,1.54,12.0
2025-08-13,8,1.05,5.9,83.26277348314314,Tsho Rolpa,4580,1.54,12.0
2025-08-14,8,-1.4,2.0,83.19991746297627,Tsho Rolpa,4580,1.54,12.0
2025-08-15,8,-0.19999999999999996,1.7,80.2200282345099,Tsho Rolpa,4580,1.54,12.0
2025-08-16,8,0.10000000000000009,3.8,83.16111567112931,Tsho Rolpa,4580,1.54,12.0
2025-08-17,8,0.0,6.8,92.5017041306018,Tsho Rolpa,4580,1.54,12.0
2025-08-18,8,-1.0,3.7,93.02513249507342,Tsho Rolpa,4580,1.54,12.0
2025-08-19,8,-1.1,6.7,91.35475334052443,Tsho Rolpa,4580,1.54,12.0
2025-08-20,8,-2.15,4.0,83.14529904919036,Tsho Rolpa,4580,1.54,12.0
2025-08-21,8,-2.25,4.2,75.40432294761492,Tsho Rolpa,4580,1.54,12.0
2025-08-22,8,-0.9000000000000001,2.2,79.58218630476424,Tsho Rolpa,4580,1.54,12.0
2025-08-23,8,-3.0,0.5,81.36818877717677,Tsho Rolpa,4580,1.54,12.0
2025-08-24,8,-2.75,1.0,90.09110444808717,Tsho Rolpa,4580,1.54,12.0
2025-08-25,8,-1.9499999999999997,6.7,81.0171755999684,Tsho Rolpa,4580,1.54,12.0
2025-08-26,8,-0.15000000000000002,3.0,82.23679823263626,Tsho Rolpa,4580,1.54,12.0
2025-08-27,8,-1.5499999999999998,3.5,94.31354498276097,Tsho Rolpa,4580,1.54,12.0
2025-08-28,8,-0.44999999999999996,1.3,87.58335019002388,Tsho Rolpa,4580,1.54,12.0
2025-08-29,8,-1.3,5.1,87.51262386203436,Tsho Rolpa,4580,1.54,12.0
2025-08-30,8,-1.35,1.6,82.21829989910748,Tsho Rolpa,4580,1.54,12.0
2025-08-31,8,-2.4499999999999997,1.1,90.92728260653276,Tsho Rolpa,4580,1.54,12.0
2025-09-01,9,-2.85,1.9,91.51813705448777,Tsho Rolpa,4580,1.54,12.0
2025-09-02,9,-1.55,0.0,43.9301329441864,Tsho Rolpa,4580,1.54,12.0
2025-09-03,9,-1.5999999999999999,0.8,83.4742305604611,Tsho Rolpa,4580,1.54,12.0
2025-09-04,9,-0.8499999999999999,0.4,77.56604504680936,Tsho Rolpa,4580,1.54,12.0
2025-09-05,9,-0.3500000000000001,4.0,76.85863607848448,Tsho Rolpa,4580,1.54,12.0
2025-09-06,9,-0.6,3.7,90.00937009963921,Tsho Rolpa,4580,1.54,12.0
2025-09-07,9,-1.55,3.5,86.97524942494414,Tsho Rolpa,4580,1.54,12.0
2025-09-08,9,-1.5999999999999999,0.7,79.67452778393806,Tsho Rolpa,4580,1.54,12.0
2025-09-09,9,-1.4999999999999998,1.3,91.18499237753845,Tsho Rolpa,4580,1.54,12.0
2025-09-10,9,-0.55,1.5,82.03105003094447,Tsho Rolpa,4580,1.54,12.0
2025-09-11,9,-0.34999999999999987,4.5,87.0198794438108,Tsho Rolpa,4580,1.54,12.0
2025-09-12,9,-1.15,3.6,80.57055738117955,Tsho Rolpa,4580,1.54,12.0
2025-09-13,9,-0.19999999999999996,0.5,94.9353890401397,Tsho Rolpa,4580,1.54,12.0
2025-09-14,9,-1.55,4.8,81.3877545786926,Tsho Rolpa,4580,1.54,12.0
2025-09-15,9,-1.3,4.7,80.63694126322996,Tsho Rolpa,4580,1.54,12.0
2025-09-16,9,-1.65,3.6,79.96953135189543,Tsho Rolpa,4580,1.54,12.0
2025-09-17,9,-1.75,7.3,82.59756271121951,Tsho Rolpa,4580,1.54,12.0
2025-09-18,9,-1.75,2.8,83.68146636577376,Tsho Rolpa,4580,1.54,12.0
2025-09-19,9,-4.3,0.1,85.19731906579395,Tsho Rolpa,4580,1.54,12.0
2025-09-20,9,-4.550000000000001,0.0,53.41187345506444,Tsho Rolpa,4580,1.54,12.0
2025-09-21,9,-3.6,0.0,56.4006826173232,Tsho Rolpa,4580,1.54,12.0
2025-09-22,9,-2.6,0.0,42.69699083481377,Tsho Rolpa,4580,1.54,12.0
2025-09-23,9,-1.35,0.0,65.63740706378591,Tsho Rolpa,4580,1.54,12.0
2025-09-24,9,-2.6,0.0,44.12881666053278,Tsho Rolpa,4580,1.54,12.0
2025-09-25,9,-2.5999999999999996,0.0,47.5682667469752,Tsho Rolpa,4580,1.54,12.0
2025-09-26,9,-1.5,0.2,88.23947683849825,Tsho Rolpa,4580,1.54,12.0
2025-09-27,9,-1.4999999999999998,0.3,93.50795279111922,Tsho Rolpa,4580,1.54,12.0
2025-09-28,9,-1.9000000000000001,0.0,45.699966897215,Tsho Rolpa,4580,1.54,12.0
2025-09-29,9,-1.05,2.1,75.81089072348857,Tsho Rolpa,4580,1.54,12.0
2025-09-30,9,-3.8000000000000003,0.3,87.5655124688146,Tsho Rolpa,4580,1.54,12.0
2025-10-01,10,-4.3,0.0,44.82902285457245,Tsho Rolpa,4580,1.54,12.0
2025-10-02,10,-4.2,0.6,89.18196368268566,Tsho Rolpa,4580,1.54,12.0
2025-10-03,10,-3.6,0.4,89.30422394030381,Tsho Rolpa,4580,1.54,12.0
2025-10-04,10,-3.7,0.0,44.15471029191958,Tsho Rolpa,4580,1.54,12.0
2025-10-05,10,-4.550000000000001,0.5,85.2933223653771,Tsho Rolpa,4580,1.54,12.0
2025-10-06,10,-6.0,0.0,58.11991548259395,Tsho Rolpa,4580,1.54,12.0
2025-10-07,10,-6.85,0.0,45.32303173864848,Tsho Rolpa,4580,1.54,12.0
2025-10-08,10,-8.1,0.0,69.44829733700757,Tsho Rolpa,4580,1.54,12.0
2025-10-09,10,-9.35,0.0,51.09927828154604,Tsho Rolpa,4580,1.54,12.0
2025-10-10,10,-10.25,0.0,56.53370188047809,Tsho Rolpa,4580,1.54,12.0
2025-10-11,10,-11.1,0.0,56.697955343277,Tsho Rolpa,4580,1.54,12.0
2025-10-12,10,-9.95,0.0,51.64131369659164,Tsho Rolpa,4580,1.54,12.0
2025-10-13,10,-9.1,0.0,63.32337871673568,Tsho Rolpa,4580,1.54,12.0
2025-10-14,10,-7.15,0.0,66.22055864710569,Tsho Rolpa,4580,1.54,12.0
2025-10-15,10,-8.35,0.0,47.10572343968629,Tsho Rolpa,4580,1.54,12.0
2025-10-16,10,-9.5,0.0,50.2712801219585,Tsho Rolpa,4580,1.54,12.0
2025-10-17,10,-10.2,0.0,65.98977624983202,Tsho Rolpa,4580,1.54,12.0
2025-10-18,10,-9.649999999999999,0.0,52.642475566501346,Tsho Rolpa,4580,1.54,12.0
2025-10-19,10,-11.35,0.0,62.26480693650733,Tsho Rolpa,4580,1.54,12.0
2025-10-20,10,-8.55,0.0,57.13650858781054,Tsho Rolpa,4580,1.54,12.0
2025-10-21,10,-8.799999999999999,0.0,51.379805180762986,Tsho Rolpa,4580,1.54,12.0
2025-10-22,10,-9.05,0.0,67.71994380156265,Tsho Rolpa,4580,1.54,12.0
2025-10-23,10,-10.899999999999999,0.0,67.06968263212104,Tsho Rolpa,4580,1.54,12.0
2025-10-24,10,-12.0,0.0,69.07759768556036,Tsho Rolpa,4580,1.54,12.0
2025-10-25,10,-11.2,0.0,64.25437555721484,Tsho Rolpa,4580,1.54,12.0
2025-10-26,10,-10.55,0.0,55.58144035561167,Tsho Rolpa,4580,1.54,12.0
2025-10-27,10,-8.15,0.0,41.53280647574797,Tsho Rolpa,4580,1.54,12.0
2025-10-28,10,-7.5,2.1,87.316066699128,Tsho Rolpa,4580,1.54,12.0
2025-10-29,10,-5.949999999999999,0.1,77.03153934191245,Tsho Rolpa,4580,1.54,12.0
2025-10-30,10,-4.95,2.5,89.05599370159045,Tsho Rolpa,4580,1.54,12.0
2025-10-31,10,-4.55,1.6,78.33650007082262,Tsho Rolpa,4580,1.54,12.0
2025-11-01,11,-6.9,0.1,84.52132360690923,Tsho Rolpa,4580,1.54,12.0
2025-11-02,11,-8.65,0.0,59.59411528247719,Tsho Rolpa,4580,1.54,12.0
2025-11-03,11,-6.25,0.0,54.99131164896966,Tsho Rolpa,4580,1.54,12.0
2025-11-04,11,-9.15,0.0,43.061089016037045,Tsho Rolpa,4580,1.54,12.0
2025-11-05,11,-11.3,0.0,68.05022042547175,Tsho Rolpa,4580,1.54,12.0
2025-11-06,11,-13.45,0.0,68.57854428746059,Tsho Rolpa,4580,1.54,12.0
2025-11-07,11,-11.75,0.0,52.40657927988326,Tsho Rolpa,4580,1.54,12.0
2025-11-08,11,-12.7,0.0,51.23099306088431,Tsho Rolpa,4580,1.54,12.0
2025-11-09,11,-12.75,0.0,52.17412229430779,Tsho Rolpa,4580,1.54,12.0
2025-11-10,11,-12.649999999999999,0.0,58.271946339011066,Tsho Rolpa,4580,1.54,12.0
2025-11-11,11,-12.05,0.0,57.37272347611412,Tsho Rolpa,4580,1.54,12.0
2025-11-12,11,-10.65,0.0,64.16625292103572,Tsho Rolpa,4580,1.54,12.0
2025-11-13,11,-11.899999999999999,0.0,52.84305319322585,Tsho Rolpa,4580,1.54,12.0
2025-11-14,11,-12.3,0.0,49.452203717276205,Tsho Rolpa,4580,1.54,12.0
2025-11-15,11,-12.2,0.0,43.27392398725649,Tsho Rolpa,4580,1.54,12.0
2025-11-16,11,-13.0,0.0,55.75929789992502,Tsho Rolpa,4580,1.54,12.0
2025-11-17,11,-13.1,0.0,63.70375261180324,Tsho Rolpa,4580,1.54,12.0
2025-11-18,11,-12.65,0.0,48.466897364819495,Tsho Rolpa,4580,1.54,12.0
2025-11-19,11,-12.85,0.0,51.088911139252176,Tsho Rolpa,4580,1.54,12.0
2025-11-20,11,-13.05,0.0,68.45033728918665,Tsho Rolpa,4580,1.54,12.0
2025-11-21,11,-13.7,0.0,46.64729912015936,Tsho Rolpa,4580,1.54,12.0
2025-11-22,11,-14.25,0.0,59.19991618854276,Tsho Rolpa,4580,1.54,12.0
2025-11-23,11,-15.0,0.0,62.579357736859876,Tsho Rolpa,4580,1.54,12.0
2025-11-24,11,-15.3,0.0,40.42788431503007,Tsho Rolpa,4580,1.54,12.0
2025-11-25,11,-14.25,0.0,46.94239482265452,Tsho Rolpa,4580,1.54,12.0
2025-11-26,11,-12.0,0.0,49.99037004046152,Tsho Rolpa,4580,1.54,12.0
2025-11-27,11,-10.850000000000001,0.0,63.493112983001325,Tsho Rolpa,4580,1.54,12.0
2025-11-28,11,-12.3,0.0,53.00003660964358,Tsho Rolpa,4580,1.54,12.0
2025-11-29,11,-11.05,0.0,57.429057359484176,Tsho Rolpa,4580,1.54,12.0
2025-11-30,11,-9.85,0.0,62.639369384070925,Tsho Rolpa,4580,1.54,12.0
2025-12-01,12,-10.4,0.0,61.39590609762807,Tsho Rolpa,4580,1.54,12.0
2025-12-02,12,-13.7,0.0,55.209072358870195,Tsho Rolpa,4580,1.54,12.0
2025-12-03,12,-18.2,0.0,41.25644269133256,Tsho Rolpa,4580,1.54,12.0
2025-12-04,12,-14.15,0.0,52.82591070673034,Tsho Rolpa,4580,1.54,12.0
2025-12-05,12,-13.200000000000001,0.0,67.59416075666716,Tsho Rolpa,4580,1.54,12.0
2025-12-06,12,-12.600000000000001,0.0,40.38693203924232,Tsho Rolpa,4580,1.54,12.0
2025-12-07,12,-10.85,0.0,57.331501387938346,Tsho Rolpa,4580,1.54,12.0
2025-12-08,12,-14.55,0.0,40.41248427859896,Tsho Rolpa,4580,1.54,12.0
2025-12-09,12,-17.5,0.0,68.24607612640673,Tsho Rolpa,4580,1.54,12.0
2025-12-10,12,-15.3,0.0,58.819910835838385,Tsho Rolpa,4580,1.54,12.0
2025-12-11,12,-12.899999999999999,0.0,50.76748412664983,Tsho Rolpa,4580,1.54,12.0
2025-12-12,12,-11.9,0.0,49.95324633211302,Tsho Rolpa,4580,1.54,12.0
2025-12-13,12,-13.25,0.0,65.61227051026623,Tsho Rolpa,4580,1.54,12.0
2025-12-14,12,-13.850000000000001,0.0,57.39617652043776,Tsho Rolpa,4580,1.54,12.0
2025-12-15,12,-13.149999999999999,0.0,53.566769568485554,Tsho Rolpa,4580,1.54,12.0
2025-12-16,12,-14.1,0.0,60.044313949988634,Tsho Rolpa,4580,1.54,12.0
2025-12-17,12,-11.899999999999999,0.0,56.67993872702099,Tsho Rolpa,4580,1.54,12.0
2025-12-18,12,-8.2,0.0,47.530962798665726,Tsho Rolpa,4580,1.54,12.0
2025-12-19,12,-6.75,0.0,45.404514564048526,Tsho Rolpa,4580,1.54,12.0
2025-12-20,12,-5.699999999999999,0.0,58.66516550140214,Tsho Rolpa,4580,1.54,12.0
2025-12-21,12,-5.25,0.0,57.657333938011114,Tsho Rolpa,4580,1.54,12.0
2025-12-22,12,-6.8,0.0,52.66880794592946,Tsho Rolpa,4580,1.54,12.0
2025-12-23,12,-11.399999999999999,0.0,45.43027145219625,Tsho Rolpa,4580,1.54,12.0
2025-12-24,12,-12.8,0.0,57.52979332545416,Tsho Rolpa,4580,1.54,12.0
2025-12-25,12,-12.75,0.0,45.57154051667639,Tsho Rolpa,4580,1.54,12.0
2025-12-26,12,-10.7,0.0,67.81862847669626,Tsho Rolpa,4580,1.54,12.0
2025-12-27,12,-12.65,0.0,56.96875750368426,Tsho Rolpa,4580,1.54,12.0
2025-12-28,12,-15.3,0.0,60.09796804622476,Tsho Rolpa,4580,1.54,12.0
2025-12-29,12,-16.45,0.0,63.49120904527415,Tsho Rolpa,4580,1.54,12.0
2025-12-30,12,-16.8,0.0,56.09731020277315,Tsho Rolpa,4580,1.54,12.0
2025-12-31,12,-17.7,0.0,65.93261241465746,Tsho Rolpa,4580,1.54,12.0
2026-01-01,1,-20.0,0.0,64.29967790786085,Tsho Rolpa,4580,1.54,12.0
2026-01-02,1,-20.4,0.0,54.18734422374606,Tsho Rolpa,4580,1.54,12.0
2026-01-03,1,-21.0,0.0,41.96272432922008,Tsho Rolpa,4580,1.54,12.0
2026-01-04,1,-21.1,0.0,44.399398494625224,Tsho Rolpa,4580,1.54,12.0
2026-01-05,1,-18.35,0.0,68.69035290487787,Tsho Rolpa,4580,1.54,12.0
2026-01-06,1,-20.8,0.0,51.69200494715054,Tsho Rolpa,4580,1.54,12.0
2026-01-07,1,-18.7,0.0,57.08536164352667,Tsho Rolpa,4580,1.54,12.0
2026-01-08,1,-14.25,0.0,64.29791500489281,Tsho Rolpa,4580,1.54,12.0
2026-01-09,1,-13.75,0.0,62.110555798530704,Tsho Rolpa,4580,1.54,12.0
2026-01-10,1,-13.6,0.0,44.2933930508256,Tsho Rolpa,4580,1.54,12.0
2026-01-11,1,-19.0,0.0,58.90470701315082,Tsho Rolpa,4580,1.54,12.0
2026-01-12,1,-15.899999999999999,0.0,54.16558634191459,Tsho Rolpa,4580,1.54,12.0
2026-01-13,1,-13.25,0.0,62.26387715572762,Tsho Rolpa,4580,1.54,12.0
2026-01-14,1,-15.75,0.0,55.31534381800522,Tsho Rolpa,4580,1.54,12.0
2026-01-15,1,-17.25,0.0,55.41780338954184,Tsho Rolpa,4580,1.54,12.0
2026-01-16,1,-14.950000000000001,0.0,64.06820838726824,Tsho Rolpa,4580,1.54,12.0
2026-01-17,1,-13.15,0.0,51.58066797597276,Tsho Rolpa,4580,1.54,12.0
2026-01-18,1,-16.3,0.0,69.92579605125474,Tsho Rolpa,4580,1.54,12.0
2026-01-19,1,-17.55,0.0,44.45394902167059,Tsho Rolpa,4580,1.54,12.0
2026-01-20,1,-16.65,0.0,45.860406006121906,Tsho Rolpa,4580,1.54,12.0
2026-01-21,1,-15.7,0.0,55.906267342279186,Tsho Rolpa,4580,1.54,12.0
2026-01-22,1,-14.25,0.0,43.415111767035405,Tsho Rolpa,4580,1.54,12.0
2026-01-23,1,-17.6,0.0,58.267218043935564,Tsho Rolpa,4580,1.54,12.0
2026-01-24,1,-21.3,0.0,69.27130470185423,Tsho Rolpa,4580,1.54,12.0
2026-01-25,1,-18.05,0.0,45.606681559471916,Tsho Rolpa,4580,1.54,12.0
2026-01-26,1,-18.1,0.0,61.25466600552838,Tsho Rolpa,4580,1.54,12.0
2026-01-27,1,-14.05,0.0,51.75097316010592,Tsho Rolpa,4580,1.54,12.0
2026-01-28,1,-18.15,0.3,81.87033272100741,Tsho Rolpa,4580,1.54,12.0
2026-01-29,1,-19.1,0.0,42.79500228565969,Tsho Rolpa,4580,1.54,12.0
2026-01-30,1,-16.95,0.0,41.87822822562765,Tsho Rolpa,4580,1.54,12.0
2026-01-31,1,-15.55,0.0,62.50510661269155,Tsho Rolpa,4580,1.54,12.0
2026-02-01,2,-15.299999999999999,0.0,47.948976485552805,Tsho Rolpa,4580,1.54,12.0
2026-02-02,2,-17.049999999999997,0.0,56.10851604791952,Tsho Rolpa,4580,1.54,12.0
2026-02-03,2,-18.6,0.0,61.23504692754858,Tsho Rolpa,4580,1.54,12.0
2026-02-04,2,-19.5,0.0,54.53099335908793,Tsho Rolpa,4580,1.54,12.0
2026-02-05,2,-17.85,0.0,53.597683588329744,Tsho Rolpa,4580,1.54,12.0
2026-02-06,2,-16.1,0.0,53.58486783363854,Tsho Rolpa,4580,1.54,12.0
2026-02-07,2,-16.8,0.0,40.878073112547284,Tsho Rolpa,4580,1.54,12.0
2026-02-08,2,-18.950000000000003,0.0,40.306574249154025,Tsho Rolpa,4580,1.54,12.0
2026-02-09,2,-16.55,0.0,55.65301478950683,Tsho Rolpa,4580,1.54,12.0
2026-02-10,2,-18.3,0.0,62.128340102254775,Tsho Rolpa,4580,1.54,12.0
2026-02-11,2,-19.35,0.0,65.01660222485442,Tsho Rolpa,4580,1.54,12.0
2026-02-12,2,-16.35,0.0,46.10681104924782,Tsho Rolpa,4580,1.54,12.0
2026-02-13,2,-16.4,0.0,62.87511822701842,Tsho Rolpa,4580,1.54,12.0
2026-02-14,2,-17.75,0.0,68.04832544339226,Tsho Rolpa,4580,1.54,12.0
2026-02-15,2,-19.15,0.0,68.7755146753173,Tsho Rolpa,4580,1.54,12.0
2026-02-16,2,-17.05,0.0,62.29937626757727,Tsho Rolpa,4580,1.54,12.0
2026-02-17,2,-13.7,0.0,61.438965217277556,Tsho Rolpa,4580,1.54,12.0
2026-02-18,2,-13.700000000000001,0.0,45.493924846626236,Tsho Rolpa,4580,1.54,12.0
2026-02-19,2,-15.45,0.0,45.269414440664136,Tsho Rolpa,4580,1.54,12.0
2026-02-20,2,-17.8,0.0,57.83882049030052,Tsho Rolpa,4580,1.54,12.0
2026-02-21,2,-15.9,0.0,45.83020639128646,Tsho Rolpa,4580,1.54,12.0
2026-02-22,2,-16.6,0.0,60.827451472074046,Tsho Rolpa,4580,1.54,12.0
2026-02-23,2,-15.8,0.0,61.36889893688303,Tsho Rolpa,4580,1.54,12.0
2026-02-24,2,-16.25,0.1,83.37811777541931,Tsho Rolpa,4580,1.54,12.0
2026-02-25,2,-17.6,0.0,52.67269638888216,Tsho Rolpa,4580,1.54,12.0
2026-02-26,2,-15.1,0.0,52.78830296809784,Tsho Rolpa,4580,1.54,12.0
2026-02-27,2,-15.0,0.0,50.360490977766645,Tsho Rolpa,4580,1.54,12.0
2026-02-28,2,-14.55,0.0,66.24214115686057,Tsho Rolpa,4580,1.54,12.0
2026-03-01,3,-16.15,0.0,44.42271618721465,Tsho Rolpa,4580,1.54,12.0
2026-03-02,3,-12.600000000000001,0.0,66.79092976968236,Tsho Rolpa,4580,1.54,12.0
2026-03-03,3,-8.4,0.0,54.74529065095931,Tsho Rolpa,4580,1.54,12.0
2026-03-04,3,-7.8,0.0,59.33625675805072,Tsho Rolpa,4580,1.54,12.0
2026-03-05,3,-4.55,0.0,51.41879039204282,Tsho Rolpa,4580,1.54,12.0
2026-03-06,3,-4.7,0.0,62.30952489161779,Tsho Rolpa,4580,1.54,12.0
2026-03-07,3,-5.300000000000001,0.0,45.70573543229483,Tsho Rolpa,4580,1.54,12.0
2026-03-08,3,-8.75,0.0,56.551486149645804,Tsho Rolpa,4580,1.54,12.0
2026-03-09,3,-10.45,0.0,47.24045871022134,Tsho Rolpa,4580,1.54,12.0
2026-03-10,3,-9.4,0.0,59.58060863216335,Tsho Rolpa,4580,1.54,12.0
2026-03-11,3,-8.55,0.0,64.01604461466869,Tsho Rolpa,4580,1.54,12.0
2026-03-12,3,-7.8999999999999995,0.0,45.13255102262239,Tsho Rolpa,4580,1.54,12.0
2026-03-13,3,-10.7,0.0,65.0294427553926,Tsho Rolpa,4580,1.54,12.0
2026-03-14,3,-12.4,0.0,58.801760108624805,Tsho Rolpa,4580,1.54,12.0
2026-03-15,3,-14.850000000000001,0.1,90.00337006261665,Tsho Rolpa,4580,1.54,12.0
2026-03-16,3,-19.5,0.0,47.386905020680985,Tsho Rolpa,4580,1.54,12.0
2026-03-17,3,-19.9,0.0,48.5277362826223,Tsho Rolpa,4580,1.54,12.0
2026-03-18,3,-16.95,0.0,67.09581323785211,Tsho Rolpa,4580,1.54,12.0
2026-03-19,3,-14.8,0.0,48.82360582324532,Tsho Rolpa,4580,1.54,12.0
2026-03-20,3,-13.899999999999999,0.0,50.61603618845892,Tsho Rolpa,4580,1.54,12.0
2026-03-21,3,-15.2,0.0,62.744712900283716,Tsho Rolpa,4580,1.54,12.0
2026-03-22,3,-15.85,0.0,52.69219420666022,Tsho Rolpa,4580,1.54,12.0
2026-03-23,3,-13.7,0.0,50.72124920481193,Tsho Rolpa,4580,1.54,12.0
2026-03-24,3,-15.95,0.0,64.90157360409088,Tsho Rolpa,4580,1.54,12.0
2026-03-25,3,-13.65,0.0,68.00183593473349,Tsho Rolpa,4580,1.54,12.0
2026-03-26,3,-12.649999999999999,0.0,45.032732737832774,Tsho Rolpa,4580,1.54,12.0
2026-03-27,3,-11.9,0.0,60.60766590883411,Tsho Rolpa,4580,1.54,12.0
2026-03-28,3,-13.75,0.0,51.720877185754354,Tsho Rolpa,4580,1.54,12.0
2026-03-29,3,-11.05,0.0,63.35322135443332,Tsho Rolpa,4580,1.54,12.0
2026-03-30,3,-8.8,0.0,40.58947096183542,Tsho Rolpa,4580,1.54,12.0
2026-03-31,3,-10.35,0.0,69.92737419903665,Tsho Rolpa,4580,1.54,12.0
2026-04-01,4,-11.899999999999999,0.0,63.124918740395835,Tsho Rolpa,4580,1.54,12.0
2026-04-02,4,-10.95,0.0,40.76100694175434,Tsho Rolpa,4580,1.54,12.0
2026-04-03,4,-9.25,0.0,55.026845433731545,Tsho Rolpa,4580,1.54,12.0
2026-04-04,4,-10.1,0.0,68.3391787341108,Tsho Rolpa,4580,1.54,12.0
2026-04-05,4,-14.8,0.0,41.19656415606174,Tsho Rolpa,4580,1.54,12.0
2026-04-06,4,-15.6,0.0,64.79802674983068,Tsho Rolpa,4580,1.54,12.0
2026-04-07,4,-17.15,0.0,62.48670623383989,Tsho Rolpa,4580,1.54,12.0
2026-04-08,4,-16.1,0.2,76.95754001578511,Tsho Rolpa,4580,1.54,12.0
2026-04-09,4,-15.5,0.0,65.48619634991734,Tsho Rolpa,4580,1.54,12.0
2026-04-10,4,-16.3,0.0,40.496561975324724,Tsho Rolpa,4580,1.54,12.0
2026-04-11,4,-12.7,0.0,42.72150992208371,Tsho Rolpa,4580,1.54,12.0
2026-04-12,4,-13.75,0.0,61.25406427606603,Tsho Rolpa,4580,1.54,12.0
2026-04-13,4,-13.95,0.0,59.10707822043703,Tsho Rolpa,4580,1.54,12.0
2026-04-14,4,-12.25,0.0,68.2219206213075,Tsho Rolpa,4580,1.54,12.0
2026-04-15,4,-11.95,0.0,48.47652072468701,Tsho Rolpa,4580,1.54,12.0
2026-04-16,4,-10.1,0.0,48.81839405665024,Tsho Rolpa,4580,1.54,12.0
2026-04-17,4,-8.45,0.0,60.28887570701698,Tsho Rolpa,4580,1.54,12.0
2026-04-18,4,-7.949999999999999,0.0,56.45178464718562,Tsho Rolpa,4580,1.54,12.0
2026-04-19,4,-7.35,0.0,51.770966728510466,Tsho Rolpa,4580,1.54,12.0
2026-04-20,4,-10.75,0.0,42.249282802147285,Tsho Rolpa,4580,1.54,12.0
2026-04-21,4,-11.45,0.1,77.40592529468836,Tsho Rolpa,4580,1.54,12.0
2026-04-22,4,-9.95,0.0,48.632184787305235,Tsho Rolpa,4580,1.54,12.0
2026-04-23,4,-7.25,0.0,68.0675980763101,Tsho Rolpa,4580,1.54,12.0
2026-04-24,4,-6.0,0.0,58.25301043901598,Tsho Rolpa,4580,1.54,12.0
2026-04-25,4,-7.85,0.0,46.40531207307457,Tsho Rolpa,4580,1.54,12.0
2026-04-26,4,-7.1,0.0,41.36749407885171,Tsho Rolpa,4580,1.54,12.0
2026-04-27,4,-5.75,0.0,56.68657436203519,Tsho Rolpa,4580,1.54,12.0
2026-04-28,4,-5.85,0.0,53.71135142926629,Tsho Rolpa,4580,1.54,12.0
2026-04-29,4,-7.2,0.0,48.526457552874646,Tsho Rolpa,4580,1.54,12.0
2026-04-30,4,-12.0,0.2,82.43747193054702,Tsho Rolpa,4580,1.54,12.0
2026-05-01,5,-11.45,0.4,78.05686907600393,Tsho Rolpa,4580,1.54,12.0
2026-05-02,5,-10.3,0.1,80.0119588395275,Tsho Rolpa,4580,1.54,12.0
2026-05-03,5,-11.3,0.0,46.789696181324956,Tsho Rolpa,4580,1.54,12.0
2026-05-04,5,-11.25,0.0,64.83729147290694,Tsho Rolpa,4580,1.54,12.0
2026-05-05,5,-11.2,0.0,56.55330016607896,Tsho Rolpa,4580,1.54,12.0
2026-05-06,5,-11.850000000000001,0.4,84.50143061252541,Tsho Rolpa,4580,1.54,12.0
2026-05-07,5,-12.2,0.0,46.68124159153778,Tsho Rolpa,4580,1.54,12.0
2026-05-08,5,-11.95,0.0,50.430440373963975,Tsho Rolpa,4580,1.54,12.0
2026-05-09,5,-11.3,0.0,44.84299170689927,Tsho Rolpa,4580,1.54,12.0
2026-05-10,5,-9.55,0.0,44.831265498051344,Tsho Rolpa,4580,1.54,12.0
2026-05-11,5,-9.05,0.0,53.01976000837287,Tsho Rolpa,4580,1.54,12.0
2026-05-12,5,-8.100000000000001,0.0,67.9698759010578,Tsho Rolpa,4580,1.54,12.0
2026-05-13,5,-8.55,0.0,57.85010343059233,Tsho Rolpa,4580,1.54,12.0
2026-05-14,5,-8.35,0.0,60.00771111949574,Tsho Rolpa,4580,1.54,12.0
2026-05-15,5,-7.0,0.0,45.762212876816044,Tsho Rolpa,4580,1.54,12.0
2026-05-16,5,-8.0,0.1,75.86756157409654,Tsho Rolpa,4580,1.54,12.0
2026-05-17,5,-8.05,0.0,56.04732693041967,Tsho Rolpa,4580,1.54,12.0
2026-05-18,5,-5.3,0.0,47.681535848545565,Tsho Rolpa,4580,1.54,12.0
2026-05-19,5,-2.65,0.0,57.708120730180866,Tsho Rolpa,4580,1.54,12.0
2026-05-20,5,-4.1,0.0,55.56634322994637,Tsho Rolpa,4580,1.54,12.0
2026-05-21,5,-3.0,0.0,40.001275839208375,Tsho Rolpa,4580,1.54,12.0
2026-05-22,5,-3.45,0.0,58.437799687625905,Tsho Rolpa,4580,1.54,12.0
2026-05-23,5,-5.5,0.1,77.90084722160714,Tsho Rolpa,4580,1.54,12.0
2026-05-24,5,-7.85,0.1,88.44590907514839,Tsho Rolpa,4580,1.54,12.0
2026-05-25,5,-6.75,0.0,53.9607521310253,Tsho Rolpa,4580,1.54,12.0
2026-05-26,5,-8.3,0.0,56.18111259059893,Tsho Rolpa,4580,1.54,12.0
2026-05-27,5,-7.2,0.0,41.5103729275639,Tsho Rolpa,4580,1.54,12.0
2026-05-28,5,-7.5,0.0,44.49708234788365,Tsho Rolpa,4580,1.54,12.0
2026-05-29,5,-6.9,0.0,68.11241540122002,Tsho Rolpa,4580,1.54,12.0
2026-05-30,5,-7.3,0.2,80.37359731816885,Tsho Rolpa,4580,1.54,12.0
2026-05-31,5,-7.4,0.0,57.873002694341,Tsho Rolpa,4580,1.54,12.0
2026-06-01,6,-6.2,0.0,50.53614328130389,Tsho Rolpa,4580,1.54,12.0
2026-06-02,6,-6.300000000000001,0.0,60.15613707210825,Tsho Rolpa,4580,1.54,12.0
2026-06-03,6,-5.7,0.2,79.38092211925012,Tsho Rolpa,4580,1.54,12.0
2026-06-04,6,-5.85,0.0,68.50716254741555,Tsho Rolpa,4580,1.54,12.0
2026-06-05,6,-5.25,0.0,65.09568589133323,Tsho Rolpa,4580,1.54,12.0
2026-06-06,6,-5.1,0.2,85.23075082267067,Tsho Rolpa,4580,1.54,12.0
2026-06-07,6,-5.45,0.0,45.08243097084281,Tsho Rolpa,4580,1.54,12.0
2026-06-08,6,-5.2,0.2,76.12895325966007,Tsho Rolpa,4580,1.54,12.0
2026-06-09,6,-3.55,1.5,83.96938443039078,Tsho Rolpa,4580,1.54,12.0
2026-06-10,6,-4.7,0.0,52.011242510945586,Tsho Rolpa,4580,1.54,12.0
2026-06-11,6,-6.050000000000001,0.0,49.88893161068601,Tsho Rolpa,4580,1.54,12.0
2026-06-12,6,-4.95,0.2,77.52722126164532,Tsho Rolpa,4580,1.54,12.0
2026-06-13,6,-5.3,0.0,49.25127509709258,Tsho Rolpa,4580,1.54,12.0
2026-06-14,6,-5.0,0.0,64.03639651795245,Tsho Rolpa,4580,1.54,12.0
2026-06-15,6,-5.5,0.0,40.95907977607449,Tsho Rolpa,4580,1.54,12.0
2023-06-16,6,2.15,0.0,44.32880972298519,South Lhonak,5200,1.26,5.0
2023-06-17,6,1.2999999999999998,0.0,55.0760335219836,South Lhonak,5200,1.26,5.0
2023-06-18,6,2.8,0.2,85.3257264148631,South Lhonak,5200,1.26,5.0
2023-06-19,6,1.25,0.3,75.14245402658727,South Lhonak,5200,1.26,5.0
2023-06-20,6,3.0,0.4,89.70902694931924,South Lhonak,5200,1.26,5.0
2023-06-21,6,2.9,0.4,87.51190771372,South Lhonak,5200,1.26,5.0
2023-06-22,6,2.0999999999999996,0.4,83.36791099931739,South Lhonak,5200,1.26,5.0
2023-06-23,6,3.75,0.6,80.71227600407022,South Lhonak,5200,1.26,5.0
2023-06-24,6,3.8,0.3,80.47773087087518,South Lhonak,5200,1.26,5.0
2023-06-25,6,1.1500000000000004,0.3,76.07808263665962,South Lhonak,5200,1.26,5.0
2023-06-26,6,1.8499999999999999,0.3,94.79128606020704,South Lhonak,5200,1.26,5.0
2023-06-27,6,0.40000000000000036,0.4,80.35374306654614,South Lhonak,5200,1.26,5.0
2023-06-28,6,2.1,0.0,45.77266615954443,South Lhonak,5200,1.26,5.0
2023-06-29,6,2.85,0.5,87.66483289158246,South Lhonak,5200,1.26,5.0
2023-06-30,6,3.6,1.3,83.22951434975333,South Lhonak,5200,1.26,5.0
2023-07-01,7,3.9000000000000004,0.4,91.83488419123952,South Lhonak,5200,1.26,5.0
2023-07-02,7,4.4,0.5,87.27216795280032,South Lhonak,5200,1.26,5.0
2023-07-03,7,3.8,1.7,85.38658436730012,South Lhonak,5200,1.26,5.0
2023-07-04,7,3.3499999999999996,1.2,88.17557297474241,South Lhonak,5200,1.26,5.0
2023-07-05,7,3.7,0.9,92.42881155970167,South Lhonak,5200,1.26,5.0
2023-07-06,7,4.0,0.9,90.69385540056757,South Lhonak,5200,1.26,5.0
2023-07-07,7,4.2,4.0,91.03831296514224,South Lhonak,5200,1.26,5.0
2023-07-08,7,4.35,2.9,80.61440896037787,South Lhonak,5200,1.26,5.0
2023-07-09,7,4.1,1.3,81.55965968040445,South Lhonak,5200,1.26,5.0
2023-07-10,7,4.25,0.5,81.27806374342532,South Lhonak,5200,1.26,5.0
2023-07-11,7,4.35,0.9,79.49073254786377,South Lhonak,5200,1.26,5.0
2023-07-12,7,4.35,1.6,75.68444083229262,South Lhonak,5200,1.26,5.0
2023-07-13,7,4.1,1.8,92.86790421451056,South Lhonak,5200,1.26,5.0
2023-07-14,7,4.25,2.5,78.13383721211939,South Lhonak,5200,1.26,5.0
2023-07-15,7,4.65,2.4,81.45808090429017,South Lhonak,5200,1.26,5.0
2023-07-16,7,4.45,2.4,92.11519152620808,South Lhonak,5200,1.26,5.0
2023-07-17,7,4.949999999999999,2.2,82.99178027642753,South Lhonak,5200,1.26,5.0
2023-07-18,7,2.45,1.8,87.76143254276838,South Lhonak,5200,1.26,5.0
2023-07-19,7,2.5999999999999996,0.4,84.07985324178615,South Lhonak,5200,1.26,5.0
2023-07-20,7,2.6,1.3,90.56052204015985,South Lhonak,5200,1.26,5.0
2023-07-21,7,2.85,1.3,93.8826871219698,South Lhonak,5200,1.26,5.0
2023-07-22,7,3.4,1.2,91.78401632967292,South Lhonak,5200,1.26,5.0
2023-07-23,7,2.8000000000000003,0.8,93.26138847787601,South Lhonak,5200,1.26,5.0
2023-07-24,7,3.5,0.3,86.11328245164113,South Lhonak,5200,1.26,5.0
2023-07-25,7,3.1999999999999997,1.2,79.37661312512392,South Lhonak,5200,1.26,5.0
2023-07-26,7,3.35,0.7,80.08820303294632,South Lhonak,5200,1.26,5.0
2023-07-27,7,3.75,0.6,86.07741919774239,South Lhonak,5200,1.26,5.0
2023-07-28,7,4.3,3.2,78.09065484279276,South Lhonak,5200,1.26,5.0
2023-07-29,7,3.95,2.1,92.24272432088364,South Lhonak,5200,1.26,5.0
2023-07-30,7,3.9000000000000004,2.1,80.41685527641694,South Lhonak,5200,1.26,5.0
2023-07-31,7,4.25,3.4,85.24869289836927,South Lhonak,5200,1.26,5.0
2023-08-01,8,5.050000000000001,0.9,87.23438095143243,South Lhonak,5200,1.26,5.0
2023-08-02,8,4.3,1.8,85.3651743304022,South Lhonak,5200,1.26,5.0
2023-08-03,8,3.6500000000000004,1.8,83.8314867427166,South Lhonak,5200,1.26,5.0
2023-08-04,8,4.2,1.1,78.68933218739706,South Lhonak,5200,1.26,5.0
2023-08-05,8,4.45,2.3,91.54315439156456,South Lhonak,5200,1.26,5.0
2023-08-06,8,4.35,4.2,85.41388796638515,South Lhonak,5200,1.26,5.0
2023-08-07,8,4.8,4.2,81.592456540802,South Lhonak,5200,1.26,5.0
2023-08-08,8,4.45,3.3,79.69626282572408,South Lhonak,5200,1.26,5.0
2023-08-09,8,4.0,2.1,84.75077992650947,South Lhonak,5200,1.26,5.0
2023-08-10,8,4.2,2.8,87.98308660671,South Lhonak,5200,1.26,5.0
2023-08-11,8,4.65,0.9,85.82049694127753,South Lhonak,5200,1.26,5.0
2023-08-12,8,5.0,3.9,88.87754224300956,South Lhonak,5200,1.26,5.0
2023-08-13,8,3.1500000000000004,2.8,92.90038667574879,South Lhonak,5200,1.26,5.0
2023-08-14,8,4.15,1.9,75.07404957601574,South Lhonak,5200,1.26,5.0
2023-08-15,8,2.95,0.6,82.29991603862675,South Lhonak,5200,1.26,5.0
2023-08-16,8,3.3000000000000003,0.6,86.92322189755161,South Lhonak,5200,1.26,5.0
2023-08-17,8,4.1,0.0,46.078374964514296,South Lhonak,5200,1.26,5.0
2023-08-18,8,3.45,0.1,75.49106560225312,South Lhonak,5200,1.26,5.0
2023-08-19,8,3.3,0.3,80.96039979352862,South Lhonak,5200,1.26,5.0
2023-08-20,8,4.75,4.6,79.99906032530484,South Lhonak,5200,1.26,5.0
2023-08-21,8,4.5,5.9,91.2372514003727,South Lhonak,5200,1.26,5.0
2023-08-22,8,4.6,4.1,86.33711923884869,South Lhonak,5200,1.26,5.0
2023-08-23,8,4.25,2.3,90.85908589958558,South Lhonak,5200,1.26,5.0
2023-08-24,8,3.05,1.4,79.73633675427882,South Lhonak,5200,1.26,5.0
2023-08-25,8,1.45,1.4,88.20638605796111,South Lhonak,5200,1.26,5.0
2023-08-26,8,2.85,1.7,92.85625781826043,South Lhonak,5200,1.26,5.0
2023-08-27,8,2.9,0.2,77.12375762027008,South Lhonak,5200,1.26,5.0
2023-08-28,8,1.55,0.8,86.72191436735906,South Lhonak,5200,1.26,5.0
2023-08-29,8,2.1999999999999997,0.3,89.1990020797438,South Lhonak,5200,1.26,5.0
2023-08-30,8,2.5,0.2,75.12330698902404,South Lhonak,5200,1.26,5.0
2023-08-31,8,2.9499999999999997,1.1,81.45722327876248,South Lhonak,5200,1.26,5.0
2023-09-01,9,4.6000000000000005,0.0,65.97618104317756,South Lhonak,5200,1.26,5.0
2023-09-02,9,2.55,0.1,79.11787721797991,South Lhonak,5200,1.26,5.0
2023-09-03,9,0.6000000000000001,0.0,65.16197423955276,South Lhonak,5200,1.26,5.0
2023-09-04,9,1.1,0.0,41.53556421553892,South Lhonak,5200,1.26,5.0
2023-09-05,9,0.25,0.0,59.51729374874349,South Lhonak,5200,1.26,5.0
2023-09-06,9,0.04999999999999982,0.0,52.1741428267633,South Lhonak,5200,1.26,5.0
2023-09-07,9,2.45,0.0,63.18927189043974,South Lhonak,5200,1.26,5.0
2023-09-08,9,2.3,0.2,76.40517360770812,South Lhonak,5200,1.26,5.0
2023-09-09,9,2.1,0.3,83.70176072791284,South Lhonak,5200,1.26,5.0
2023-09-10,9,2.55,0.2,93.91399017727421,South Lhonak,5200,1.26,5.0
2023-09-11,9,2.4000000000000004,0.3,85.45819241421475,South Lhonak,5200,1.26,5.0
2023-09-12,9,3.6,1.5,77.95180898449414,South Lhonak,5200,1.26,5.0
2023-09-13,9,2.95,0.1,81.44757612588478,South Lhonak,5200,1.26,5.0
2023-09-14,9,2.45,0.1,80.30443590837444,South Lhonak,5200,1.26,5.0
2023-09-15,9,0.95,0.0,46.93778812426031,South Lhonak,5200,1.26,5.0
2023-09-16,9,0.8500000000000001,0.0,69.22601464575357,South Lhonak,5200,1.26,5.0
2023-09-17,9,0.5,0.0,59.44624512243449,South Lhonak,5200,1.26,5.0
2023-09-18,9,-0.30000000000000027,0.2,90.91710538166667,South Lhonak,5200,1.26,5.0
2023-09-19,9,0.3500000000000001,1.0,91.56989661219757,South Lhonak,5200,1.26,5.0
2023-09-20,9,1.2499999999999998,0.8,87.52074025622322,South Lhonak,5200,1.26,5.0
2023-09-21,9,0.04999999999999982,0.2,91.97333722331403,South Lhonak,5200,1.26,5.0
2023-09-22,9,1.05,1.0,89.07114205629192,South Lhonak,5200,1.26,5.0
2023-09-23,9,0.0,0.1,75.30304831167992,South Lhonak,5200,1.26,5.0
2023-09-24,9,0.19999999999999996,0.4,75.65168780369439,South Lhonak,5200,1.26,5.0
2023-09-25,9,-0.1499999999999999,0.2,82.8058965580612,South Lhonak,5200,1.26,5.0
2023-09-26,9,-0.4500000000000002,0.0,58.98243578185326,South Lhonak,5200,1.26,5.0
2023-09-27,9,-0.3999999999999999,0.0,62.70623372783567,South Lhonak,5200,1.26,5.0
2023-09-28,9,-0.2999999999999998,0.4,83.04937390337575,South Lhonak,5200,1.26,5.0
2023-09-29,9,-0.44999999999999973,0.0,67.9343986987833,South Lhonak,5200,1.26,5.0
2023-09-30,9,-1.1500000000000001,0.0,53.89589649881776,South Lhonak,5200,1.26,5.0
2023-10-01,10,1.35,0.6,90.01176014947625,South Lhonak,5200,1.26,5.0
2023-10-02,10,1.35,0.9,90.39787785781162,South Lhonak,5200,1.26,5.0
2023-10-03,10,0.30000000000000004,0.3,79.22024928820456,South Lhonak,5200,1.26,5.0
2023-10-04,10,-0.45,1.3,82.11602452464987,South Lhonak,5200,1.26,5.0
2023-10-05,10,-0.6499999999999999,0.2,86.39077990593671,South Lhonak,5200,1.26,5.0
2023-10-06,10,-0.8000000000000003,0.0,64.53764430545272,South Lhonak,5200,1.26,5.0
2023-10-07,10,-0.7999999999999998,0.0,59.77780495012789,South Lhonak,5200,1.26,5.0
2023-10-08,10,-0.5999999999999999,0.0,59.769645623035466,South Lhonak,5200,1.26,5.0
2023-10-09,10,0.10000000000000009,0.0,63.170449736323405,South Lhonak,5200,1.26,5.0
2023-10-10,10,-0.7000000000000001,0.0,64.28890508618717,South Lhonak,5200,1.26,5.0
2023-10-11,10,-3.0500000000000003,0.0,69.52789302514324,South Lhonak,5200,1.26,5.0
2023-10-12,10,-4.7,0.4,77.63910791195144,South Lhonak,5200,1.26,5.0
2023-10-13,10,-6.35,0.0,45.923527275391315,South Lhonak,5200,1.26,5.0
2023-10-14,10,-2.9499999999999997,0.0,57.20007248144218,South Lhonak,5200,1.26,5.0
2023-10-15,10,-3.0999999999999996,0.0,57.099638653877676,South Lhonak,5200,1.26,5.0
2023-10-16,10,-4.6,0.1,79.2426245264883,South Lhonak,5200,1.26,5.0
2023-10-17,10,-6.699999999999999,0.3,81.87597506439181,South Lhonak,5200,1.26,5.0
2023-10-18,10,-6.25,0.0,49.45944109442064,South Lhonak,5200,1.26,5.0
2023-10-19,10,-7.6499999999999995,0.1,88.54107229653587,South Lhonak,5200,1.26,5.0
2023-10-20,10,-7.5,0.3,81.67869083785924,South Lhonak,5200,1.26,5.0
2023-10-21,10,-7.300000000000001,0.2,85.34334704096901,South Lhonak,5200,1.26,5.0
2023-10-22,10,-8.95,0.3,92.56792486290198,South Lhonak,5200,1.26,5.0
2023-10-23,10,-8.95,0.1,87.2395205662405,South Lhonak,5200,1.26,5.0
2023-10-24,10,-9.1,0.0,40.54114620684834,South Lhonak,5200,1.26,5.0
2023-10-25,10,-10.45,0.6,86.19232567266441,South Lhonak,5200,1.26,5.0
2023-10-26,10,-10.5,0.0,54.1405349314478,South Lhonak,5200,1.26,5.0
2023-10-27,10,-10.4,0.3,77.80660192776422,South Lhonak,5200,1.26,5.0
2023-10-28,10,-8.45,0.0,51.9683242700648,South Lhonak,5200,1.26,5.0
2023-10-29,10,-7.25,0.3,86.78075076382066,South Lhonak,5200,1.26,5.0
2023-10-30,10,-8.2,0.1,86.53504731420793,South Lhonak,5200,1.26,5.0
2023-10-31,10,-8.9,0.4,79.02757912728615,South Lhonak,5200,1.26,5.0
2023-11-01,11,-6.8,0.0,51.00174666435244,South Lhonak,5200,1.26,5.0
2023-11-02,11,-10.1,0.0,48.67347457349679,South Lhonak,5200,1.26,5.0
2023-11-03,11,-10.6,0.0,64.3426542203387,South Lhonak,5200,1.26,5.0
2023-11-04,11,-10.3,0.0,61.759655945154755,South Lhonak,5200,1.26,5.0
2023-11-05,11,-8.7,0.0,53.649072819535064,South Lhonak,5200,1.26,5.0
2023-11-06,11,-9.35,0.0,67.2284331457154,South Lhonak,5200,1.26,5.0
2023-11-07,11,-8.8,0.0,49.74435360711754,South Lhonak,5200,1.26,5.0
2023-11-08,11,-8.35,0.0,55.1903401022931,South Lhonak,5200,1.26,5.0
2023-11-09,11,-8.05,0.0,64.39670118509395,South Lhonak,5200,1.26,5.0
2023-11-10,11,-7.699999999999999,0.0,66.91007381848708,South Lhonak,5200,1.26,5.0
2023-11-11,11,-7.85,0.0,52.17987613009218,South Lhonak,5200,1.26,5.0
2023-11-12,11,-8.3,0.0,58.27788963409389,South Lhonak,5200,1.26,5.0
2023-11-13,11,-7.85,0.0,53.68650097606703,South Lhonak,5200,1.26,5.0
2023-11-14,11,-7.6000000000000005,0.3,91.85962706026928,South Lhonak,5200,1.26,5.0
2023-11-15,11,-6.65,0.0,62.71848729450462,South Lhonak,5200,1.26,5.0
2023-11-16,11,-6.0,0.3,94.18314100794206,South Lhonak,5200,1.26,5.0
2023-11-17,11,-8.1,0.0,65.69304293366726,South Lhonak,5200,1.26,5.0
2023-11-18,11,-7.05,0.0,62.58043805570887,South Lhonak,5200,1.26,5.0
2023-11-19,11,-6.75,0.0,67.26179211661197,South Lhonak,5200,1.26,5.0
2023-11-20,11,-7.4,0.0,69.35375330550521,South Lhonak,5200,1.26,5.0
2023-11-21,11,-8.5,0.0,48.035055928868346,South Lhonak,5200,1.26,5.0
2023-11-22,11,-9.1,0.0,43.585046877367105,South Lhonak,5200,1.26,5.0
2023-11-23,11,-10.05,0.0,41.21545918836849,South Lhonak,5200,1.26,5.0
2023-11-24,11,-11.0,0.0,54.7132683107736,South Lhonak,5200,1.26,5.0
2023-11-25,11,-9.15,0.0,60.371385537961686,South Lhonak,5200,1.26,5.0
2023-11-26,11,-7.6,0.0,62.519866344394394,South Lhonak,5200,1.26,5.0
2023-11-27,11,-6.6,0.5,81.91678401637132,South Lhonak,5200,1.26,5.0
2023-11-28,11,-8.85,0.3,78.18876123107692,South Lhonak,5200,1.26,5.0
2023-11-29,11,-12.15,0.1,83.07276489221775,South Lhonak,5200,1.26,5.0
2023-11-30,11,-12.4,0.0,67.82281860303262,South Lhonak,5200,1.26,5.0
2023-12-01,12,-8.8,0.0,64.91898424937105,South Lhonak,5200,1.26,5.0
2023-12-02,12,-10.149999999999999,0.0,56.404618250955004,South Lhonak,5200,1.26,5.0
2023-12-03,12,-11.0,0.0,55.880823535174265,South Lhonak,5200,1.26,5.0
2023-12-04,12,-11.75,0.0,65.00577130578267,South Lhonak,5200,1.26,5.0
2023-12-05,12,-9.7,0.0,45.3809474363277,South Lhonak,5200,1.26,5.0
2023-12-06,12,-10.0,0.0,67.03325146805679,South Lhonak,5200,1.26,5.0
2023-12-07,12,-10.75,0.2,82.75954946717079,South Lhonak,5200,1.26,5.0
2023-12-08,12,-12.850000000000001,0.1,81.89390593927126,South Lhonak,5200,1.26,5.0
2023-12-09,12,-14.75,0.0,41.25801232401123,South Lhonak,5200,1.26,5.0
2023-12-10,12,-13.85,0.0,69.48202923632257,South Lhonak,5200,1.26,5.0
2023-12-11,12,-13.75,0.0,47.43088257017165,South Lhonak,5200,1.26,5.0
2023-12-12,12,-13.3,0.1,90.8032869040192,South Lhonak,5200,1.26,5.0
2023-12-13,12,-13.6,0.0,53.91829536431189,South Lhonak,5200,1.26,5.0
2023-12-14,12,-9.15,0.0,43.714842467599276,South Lhonak,5200,1.26,5.0
2023-12-15,12,-9.05,0.0,52.51306840022913,South Lhonak,5200,1.26,5.0
2023-12-16,12,-11.2,0.0,66.95733805476227,South Lhonak,5200,1.26,5.0
2023-12-17,12,-10.75,0.2,92.71010455311018,South Lhonak,5200,1.26,5.0
2023-12-18,12,-13.3,0.1,92.10111188262164,South Lhonak,5200,1.26,5.0
2023-12-19,12,-13.25,0.0,57.25153290939994,South Lhonak,5200,1.26,5.0
2023-12-20,12,-12.9,0.0,52.77432035627213,South Lhonak,5200,1.26,5.0
2023-12-21,12,-12.5,0.0,68.22228976680941,South Lhonak,5200,1.26,5.0
2023-12-22,12,-11.6,0.0,58.202983537055324,South Lhonak,5200,1.26,5.0
2023-12-23,12,-11.0,0.0,42.40218184428948,South Lhonak,5200,1.26,5.0
2023-12-24,12,-13.6,0.0,59.260521452334245,South Lhonak,5200,1.26,5.0
2023-12-25,12,-13.2,0.0,49.69122741523799,South Lhonak,5200,1.26,5.0
2023-12-26,12,-13.8,0.0,69.68835731632915,South Lhonak,5200,1.26,5.0
2023-12-27,12,-13.7,0.0,42.16822413954009,South Lhonak,5200,1.26,5.0
2023-12-28,12,-15.4,0.0,42.88694466681506,South Lhonak,5200,1.26,5.0
2023-12-29,12,-17.4,0.0,52.18494780764483,South Lhonak,5200,1.26,5.0
2023-12-30,12,-16.9,0.0,55.35233205572298,South Lhonak,5200,1.26,5.0
2023-12-31,12,-14.8,0.0,49.70945592853758,South Lhonak,5200,1.26,5.0
2024-01-01,1,-15.700000000000001,0.0,48.89852064851176,South Lhonak,5200,1.26,5.0
2024-01-02,1,-15.1,0.0,59.14640625651033,South Lhonak,5200,1.26,5.0
2024-01-03,1,-14.649999999999999,0.0,52.03705206111167,South Lhonak,5200,1.26,5.0
2024-01-04,1,-18.7,0.0,59.71656659656299,South Lhonak,5200,1.26,5.0
2024-01-05,1,-18.75,0.0,64.8045099833458,South Lhonak,5200,1.26,5.0
2024-01-06,1,-15.899999999999999,0.5,90.22827587312209,South Lhonak,5200,1.26,5.0
2024-01-07,1,-14.5,0.0,41.19795205629652,South Lhonak,5200,1.26,5.0
2024-01-08,1,-13.75,0.0,56.793888812991284,South Lhonak,5200,1.26,5.0
2024-01-09,1,-13.75,0.0,45.968241124527005,South Lhonak,5200,1.26,5.0
2024-01-10,1,-13.55,0.0,57.93050173058735,South Lhonak,5200,1.26,5.0
2024-01-11,1,-14.3,0.0,42.163520798415504,South Lhonak,5200,1.26,5.0
2024-01-12,1,-14.3,0.0,52.44047442309193,South Lhonak,5200,1.26,5.0
2024-01-13,1,-13.15,0.0,59.008692217142894,South Lhonak,5200,1.26,5.0
2024-01-14,1,-13.65,0.0,57.53879941823758,South Lhonak,5200,1.26,5.0
2024-01-15,1,-13.95,0.0,53.82946824267138,South Lhonak,5200,1.26,5.0
2024-01-16,1,-16.25,0.0,40.44431774239224,South Lhonak,5200,1.26,5.0
2024-01-17,1,-14.899999999999999,0.0,45.862812571199385,South Lhonak,5200,1.26,5.0
2024-01-18,1,-17.55,0.0,57.15694540317412,South Lhonak,5200,1.26,5.0
2024-01-19,1,-16.3,0.0,54.741246045711335,South Lhonak,5200,1.26,5.0
2024-01-20,1,-13.65,0.0,47.91398619596287,South Lhonak,5200,1.26,5.0
2024-01-21,1,-15.8,0.0,66.16472076360066,South Lhonak,5200,1.26,5.0
2024-01-22,1,-17.3,0.0,63.49784054743054,South Lhonak,5200,1.26,5.0
2024-01-23,1,-16.15,0.0,59.678645231868316,South Lhonak,5200,1.26,5.0
2024-01-24,1,-16.35,0.0,42.23917582661902,South Lhonak,5200,1.26,5.0
2024-01-25,1,-18.7,0.0,46.24029938102087,South Lhonak,5200,1.26,5.0
2024-01-26,1,-21.0,0.0,69.49797300867934,South Lhonak,5200,1.26,5.0
2024-01-27,1,-18.0,0.0,42.25637613697065,South Lhonak,5200,1.26,5.0
2024-01-28,1,-17.65,0.0,65.14829059039472,South Lhonak,5200,1.26,5.0
2024-01-29,1,-15.35,0.0,52.38497416719562,South Lhonak,5200,1.26,5.0
2024-01-30,1,-15.3,0.0,40.604495337825846,South Lhonak,5200,1.26,5.0
2024-01-31,1,-15.95,0.0,63.6690267673534,South Lhonak,5200,1.26,5.0
2024-02-01,2,-14.15,0.0,54.27984711474297,South Lhonak,5200,1.26,5.0
2024-02-02,2,-15.350000000000001,0.0,52.54568393158817,South Lhonak,5200,1.26,5.0
2024-02-03,2,-16.15,0.0,44.674350280345074,South Lhonak,5200,1.26,5.0
2024-02-04,2,-12.45,0.3,86.91954768139328,South Lhonak,5200,1.26,5.0
2024-02-05,2,-13.850000000000001,0.0,41.61940819876451,South Lhonak,5200,1.26,5.0
2024-02-06,2,-12.85,0.6,87.34147357656961,South Lhonak,5200,1.26,5.0
2024-02-07,2,-11.950000000000001,0.0,58.422074741387114,South Lhonak,5200,1.26,5.0
2024-02-08,2,-14.899999999999999,0.0,41.774861918075736,South Lhonak,5200,1.26,5.0
2024-02-09,2,-16.75,0.0,45.31684958310978,South Lhonak,5200,1.26,5.0
2024-02-10,2,-17.200000000000003,0.0,66.50633111509879,South Lhonak,5200,1.26,5.0
2024-02-11,2,-17.6,0.0,61.05586384914375,South Lhonak,5200,1.26,5.0
2024-02-12,2,-18.1,0.0,63.2921774314191,South Lhonak,5200,1.26,5.0
2024-02-13,2,-15.65,0.0,41.896829279751316,South Lhonak,5200,1.26,5.0
2024-02-14,2,-12.0,0.0,68.42882810815928,South Lhonak,5200,1.26,5.0
2024-02-15,2,-12.7,0.0,46.91033827208362,South Lhonak,5200,1.26,5.0
2024-02-16,2,-16.25,0.0,52.49422140927677,South Lhonak,5200,1.26,5.0
2024-02-17,2,-13.9,0.0,65.41836892658254,South Lhonak,5200,1.26,5.0
2024-02-18,2,-11.549999999999999,0.0,42.502634568332375,South Lhonak,5200,1.26,5.0
2024-02-19,2,-10.3,0.1,85.52696954487723,South Lhonak,5200,1.26,5.0
2024-02-20,2,-12.85,0.6,78.73665326313078,South Lhonak,5200,1.26,5.0
2024-02-21,2,-13.9,0.2,82.65273052448038,South Lhonak,5200,1.26,5.0
2024-02-22,2,-14.05,0.1,85.2378354812896,South Lhonak,5200,1.26,5.0
2024-02-23,2,-15.450000000000001,0.1,94.48848444544626,South Lhonak,5200,1.26,5.0
2024-02-24,2,-17.4,0.0,68.22597419951762,South Lhonak,5200,1.26,5.0
2024-02-25,2,-16.15,0.0,42.017892595271974,South Lhonak,5200,1.26,5.0
2024-02-26,2,-12.600000000000001,0.0,53.66908910959048,South Lhonak,5200,1.26,5.0
2024-02-27,2,-14.350000000000001,0.0,41.985615871402224,South Lhonak,5200,1.26,5.0
2024-02-28,2,-11.7,0.0,46.21625411295806,South Lhonak,5200,1.26,5.0
2024-02-29,2,-12.75,0.0,68.34454108543189,South Lhonak,5200,1.26,5.0
2024-03-01,3,-11.9,0.0,56.35720637268058,South Lhonak,5200,1.26,5.0
2024-03-02,3,-12.899999999999999,0.0,65.11048371660164,South Lhonak,5200,1.26,5.0
2024-03-03,3,-9.4,0.0,63.830060599711146,South Lhonak,5200,1.26,5.0
2024-03-04,3,-11.600000000000001,0.3,81.69612080419601,South Lhonak,5200,1.26,5.0
2024-03-05,3,-13.95,0.0,69.49811642785323,South Lhonak,5200,1.26,5.0
2024-03-06,3,-13.25,0.0,64.19184611354129,South Lhonak,5200,1.26,5.0
2024-03-07,3,-14.5,0.0,48.2251916790642,South Lhonak,5200,1.26,5.0
2024-03-08,3,-12.45,0.0,67.95355008923747,South Lhonak,5200,1.26,5.0
2024-03-09,3,-14.0,0.0,59.71550634655257,South Lhonak,5200,1.26,5.0
2024-03-10,3,-9.55,0.0,47.808493192314124,South Lhonak,5200,1.26,5.0
2024-03-11,3,-10.95,0.1,87.33743395808459,South Lhonak,5200,1.26,5.0
2024-03-12,3,-8.65,0.0,55.0969378864703,South Lhonak,5200,1.26,5.0
2024-03-13,3,-9.05,0.0,48.57318312415575,South Lhonak,5200,1.26,5.0
2024-03-14,3,-10.35,0.0,47.36424824507949,South Lhonak,5200,1.26,5.0
2024-03-15,3,-10.149999999999999,0.0,46.076170604584135,South Lhonak,5200,1.26,5.0
2024-03-16,3,-10.6,0.0,50.569837908758316,South Lhonak,5200,1.26,5.0
2024-03-17,3,-10.600000000000001,0.0,59.844508105873246,South Lhonak,5200,1.26,5.0
2024-03-18,3,-12.600000000000001,0.0,57.023939007060804,South Lhonak,5200,1.26,5.0
2024-03-19,3,-10.899999999999999,0.0,61.16990953947192,South Lhonak,5200,1.26,5.0
2024-03-20,3,-10.75,0.0,57.41707708598899,South Lhonak,5200,1.26,5.0
2024-03-21,3,-14.3,0.0,40.009607065964225,South Lhonak,5200,1.26,5.0
2024-03-22,3,-10.3,0.3,93.5212281253005,South Lhonak,5200,1.26,5.0
2024-03-23,3,-10.5,0.0,41.92332883035479,South Lhonak,5200,1.26,5.0
2024-03-24,3,-10.25,0.0,61.04445831793039,South Lhonak,5200,1.26,5.0
2024-03-25,3,-9.75,0.0,54.02464349676286,South Lhonak,5200,1.26,5.0
2024-03-26,3,-8.899999999999999,0.0,55.75363131730883,South Lhonak,5200,1.26,5.0
2024-03-27,3,-10.899999999999999,0.0,59.94456868813713,South Lhonak,5200,1.26,5.0
2024-03-28,3,-6.85,0.0,42.57016387414367,South Lhonak,5200,1.26,5.0
2024-03-29,3,-5.949999999999999,0.0,62.513232374374795,South Lhonak,5200,1.26,5.0
2024-03-30,3,-6.75,0.0,68.06414380068776,South Lhonak,5200,1.26,5.0
2024-03-31,3,-7.9,0.0,40.096602235568184,South Lhonak,5200,1.26,5.0
2024-04-01,4,-7.9,0.0,50.050040166274016,South Lhonak,5200,1.26,5.0
2024-04-02,4,-6.300000000000001,0.1,86.684843532324,South Lhonak,5200,1.26,5.0
2024-04-03,4,-6.7,0.0,53.0043887080664,South Lhonak,5200,1.26,5.0
2024-04-04,4,-6.5,0.0,64.84483596117411,South Lhonak,5200,1.26,5.0
2024-04-05,4,-5.45,0.1,87.15942507805234,South Lhonak,5200,1.26,5.0
2024-04-06,4,-6.35,0.0,41.84985715810096,South Lhonak,5200,1.26,5.0
2024-04-07,4,-6.9,0.0,40.10225682882946,South Lhonak,5200,1.26,5.0
2024-04-08,4,-8.3,0.1,75.52703891020961,South Lhonak,5200,1.26,5.0
2024-04-09,4,-11.65,0.0,63.45054824571988,South Lhonak,5200,1.26,5.0
2024-04-10,4,-11.4,0.0,46.66568236039618,South Lhonak,5200,1.26,5.0
2024-04-11,4,-9.0,0.1,87.40255746866288,South Lhonak,5200,1.26,5.0
2024-04-12,4,-8.6,0.0,61.89792520524041,South Lhonak,5200,1.26,5.0
2024-04-13,4,-6.65,0.0,44.780581433792406,South Lhonak,5200,1.26,5.0
2024-04-14,4,-6.050000000000001,0.0,63.67152581037708,South Lhonak,5200,1.26,5.0
2024-04-15,4,-4.3999999999999995,0.0,58.69844770411485,South Lhonak,5200,1.26,5.0
2024-04-16,4,-4.449999999999999,0.0,51.52061506905686,South Lhonak,5200,1.26,5.0
2024-04-17,4,-3.65,0.0,69.20273297977441,South Lhonak,5200,1.26,5.0
2024-04-18,4,-2.8,0.0,55.220882953231694,South Lhonak,5200,1.26,5.0
2024-04-19,4,-3.3500000000000005,0.0,62.084896905578006,South Lhonak,5200,1.26,5.0
2024-04-20,4,-2.3,0.0,49.38019122137961,South Lhonak,5200,1.26,5.0
2024-04-21,4,-4.4,0.0,54.10582016550717,South Lhonak,5200,1.26,5.0
2024-04-22,4,-3.9499999999999997,0.0,67.07829691609405,South Lhonak,5200,1.26,5.0
2024-04-23,4,-5.2,0.0,64.26231639945473,South Lhonak,5200,1.26,5.0
2024-04-24,4,-6.4,0.0,52.32926430742651,South Lhonak,5200,1.26,5.0
2024-04-25,4,-5.45,0.0,56.63044873926326,South Lhonak,5200,1.26,5.0
2024-04-26,4,-5.45,0.0,48.18540424016109,South Lhonak,5200,1.26,5.0
2024-04-27,4,-4.5,0.0,54.67750347859845,South Lhonak,5200,1.26,5.0
2024-04-28,4,-4.3,0.0,41.742377080146326,South Lhonak,5200,1.26,5.0
2024-04-29,4,-2.1,0.0,46.26832757800276,South Lhonak,5200,1.26,5.0
2024-04-30,4,-2.6999999999999997,0.0,54.57552223374197,South Lhonak,5200,1.26,5.0
2024-05-01,5,-5.6,0.0,61.799791388139994,South Lhonak,5200,1.26,5.0
2024-05-02,5,-6.9,0.0,41.05337391417017,South Lhonak,5200,1.26,5.0
2024-05-03,5,-3.85,0.0,50.071301849051636,South Lhonak,5200,1.26,5.0
2024-05-04,5,-1.9,0.0,45.1307712393274,South Lhonak,5200,1.26,5.0
2024-05-05,5,-3.8,0.0,68.39542866115198,South Lhonak,5200,1.26,5.0
2024-05-06,5,-3.2,0.0,55.320966280993034,South Lhonak,5200,1.26,5.0
2024-05-07,5,-3.6999999999999997,0.5,88.55529841946782,South Lhonak,5200,1.26,5.0
2024-05-08,5,-4.6,0.2,91.15908751858478,South Lhonak,5200,1.26,5.0
2024-05-09,5,-4.4,0.0,44.647803023149464,South Lhonak,5200,1.26,5.0
2024-05-10,5,-3.25,0.0,64.7448416046464,South Lhonak,5200,1.26,5.0
2024-05-11,5,-2.3,0.0,45.05462455052702,South Lhonak,5200,1.26,5.0
2024-05-12,5,-2.15,0.2,75.57582680211381,South Lhonak,5200,1.26,5.0
2024-05-13,5,-3.15,0.4,84.45535941367648,South Lhonak,5200,1.26,5.0
2024-05-14,5,-1.2999999999999998,0.5,89.69096452360691,South Lhonak,5200,1.26,5.0
2024-05-15,5,-0.8,0.3,93.02923297748382,South Lhonak,5200,1.26,5.0
2024-05-16,5,-1.65,0.2,84.95678111284954,South Lhonak,5200,1.26,5.0
2024-05-17,5,0.6499999999999999,0.1,86.87680932290844,South Lhonak,5200,1.26,5.0
2024-05-18,5,0.19999999999999996,0.0,40.34921078274177,South Lhonak,5200,1.26,5.0
2024-05-19,5,-0.5,0.0,45.79884060918071,South Lhonak,5200,1.26,5.0
2024-05-20,5,-1.75,0.0,46.36657174920767,South Lhonak,5200,1.26,5.0
2024-05-21,5,-1.8,0.0,59.091024773852396,South Lhonak,5200,1.26,5.0
2024-05-22,5,-0.9500000000000002,0.0,42.238954944395765,South Lhonak,5200,1.26,5.0
2024-05-23,5,0.19999999999999996,0.5,83.95455206512652,South Lhonak,5200,1.26,5.0
2024-05-24,5,0.3999999999999999,0.4,79.02616125899307,South Lhonak,5200,1.26,5.0
2024-05-25,5,0.8500000000000001,0.3,94.03527681791311,South Lhonak,5200,1.26,5.0
2024-05-26,5,2.05,0.5,84.55657924697469,South Lhonak,5200,1.26,5.0
2024-05-27,5,1.0000000000000002,0.4,80.58806248618207,South Lhonak,5200,1.26,5.0
2024-05-28,5,3.5,0.3,79.78503521938387,South Lhonak,5200,1.26,5.0
2024-05-29,5,0.30000000000000004,0.0,69.68368780241877,South Lhonak,5200,1.26,5.0
2024-05-30,5,1.3,0.0,42.865527717744705,South Lhonak,5200,1.26,5.0
2024-05-31,5,1.0499999999999998,0.0,49.386764086812676,South Lhonak,5200,1.26,5.0
2024-06-01,6,0.9000000000000001,0.0,45.65281032721348,South Lhonak,5200,1.26,5.0
2024-06-02,6,1.1,0.1,84.93363243615669,South Lhonak,5200,1.26,5.0
2024-06-03,6,0.75,0.3,87.10355679016773,South Lhonak,5200,1.26,5.0
2024-06-04,6,0.0,0.8,87.03216331710719,South Lhonak,5200,1.26,5.0
2024-06-05,6,0.7500000000000002,0.1,87.40711746767971,South Lhonak,5200,1.26,5.0
2024-06-06,6,1.65,0.1,75.58286578159753,South Lhonak,5200,1.26,5.0
2024-06-07,6,0.75,0.0,61.30071880920238,South Lhonak,5200,1.26,5.0
2024-06-08,6,2.25,0.0,60.800565925870586,South Lhonak,5200,1.26,5.0
2024-06-09,6,4.25,0.1,77.14662786644612,South Lhonak,5200,1.26,5.0
2024-06-10,6,4.1,0.0,62.20924854799772,South Lhonak,5200,1.26,5.0
2024-06-11,6,5.3500000000000005,0.2,89.4350578855534,South Lhonak,5200,1.26,5.0
2024-06-12,6,3.9,0.4,89.02078105310412,South Lhonak,5200,1.26,5.0
2024-06-13,6,3.1,0.8,92.39585211283944,South Lhonak,5200,1.26,5.0
2024-06-14,6,3.2,0.0,63.78271720898805,South Lhonak,5200,1.26,5.0
2024-06-15,6,4.4,0.0,64.07199359330349,South Lhonak,5200,1.26,5.0
2024-06-16,6,4.1,0.6,93.55480581464924,South Lhonak,5200,1.26,5.0
2024-06-17,6,5.3,0.8,78.62471242969536,South Lhonak,5200,1.26,5.0
2024-06-18,6,4.65,0.1,81.66147799307022,South Lhonak,5200,1.26,5.0
2024-06-19,6,4.05,0.3,88.53359285678323,South Lhonak,5200,1.26,5.0
2024-06-20,6,3.7,0.1,79.68862019799757,South Lhonak,5200,1.26,5.0
2024-06-21,6,4.25,0.1,86.22064039474718,South Lhonak,5200,1.26,5.0
2024-06-22,6,3.45,0.3,79.4882046791371,South Lhonak,5200,1.26,5.0
2024-06-23,6,3.9000000000000004,0.1,75.99192682110316,South Lhonak,5200,1.26,5.0
2024-06-24,6,4.8500000000000005,1.0,92.75855630760051,South Lhonak,5200,1.26,5.0
2024-06-25,6,4.95,0.5,76.00278768191687,South Lhonak,5200,1.26,5.0
2024-06-26,6,4.95,1.2,89.48719546017122,South Lhonak,5200,1.26,5.0
2024-06-27,6,5.199999999999999,0.2,79.34789404788292,South Lhonak,5200,1.26,5.0
2024-06-28,6,4.8,2.6,88.30607578387529,South Lhonak,5200,1.26,5.0
2024-06-29,6,4.9,2.2,85.4408910104027,South Lhonak,5200,1.26,5.0
2024-06-30,6,4.3,1.9,82.33073419254787,South Lhonak,5200,1.26,5.0
2024-07-01,7,4.3,2.4,79.36748453369543,South Lhonak,5200,1.26,5.0
2024-07-02,7,4.45,1.7,93.16194844084653,South Lhonak,5200,1.26,5.0
2024-07-03,7,4.45,3.4,91.96727155433777,South Lhonak,5200,1.26,5.0
2024-07-04,7,4.35,3.2,83.0466986123094,South Lhonak,5200,1.26,5.0
2024-07-05,7,2.6,3.0,78.15463439459828,South Lhonak,5200,1.26,5.0
2024-07-06,7,1.4,1.1,80.40436607250132,South Lhonak,5200,1.26,5.0
2024-07-07,7,2.1,0.6,78.25813249026278,South Lhonak,5200,1.26,5.0
2024-07-08,7,4.6,0.0,58.08352467252722,South Lhonak,5200,1.26,5.0
2024-07-09,7,4.25,1.0,90.13330578241835,South Lhonak,5200,1.26,5.0
2024-07-10,7,4.45,0.8,81.40240595959813,South Lhonak,5200,1.26,5.0
2024-07-11,7,5.15,3.3,88.63399055642313,South Lhonak,5200,1.26,5.0
2024-07-12,7,1.7,0.3,91.7862487270375,South Lhonak,5200,1.26,5.0
2024-07-13,7,2.4000000000000004,0.0,47.50302573756645,South Lhonak,5200,1.26,5.0
2024-07-14,7,3.2,0.6,78.48499234405455,South Lhonak,5200,1.26,5.0
2024-07-15,7,5.0,2.1,86.85975248189753,South Lhonak,5200,1.26,5.0
2024-07-16,7,4.3,2.5,80.75365411194876,South Lhonak,5200,1.26,5.0
2024-07-17,7,4.25,1.5,90.32626142676814,South Lhonak,5200,1.26,5.0
2024-07-18,7,4.3,1.2,85.86362646207158,South Lhonak,5200,1.26,5.0
2024-07-19,7,4.05,0.7,92.4978194047639,South Lhonak,5200,1.26,5.0
2024-07-20,7,5.0,2.1,76.14583141098743,South Lhonak,5200,1.26,5.0
2024-07-21,7,4.85,3.0,85.1892660877549,South Lhonak,5200,1.26,5.0
2024-07-22,7,4.8,2.1,78.49626103967739,South Lhonak,5200,1.26,5.0
2024-07-23,7,5.4,2.1,93.98718667370403,South Lhonak,5200,1.26,5.0
2024-07-24,7,5.45,1.5,88.15593381119174,South Lhonak,5200,1.26,5.0
2024-07-25,7,4.9,3.4,78.82759302450086,South Lhonak,5200,1.26,5.0
2024-07-26,7,5.199999999999999,1.3,78.24273875910374,South Lhonak,5200,1.26,5.0
2024-07-27,7,4.3,0.0,51.89700908764313,South Lhonak,5200,1.26,5.0
2024-07-28,7,6.1499999999999995,1.6,75.10610042923848,South Lhonak,5200,1.26,5.0
2024-07-29,7,6.55,1.2,75.6283162048408,South Lhonak,5200,1.26,5.0
2024-07-30,7,5.7,0.5,91.66892083434479,South Lhonak,5200,1.26,5.0
2024-07-31,7,4.75,0.4,75.43682735914321,South Lhonak,5200,1.26,5.0
2024-08-01,8,1.9000000000000001,1.0,88.21452020412286,South Lhonak,5200,1.26,5.0
2024-08-02,8,2.2,1.5,86.24014108712927,South Lhonak,5200,1.26,5.0
2024-08-03,8,3.0,1.0,81.65689854153459,South Lhonak,5200,1.26,5.0
2024-08-04,8,3.65,1.5,84.54838709179408,South Lhonak,5200,1.26,5.0
2024-08-05,8,3.0,1.8,90.5896332703696,South Lhonak,5200,1.26,5.0
2024-08-06,8,3.2,1.4,91.87649814683138,South Lhonak,5200,1.26,5.0
2024-08-07,8,3.2,1.7,91.66807737881823,South Lhonak,5200,1.26,5.0
2024-08-08,8,3.6500000000000004,1.4,86.06323581966174,South Lhonak,5200,1.26,5.0
2024-08-09,8,3.55,0.8,86.59005332737779,South Lhonak,5200,1.26,5.0
2024-08-10,8,3.9,1.1,79.07962127412623,South Lhonak,5200,1.26,5.0
2024-08-11,8,4.15,2.2,85.32811582321341,South Lhonak,5200,1.26,5.0
2024-08-12,8,3.0,3.1,93.54173816521512,South Lhonak,5200,1.26,5.0
2024-08-13,8,3.95,3.1,76.57391001327471,South Lhonak,5200,1.26,5.0
2024-08-14,8,4.15,1.8,82.13316715011536,South Lhonak,5200,1.26,5.0
2024-08-15,8,5.0,0.0,49.689850093882015,South Lhonak,5200,1.26,5.0
2024-08-16,8,3.65,0.2,82.2735529485037,South Lhonak,5200,1.26,5.0
2024-08-17,8,3.3,0.2,84.18169339944292,South Lhonak,5200,1.26,5.0
2024-08-18,8,2.75,0.2,77.37397231648902,South Lhonak,5200,1.26,5.0
2024-08-19,8,1.15,0.5,92.83377746134633,South Lhonak,5200,1.26,5.0
2024-08-20,8,1.2,1.5,75.50854034902761,South Lhonak,5200,1.26,5.0
2024-08-21,8,0.7500000000000002,1.3,91.90201631677098,South Lhonak,5200,1.26,5.0
2024-08-22,8,2.95,0.8,78.05470206546073,South Lhonak,5200,1.26,5.0
2024-08-23,8,2.0,0.5,80.67792407465474,South Lhonak,5200,1.26,5.0
2024-08-24,8,2.3,0.3,76.9157874176071,South Lhonak,5200,1.26,5.0
2024-08-25,8,2.7,0.0,54.02482257129441,South Lhonak,5200,1.26,5.0
2024-08-26,8,2.35,0.0,64.99037699010663,South Lhonak,5200,1.26,5.0
2024-08-27,8,1.9000000000000001,0.2,76.5349914421108,South Lhonak,5200,1.26,5.0
2024-08-28,8,0.6000000000000001,0.1,76.03172053460602,South Lhonak,5200,1.26,5.0
2024-08-29,8,1.5499999999999998,0.0,50.62223769339975,South Lhonak,5200,1.26,5.0
2024-08-30,8,0.25,0.0,57.81786555398656,South Lhonak,5200,1.26,5.0
2024-08-31,8,1.4500000000000002,0.1,86.21460181723965,South Lhonak,5200,1.26,5.0
2024-09-01,9,2.2,1.0,93.56439535186371,South Lhonak,5200,1.26,5.0
2024-09-02,9,2.85,1.2,82.51583238653602,South Lhonak,5200,1.26,5.0
2024-09-03,9,2.85,1.6,87.82494863167194,South Lhonak,5200,1.26,5.0
2024-09-04,9,2.75,2.2,94.39256740182272,South Lhonak,5200,1.26,5.0
2024-09-05,9,1.8,2.0,79.01112088522099,South Lhonak,5200,1.26,5.0
2024-09-06,9,2.9499999999999997,0.8,78.36529724221377,South Lhonak,5200,1.26,5.0
2024-09-07,9,2.7,1.1,76.53015968300954,South Lhonak,5200,1.26,5.0
2024-09-08,9,2.3499999999999996,0.7,87.38022954058737,South Lhonak,5200,1.26,5.0
2024-09-09,9,2.35,1.4,89.33313837543936,South Lhonak,5200,1.26,5.0
2024-09-10,9,2.7,0.8,84.0769321444235,South Lhonak,5200,1.26,5.0
2024-09-11,9,1.9499999999999997,1.5,92.91303622203151,South Lhonak,5200,1.26,5.0
2024-09-12,9,1.4499999999999997,1.0,83.06221909829708,South Lhonak,5200,1.26,5.0
2024-09-13,9,1.4,1.0,83.41715814888867,South Lhonak,5200,1.26,5.0
2024-09-14,9,1.3,0.1,92.2767406660942,South Lhonak,5200,1.26,5.0
2024-09-15,9,1.0000000000000002,0.2,81.42317450290491,South Lhonak,5200,1.26,5.0
2024-09-16,9,1.4,0.2,76.18583528782726,South Lhonak,5200,1.26,5.0
2024-09-17,9,0.1499999999999999,0.0,56.143561947761796,South Lhonak,5200,1.26,5.0
2024-09-18,9,0.19999999999999973,0.0,58.03407348632189,South Lhonak,5200,1.26,5.0
2024-09-19,9,1.35,0.3,89.33413003619495,South Lhonak,5200,1.26,5.0
2024-09-20,9,1.85,0.6,88.86420527052626,South Lhonak,5200,1.26,5.0
2024-09-21,9,0.6500000000000001,0.2,83.92199363938568,South Lhonak,5200,1.26,5.0
2024-09-22,9,0.0,0.0,54.69869736811077,South Lhonak,5200,1.26,5.0
2024-09-23,9,-0.050000000000000266,0.1,93.65474253365133,South Lhonak,5200,1.26,5.0
2024-09-24,9,0.8499999999999999,0.8,83.5357095484259,South Lhonak,5200,1.26,5.0
2024-09-25,9,1.3499999999999999,0.4,89.40534774382627,South Lhonak,5200,1.26,5.0
2024-09-26,9,0.04999999999999999,0.2,87.71687785647536,South Lhonak,5200,1.26,5.0
2024-09-27,9,-0.7999999999999999,0.3,87.36255447641092,South Lhonak,5200,1.26,5.0
2024-09-28,9,-0.04999999999999993,0.8,79.15702020556759,South Lhonak,5200,1.26,5.0
2024-09-29,9,-2.4,0.0,43.48322883894602,South Lhonak,5200,1.26,5.0
2024-09-30,9,-2.2,0.0,40.917531797703724,South Lhonak,5200,1.26,5.0
2024-10-01,10,0.25,0.0,57.74055847972494,South Lhonak,5200,1.26,5.0
2024-10-02,10,-1.45,0.0,64.39948208772302,South Lhonak,5200,1.26,5.0
2024-10-03,10,-2.45,0.1,81.21040968326018,South Lhonak,5200,1.26,5.0
2024-10-04,10,-3.1,0.0,47.20531046203542,South Lhonak,5200,1.26,5.0
2024-10-05,10,-2.5999999999999996,0.7,94.10702641987308,South Lhonak,5200,1.26,5.0
2024-10-06,10,-1.55,0.1,75.18055190110447,South Lhonak,5200,1.26,5.0
2024-10-07,10,-1.3499999999999999,0.0,65.93257875775484,South Lhonak,5200,1.26,5.0
2024-10-08,10,-1.3499999999999999,0.0,49.97225893555205,South Lhonak,5200,1.26,5.0
2024-10-09,10,-1.65,0.0,63.33080335596927,South Lhonak,5200,1.26,5.0
2024-10-10,10,-2.15,0.0,44.38149882589772,South Lhonak,5200,1.26,5.0
2024-10-11,10,-1.9500000000000002,0.0,53.22859752671921,South Lhonak,5200,1.26,5.0
2024-10-12,10,-2.35,0.0,65.87063738777027,South Lhonak,5200,1.26,5.0
2024-10-13,10,-2.85,0.0,45.20969270416205,South Lhonak,5200,1.26,5.0
2024-10-14,10,-1.95,0.0,65.60765189011133,South Lhonak,5200,1.26,5.0
2024-10-15,10,-2.5,0.0,50.50946024357425,South Lhonak,5200,1.26,5.0
2024-10-16,10,-2.15,0.0,56.49371965046606,South Lhonak,5200,1.26,5.0
2024-10-17,10,-3.05,0.0,53.2359963614779,South Lhonak,5200,1.26,5.0
2024-10-18,10,-4.25,0.0,65.53321316915631,South Lhonak,5200,1.26,5.0
2024-10-19,10,-5.550000000000001,0.0,45.10095998838809,South Lhonak,5200,1.26,5.0
2024-10-20,10,-5.3,0.0,59.27845882025898,South Lhonak,5200,1.26,5.0
2024-10-21,10,-5.6,0.0,67.70703753212872,South Lhonak,5200,1.26,5.0
2024-10-22,10,-7.050000000000001,0.0,62.57158873249763,South Lhonak,5200,1.26,5.0
2024-10-23,10,-5.9,0.5,91.997442903148,South Lhonak,5200,1.26,5.0
2024-10-24,10,-4.45,0.0,41.32734396206261,South Lhonak,5200,1.26,5.0
2024-10-25,10,-5.3,0.0,44.292388493101356,South Lhonak,5200,1.26,5.0
2024-10-26,10,-3.45,0.0,45.61120127655787,South Lhonak,5200,1.26,5.0
2024-10-27,10,-1.9500000000000002,0.0,60.69519161690334,South Lhonak,5200,1.26,5.0
2024-10-28,10,-2.0,0.0,43.611619165971995,South Lhonak,5200,1.26,5.0
2024-10-29,10,-1.45,0.0,68.77327527159599,South Lhonak,5200,1.26,5.0
2024-10-30,10,-0.8,0.0,56.30619910020882,South Lhonak,5200,1.26,5.0
2024-10-31,10,-1.35,0.1,81.0293984536938,South Lhonak,5200,1.26,5.0
2024-11-01,11,-1.9499999999999997,0.0,46.357322876768805,South Lhonak,5200,1.26,5.0
2024-11-02,11,-2.5,0.1,77.17044292820363,South Lhonak,5200,1.26,5.0
2024-11-03,11,-4.05,0.0,60.26156720889462,South Lhonak,5200,1.26,5.0
2024-11-04,11,-6.6,1.2,75.5602232214667,South Lhonak,5200,1.26,5.0
2024-11-05,11,-9.149999999999999,0.0,63.03457483755866,South Lhonak,5200,1.26,5.0
2024-11-06,11,-8.9,0.0,52.22284004983381,South Lhonak,5200,1.26,5.0
2024-11-07,11,-8.6,0.0,54.02070275789578,South Lhonak,5200,1.26,5.0
2024-11-08,11,-6.35,0.0,64.22581602576312,South Lhonak,5200,1.26,5.0
2024-11-09,11,-7.0,0.0,57.07314605934572,South Lhonak,5200,1.26,5.0
2024-11-10,11,-5.65,0.0,44.39981998994109,South Lhonak,5200,1.26,5.0
2024-11-11,11,-5.7,0.0,46.51379991758383,South Lhonak,5200,1.26,5.0
2024-11-12,11,-6.300000000000001,0.0,50.7163618234425,South Lhonak,5200,1.26,5.0
2024-11-13,11,-6.8500000000000005,0.0,46.43011841442949,South Lhonak,5200,1.26,5.0
2024-11-14,11,-4.5,0.0,52.01529851891977,South Lhonak,5200,1.26,5.0
2024-11-15,11,-2.7499999999999996,0.0,57.99715254564052,South Lhonak,5200,1.26,5.0
2024-11-16,11,-3.6999999999999997,0.0,65.01689443365372,South Lhonak,5200,1.26,5.0
2024-11-17,11,-6.0,0.0,52.356657216077544,South Lhonak,5200,1.26,5.0
2024-11-18,11,-5.3,0.0,56.26309282497983,South Lhonak,5200,1.26,5.0
2024-11-19,11,-8.25,0.0,61.877614370577504,South Lhonak,5200,1.26,5.0
2024-11-20,11,-8.2,0.0,68.79194973072376,South Lhonak,5200,1.26,5.0
2024-11-21,11,-9.55,0.0,66.38584891335468,South Lhonak,5200,1.26,5.0
2024-11-22,11,-8.25,0.0,43.10650059176159,South Lhonak,5200,1.26,5.0
2024-11-23,11,-7.8500000000000005,0.0,48.805679478861684,South Lhonak,5200,1.26,5.0
2024-11-24,11,-7.35,0.0,66.73455897867993,South Lhonak,5200,1.26,5.0
2024-11-25,11,-6.35,0.0,69.94726944490785,South Lhonak,5200,1.26,5.0
2024-11-26,11,-8.65,0.0,60.07875865341761,South Lhonak,5200,1.26,5.0
2024-11-27,11,-10.35,0.0,58.10417433338938,South Lhonak,5200,1.26,5.0
2024-11-28,11,-11.65,0.0,54.55901047190526,South Lhonak,5200,1.26,5.0
2024-11-29,11,-9.35,0.0,62.03363900306495,South Lhonak,5200,1.26,5.0
2024-11-30,11,-9.15,0.0,41.41210414898578,South Lhonak,5200,1.26,5.0
2024-12-01,12,-8.6,0.0,45.002095287425846,South Lhonak,5200,1.26,5.0
2024-12-02,12,-8.35,0.0,68.28889094109266,South Lhonak,5200,1.26,5.0
2024-12-03,12,-7.3500000000000005,0.0,61.16890272037198,South Lhonak,5200,1.26,5.0
2024-12-04,12,-6.15,0.0,65.20645601060978,South Lhonak,5200,1.26,5.0
2024-12-05,12,-6.1499999999999995,0.0,43.47314640548442,South Lhonak,5200,1.26,5.0
2024-12-06,12,-3.5999999999999996,0.0,45.12699055219587,South Lhonak,5200,1.26,5.0
2024-12-07,12,-5.5,0.0,63.913977703313314,South Lhonak,5200,1.26,5.0
2024-12-08,12,-8.2,0.2,92.68366020555477,South Lhonak,5200,1.26,5.0
2024-12-09,12,-12.5,0.0,58.66977470463795,South Lhonak,5200,1.26,5.0
2024-12-10,12,-9.3,0.0,42.32190357614435,South Lhonak,5200,1.26,5.0
2024-12-11,12,-8.3,0.0,45.252875376448095,South Lhonak,5200,1.26,5.0
2024-12-12,12,-6.6499999999999995,0.0,45.61531760662777,South Lhonak,5200,1.26,5.0
2024-12-13,12,-7.25,0.0,59.39644409128491,South Lhonak,5200,1.26,5.0
2024-12-14,12,-7.8500000000000005,0.0,45.25711482579394,South Lhonak,5200,1.26,5.0
2024-12-15,12,-6.2,0.0,63.156879956452585,South Lhonak,5200,1.26,5.0
2024-12-16,12,-4.6000000000000005,0.0,68.25227144494995,South Lhonak,5200,1.26,5.0
2024-12-17,12,-6.449999999999999,0.0,51.12821334271966,South Lhonak,5200,1.26,5.0
2024-12-18,12,-6.95,0.0,65.36432874645203,South Lhonak,5200,1.26,5.0
2024-12-19,12,-7.75,0.0,43.02592840414975,South Lhonak,5200,1.26,5.0
2024-12-20,12,-9.45,0.0,40.728612496814456,South Lhonak,5200,1.26,5.0
2024-12-21,12,-11.8,0.0,44.22073815089635,South Lhonak,5200,1.26,5.0
2024-12-22,12,-11.0,0.0,65.69947643903569,South Lhonak,5200,1.26,5.0
2024-12-23,12,-11.549999999999999,0.0,53.729057423705555,South Lhonak,5200,1.26,5.0
2024-12-24,12,-9.5,0.0,45.41808535634913,South Lhonak,5200,1.26,5.0
2024-12-25,12,-11.399999999999999,0.0,45.11779511574243,South Lhonak,5200,1.26,5.0
2024-12-26,12,-9.95,0.0,41.20050075004199,South Lhonak,5200,1.26,5.0
2024-12-27,12,-7.3,0.0,60.391004109138905,South Lhonak,5200,1.26,5.0
2024-12-28,12,-8.5,0.0,41.79081268841264,South Lhonak,5200,1.26,5.0
2024-12-29,12,-15.95,0.2,81.90419673062353,South Lhonak,5200,1.26,5.0
2024-12-30,12,-18.700000000000003,0.0,42.554653447219046,South Lhonak,5200,1.26,5.0
2024-12-31,12,-17.75,0.0,45.240533380445484,South Lhonak,5200,1.26,5.0
2025-01-01,1,-16.0,0.0,62.68956811218505,South Lhonak,5200,1.26,5.0
2025-01-02,1,-11.95,0.0,40.935468272819854,South Lhonak,5200,1.26,5.0
2025-01-03,1,-9.85,0.0,62.76299190909225,South Lhonak,5200,1.26,5.0
2025-01-04,1,-10.9,0.0,40.22702724481637,South Lhonak,5200,1.26,5.0
2025-01-05,1,-11.15,0.0,63.53744064882843,South Lhonak,5200,1.26,5.0
2025-01-06,1,-12.0,0.1,91.19914764994815,South Lhonak,5200,1.26,5.0
2025-01-07,1,-17.8,0.0,69.32723923682222,South Lhonak,5200,1.26,5.0
2025-01-08,1,-17.65,0.0,62.51113291541742,South Lhonak,5200,1.26,5.0
2025-01-09,1,-11.75,0.0,58.27477291491215,South Lhonak,5200,1.26,5.0
2025-01-10,1,-12.75,0.0,47.30536444796482,South Lhonak,5200,1.26,5.0
2025-01-11,1,-13.450000000000001,0.0,48.09544124902198,South Lhonak,5200,1.26,5.0
2025-01-12,1,-13.75,0.0,44.945635545534486,South Lhonak,5200,1.26,5.0
2025-01-13,1,-16.7,0.0,54.222226463436876,South Lhonak,5200,1.26,5.0
2025-01-14,1,-14.25,0.0,48.026500751270426,South Lhonak,5200,1.26,5.0
2025-01-15,1,-10.799999999999999,0.0,64.80643301771264,South Lhonak,5200,1.26,5.0
2025-01-16,1,-10.15,0.0,49.13973849710395,South Lhonak,5200,1.26,5.0
2025-01-17,1,-12.25,0.0,66.89957053781123,South Lhonak,5200,1.26,5.0
2025-01-18,1,-12.8,0.0,54.52545663651465,South Lhonak,5200,1.26,5.0
2025-01-19,1,-10.95,0.0,65.07375364310587,South Lhonak,5200,1.26,5.0
2025-01-20,1,-9.85,0.0,56.09537875458374,South Lhonak,5200,1.26,5.0
2025-01-21,1,-9.75,0.0,64.73829318357144,South Lhonak,5200,1.26,5.0
2025-01-22,1,-10.450000000000001,0.0,43.91263041359579,South Lhonak,5200,1.26,5.0
2025-01-23,1,-9.7,0.0,66.4337475300833,South Lhonak,5200,1.26,5.0
2025-01-24,1,-10.0,0.1,78.39811109391823,South Lhonak,5200,1.26,5.0
2025-01-25,1,-8.7,0.0,52.17104515492184,South Lhonak,5200,1.26,5.0
2025-01-26,1,-7.85,0.0,43.44983064944134,South Lhonak,5200,1.26,5.0
2025-01-27,1,-7.6499999999999995,0.0,40.15267757550782,South Lhonak,5200,1.26,5.0
2025-01-28,1,-6.6499999999999995,0.0,59.405899920840625,South Lhonak,5200,1.26,5.0
2025-01-29,1,-7.9,0.3,89.57034999559819,South Lhonak,5200,1.26,5.0
2025-01-30,1,-8.9,0.2,75.03550011869297,South Lhonak,5200,1.26,5.0
2025-01-31,1,-9.45,0.0,52.572898346218416,South Lhonak,5200,1.26,5.0
2025-02-01,2,-8.7,0.0,64.40630068348867,South Lhonak,5200,1.26,5.0
2025-02-02,2,-9.0,0.0,52.75967448633921,South Lhonak,5200,1.26,5.0
2025-02-03,2,-6.3999999999999995,0.0,67.15052286488911,South Lhonak,5200,1.26,5.0
2025-02-04,2,-4.15,0.0,54.80928307112724,South Lhonak,5200,1.26,5.0
2025-02-05,2,-5.75,0.0,52.519864657901756,South Lhonak,5200,1.26,5.0
2025-02-06,2,-8.1,0.0,60.51354570213608,South Lhonak,5200,1.26,5.0
2025-02-07,2,-9.6,0.0,49.95095491669949,South Lhonak,5200,1.26,5.0
2025-02-08,2,-8.5,0.0,40.672521197540675,South Lhonak,5200,1.26,5.0
2025-02-09,2,-9.649999999999999,0.0,60.0905469633293,South Lhonak,5200,1.26,5.0
2025-02-10,2,-10.649999999999999,0.0,50.88258212693327,South Lhonak,5200,1.26,5.0
2025-02-11,2,-13.6,0.0,45.776374512849586,South Lhonak,5200,1.26,5.0
2025-02-12,2,-12.0,0.1,84.04398134858626,South Lhonak,5200,1.26,5.0
2025-02-13,2,-12.149999999999999,0.1,83.48157564493472,South Lhonak,5200,1.26,5.0
2025-02-14,2,-12.35,0.0,69.85022639481691,South Lhonak,5200,1.26,5.0
2025-02-15,2,-12.8,0.2,86.42220776803039,South Lhonak,5200,1.26,5.0
2025-02-16,2,-14.6,0.0,60.65707180464747,South Lhonak,5200,1.26,5.0
2025-02-17,2,-12.8,0.0,68.32685852939844,South Lhonak,5200,1.26,5.0
2025-02-18,2,-13.45,0.0,42.335036324299715,South Lhonak,5200,1.26,5.0
2025-02-19,2,-13.75,0.0,62.237939598795634,South Lhonak,5200,1.26,5.0
2025-02-20,2,-12.6,0.0,64.24999131057044,South Lhonak,5200,1.26,5.0
2025-02-21,2,-13.649999999999999,0.0,56.92746604967228,South Lhonak,5200,1.26,5.0
2025-02-22,2,-14.25,0.0,48.24861249670325,South Lhonak,5200,1.26,5.0
2025-02-23,2,-13.8,0.0,53.660650738396,South Lhonak,5200,1.26,5.0
2025-02-24,2,-15.700000000000001,0.0,50.4347341980112,South Lhonak,5200,1.26,5.0
2025-02-25,2,-15.3,0.0,63.65541305339762,South Lhonak,5200,1.26,5.0
2025-02-26,2,-12.45,0.0,66.9641589742368,South Lhonak,5200,1.26,5.0
2025-02-27,2,-11.8,0.0,69.43041853911865,South Lhonak,5200,1.26,5.0
2025-02-28,2,-8.75,0.0,55.108022243035734,South Lhonak,5200,1.26,5.0
2025-03-01,3,-10.05,0.1,80.34427618367317,South Lhonak,5200,1.26,5.0
2025-03-02,3,-10.75,0.0,42.69055601389369,South Lhonak,5200,1.26,5.0
2025-03-03,3,-9.15,0.0,65.85426142089553,South Lhonak,5200,1.26,5.0
2025-03-04,3,-10.35,0.0,42.77478403253796,South Lhonak,5200,1.26,5.0
2025-03-05,3,-10.5,0.1,92.97454570839935,South Lhonak,5200,1.26,5.0
2025-03-06,3,-9.8,0.1,79.99630842548633,South Lhonak,5200,1.26,5.0
2025-03-07,3,-8.3,0.0,69.59367388986965,South Lhonak,5200,1.26,5.0
2025-03-08,3,-13.350000000000001,0.0,57.176869231048116,South Lhonak,5200,1.26,5.0
2025-03-09,3,-10.45,0.0,47.77290730854737,South Lhonak,5200,1.26,5.0
2025-03-10,3,-9.05,0.0,61.24900799771787,South Lhonak,5200,1.26,5.0
2025-03-11,3,-7.699999999999999,0.0,51.814848269591565,South Lhonak,5200,1.26,5.0
2025-03-12,3,-8.05,0.0,57.8695372748228,South Lhonak,5200,1.26,5.0
2025-03-13,3,-7.95,0.0,55.445707411595684,South Lhonak,5200,1.26,5.0
2025-03-14,3,-9.05,0.0,50.68712246099112,South Lhonak,5200,1.26,5.0
2025-03-15,3,-8.15,0.0,69.57315144753538,South Lhonak,5200,1.26,5.0
2025-03-16,3,-8.0,0.0,65.1897663537867,South Lhonak,5200,1.26,5.0
2025-03-17,3,-10.65,0.0,68.43283613525043,South Lhonak,5200,1.26,5.0
2025-03-18,3,-10.15,0.0,47.06629271623038,South Lhonak,5200,1.26,5.0
2025-03-19,3,-9.65,0.0,49.639438624027804,South Lhonak,5200,1.26,5.0
2025-03-20,3,-8.8,0.0,64.46842322845403,South Lhonak,5200,1.26,5.0
2025-03-21,3,-8.55,0.0,57.972693135386784,South Lhonak,5200,1.26,5.0
2025-03-22,3,-11.2,0.0,46.5537145514605,South Lhonak,5200,1.26,5.0
2025-03-23,3,-13.45,0.0,40.99879879940332,South Lhonak,5200,1.26,5.0
2025-03-24,3,-14.0,0.0,69.01662267056395,South Lhonak,5200,1.26,5.0
2025-03-25,3,-11.649999999999999,0.0,42.93776643175969,South Lhonak,5200,1.26,5.0
2025-03-26,3,-7.699999999999999,0.0,46.843286814804834,South Lhonak,5200,1.26,5.0
2025-03-27,3,-4.65,0.0,41.37193145247576,South Lhonak,5200,1.26,5.0
2025-03-28,3,-5.3,0.0,56.702589061721795,South Lhonak,5200,1.26,5.0
2025-03-29,3,-4.75,0.0,63.76204003446423,South Lhonak,5200,1.26,5.0
2025-03-30,3,-4.35,0.0,42.010786446115034,South Lhonak,5200,1.26,5.0
2025-03-31,3,-4.05,0.0,59.7234471703968,South Lhonak,5200,1.26,5.0
2025-04-01,4,-4.8,0.0,43.6989316189708,South Lhonak,5200,1.26,5.0
2025-04-02,4,-4.4,0.0,56.78408382711498,South Lhonak,5200,1.26,5.0
2025-04-03,4,-4.7,0.0,45.307803429106855,South Lhonak,5200,1.26,5.0
2025-04-04,4,-6.0,0.0,43.317075362729625,South Lhonak,5200,1.26,5.0
2025-04-05,4,-6.7,0.0,51.07412644005054,South Lhonak,5200,1.26,5.0
2025-04-06,4,-5.7,0.0,64.73000192714272,South Lhonak,5200,1.26,5.0
2025-04-07,4,-4.449999999999999,0.0,60.35568123690457,South Lhonak,5200,1.26,5.0
2025-04-08,4,-5.3999999999999995,0.0,50.15463642466069,South Lhonak,5200,1.26,5.0
2025-04-09,4,-3.65,0.2,80.42572223811209,South Lhonak,5200,1.26,5.0
2025-04-10,4,-4.550000000000001,0.2,86.30853244251435,South Lhonak,5200,1.26,5.0
2025-04-11,4,-5.15,1.1,92.01187018127747,South Lhonak,5200,1.26,5.0
2025-04-12,4,-7.1,0.3,88.3664544615124,South Lhonak,5200,1.26,5.0
2025-04-13,4,-6.1,0.2,88.4863658048277,South Lhonak,5200,1.26,5.0
2025-04-14,4,-8.2,0.5,90.97701450789327,South Lhonak,5200,1.26,5.0
2025-04-15,4,-8.75,0.0,64.00634915865473,South Lhonak,5200,1.26,5.0
2025-04-16,4,-7.25,0.0,66.48815471721792,South Lhonak,5200,1.26,5.0
2025-04-17,4,-5.25,0.1,75.55142467347369,South Lhonak,5200,1.26,5.0
2025-04-18,4,-3.6500000000000004,0.0,53.225241334624826,South Lhonak,5200,1.26,5.0
2025-04-19,4,-4.25,0.5,86.70005315248464,South Lhonak,5200,1.26,5.0
2025-04-20,4,-2.55,0.0,47.974704639632925,South Lhonak,5200,1.26,5.0
2025-04-21,4,-1.3000000000000003,0.0,59.61544756831282,South Lhonak,5200,1.26,5.0
2025-04-22,4,-0.19999999999999973,0.0,50.71838587556729,South Lhonak,5200,1.26,5.0
2025-04-23,4,-1.9499999999999997,0.0,45.37295652261143,South Lhonak,5200,1.26,5.0
2025-04-24,4,-2.3,0.0,54.93920400122919,South Lhonak,5200,1.26,5.0
2025-04-25,4,-4.4,0.0,46.21910965359712,South Lhonak,5200,1.26,5.0
2025-04-26,4,-4.949999999999999,0.0,63.919711317888556,South Lhonak,5200,1.26,5.0
2025-04-27,4,-4.2,0.0,50.30850645592196,South Lhonak,5200,1.26,5.0
2025-04-28,4,-6.050000000000001,0.0,67.77649447705302,South Lhonak,5200,1.26,5.0
2025-04-29,4,-7.9,0.0,64.57565317381238,South Lhonak,5200,1.26,5.0
2025-04-30,4,-7.05,0.0,63.01105267972585,South Lhonak,5200,1.26,5.0
2025-05-01,5,-8.85,0.0,42.26906066021655,South Lhonak,5200,1.26,5.0
2025-05-02,5,-8.25,0.0,58.879494464239954,South Lhonak,5200,1.26,5.0
2025-05-03,5,-6.8,0.0,47.287045909771244,South Lhonak,5200,1.26,5.0
2025-05-04,5,-5.5,0.2,78.96905370972092,South Lhonak,5200,1.26,5.0
2025-05-05,5,-5.9,0.4,92.31703778081246,South Lhonak,5200,1.26,5.0
2025-05-06,5,-4.9,0.3,83.00637374706244,South Lhonak,5200,1.26,5.0
2025-05-07,5,-2.8000000000000003,0.0,55.276235985439385,South Lhonak,5200,1.26,5.0
2025-05-08,5,-3.1999999999999997,0.1,81.69012168910099,South Lhonak,5200,1.26,5.0
2025-05-09,5,-2.7,0.5,78.6585179081944,South Lhonak,5200,1.26,5.0
2025-05-10,5,-0.6499999999999999,0.0,46.747604127018704,South Lhonak,5200,1.26,5.0
2025-05-11,5,0.19999999999999996,0.5,91.91326734730298,South Lhonak,5200,1.26,5.0
2025-05-12,5,0.1499999999999999,0.0,54.88170236725843,South Lhonak,5200,1.26,5.0
2025-05-13,5,0.75,0.0,49.761265833857045,South Lhonak,5200,1.26,5.0
2025-05-14,5,-1.1500000000000001,0.0,60.26239143995288,South Lhonak,5200,1.26,5.0
2025-05-15,5,-0.050000000000000044,0.0,44.43872217432681,South Lhonak,5200,1.26,5.0
2025-05-16,5,0.0,0.0,62.34856746355001,South Lhonak,5200,1.26,5.0
2025-05-17,5,-0.95,0.2,76.64388428210961,South Lhonak,5200,1.26,5.0
2025-05-18,5,-0.4999999999999998,0.6,88.80597484399337,South Lhonak,5200,1.26,5.0
2025-05-19,5,0.34999999999999987,0.2,92.09044493659141,South Lhonak,5200,1.26,5.0
2025-05-20,5,0.30000000000000004,0.0,54.43652201032673,South Lhonak,5200,1.26,5.0
2025-05-21,5,-0.6999999999999997,0.1,87.73034288701555,South Lhonak,5200,1.26,5.0
2025-05-22,5,-0.9000000000000001,0.5,93.03738411198546,South Lhonak,5200,1.26,5.0
2025-05-23,5,0.7,0.6,79.16599024734855,South Lhonak,5200,1.26,5.0
2025-05-24,5,-2.5,0.5,91.32505394708716,South Lhonak,5200,1.26,5.0
2025-05-25,5,0.3999999999999999,1.7,79.77356102706305,South Lhonak,5200,1.26,5.0
2025-05-26,5,1.6,1.1,78.49143619454895,South Lhonak,5200,1.26,5.0
2025-05-27,5,1.7999999999999998,0.0,64.90848006842376,South Lhonak,5200,1.26,5.0
2025-05-28,5,2.65,1.1,90.63360417682433,South Lhonak,5200,1.26,5.0
2025-05-29,5,2.4000000000000004,0.4,87.57162944662824,South Lhonak,5200,1.26,5.0
2025-05-30,5,3.6,0.4,84.18855992646681,South Lhonak,5200,1.26,5.0
2025-05-31,5,2.35,0.4,78.97878492560378,South Lhonak,5200,1.26,5.0
2025-06-01,6,0.4,2.3,92.42108289247969,South Lhonak,5200,1.26,5.0
2025-06-02,6,-1.85,3.2,76.03318314545159,South Lhonak,5200,1.26,5.0
2025-06-03,6,-2.4,0.2,76.61737852514504,South Lhonak,5200,1.26,5.0
2025-06-04,6,-2.2,1.2,90.43002331821623,South Lhonak,5200,1.26,5.0
2025-06-05,6,-2.75,1.2,92.37951746035891,South Lhonak,5200,1.26,5.0
2025-06-06,6,-4.15,1.1,92.31677830779407,South Lhonak,5200,1.26,5.0
2025-06-07,6,-4.35,0.0,55.24997686158199,South Lhonak,5200,1.26,5.0
2025-06-08,6,-0.6999999999999997,0.0,44.69369475310961,South Lhonak,5200,1.26,5.0
2025-06-09,6,-0.3500000000000001,0.0,42.99215819770442,South Lhonak,5200,1.26,5.0
2025-06-10,6,0.5,0.0,45.81954902786589,South Lhonak,5200,1.26,5.0
2025-06-11,6,1.9,0.0,46.38239275039883,South Lhonak,5200,1.26,5.0
2025-06-12,6,2.75,0.2,88.75628522675437,South Lhonak,5200,1.26,5.0
2025-06-13,6,3.65,0.9,89.08631958713218,South Lhonak,5200,1.26,5.0
2025-06-14,6,4.25,0.6,88.41119728529907,South Lhonak,5200,1.26,5.0
2025-06-15,6,3.55,1.1,84.42447162663743,South Lhonak,5200,1.26,5.0
2025-06-16,6,3.6,2.9,75.31416586789703,South Lhonak,5200,1.26,5.0
2025-06-17,6,4.1,0.5,93.07778186798573,South Lhonak,5200,1.26,5.0
2025-06-18,6,4.6,2.1,81.66917515378795,South Lhonak,5200,1.26,5.0
2025-06-19,6,3.65,0.6,79.2419247040098,South Lhonak,5200,1.26,5.0
2025-06-20,6,4.65,0.6,77.66030890073287,South Lhonak,5200,1.26,5.0
2025-06-21,6,4.55,1.0,89.73890931534712,South Lhonak,5200,1.26,5.0
2025-06-22,6,2.95,1.2,91.74340080550174,South Lhonak,5200,1.26,5.0
2025-06-23,6,3.25,0.5,91.40198029345372,South Lhonak,5200,1.26,5.0
2025-06-24,6,4.55,0.7,90.15891784528668,South Lhonak,5200,1.26,5.0
2025-06-25,6,4.6,0.1,75.63765480220475,South Lhonak,5200,1.26,5.0
2025-06-26,6,2.8,0.3,89.29397832434996,South Lhonak,5200,1.26,5.0
2025-06-27,6,2.7,0.9,83.59396006498466,South Lhonak,5200,1.26,5.0
2025-06-28,6,4.7,2.1,94.42807364989454,South Lhonak,5200,1.26,5.0
2025-06-29,6,3.35,1.4,87.52976409641079,South Lhonak,5200,1.26,5.0
2025-06-30,6,2.45,0.0,48.454700213817134,South Lhonak,5200,1.26,5.0
2025-07-01,7,4.3,0.7,83.19140411246202,South Lhonak,5200,1.26,5.0
2025-07-02,7,4.6,3.1,86.0986514637474,South Lhonak,5200,1.26,5.0
2025-07-03,7,4.0,1.7,87.24996368121953,South Lhonak,5200,1.26,5.0
2025-07-04,7,3.6,1.6,93.55304975786947,South Lhonak,5200,1.26,5.0
2025-07-05,7,4.2,0.3,76.66626428063321,South Lhonak,5200,1.26,5.0
2025-07-06,7,4.0,0.0,49.43172409197698,South Lhonak,5200,1.26,5.0
2025-07-07,7,4.1,0.1,86.95055898492338,South Lhonak,5200,1.26,5.0
2025-07-08,7,2.3499999999999996,0.6,83.96724151805941,South Lhonak,5200,1.26,5.0
2025-07-09,7,2.8000000000000003,0.8,93.59875726391355,South Lhonak,5200,1.26,5.0
2025-07-10,7,2.65,0.0,64.34481481700055,South Lhonak,5200,1.26,5.0
2025-07-11,7,3.15,0.2,77.5239192284105,South Lhonak,5200,1.26,5.0
2025-07-12,7,2.8000000000000003,0.0,55.12596582817841,South Lhonak,5200,1.26,5.0
2025-07-13,7,2.6500000000000004,0.9,86.97618840340418,South Lhonak,5200,1.26,5.0
2025-07-14,7,3.3,0.1,82.33923500084663,South Lhonak,5200,1.26,5.0
2025-07-15,7,3.6,0.8,94.88957311294212,South Lhonak,5200,1.26,5.0
2025-07-16,7,3.25,1.2,85.53429948965355,South Lhonak,5200,1.26,5.0
2025-07-17,7,4.35,0.4,77.46089064090121,South Lhonak,5200,1.26,5.0
2025-07-18,7,2.5,0.1,79.33320945451476,South Lhonak,5200,1.26,5.0
2025-07-19,7,4.25,1.0,88.7080845795994,South Lhonak,5200,1.26,5.0
2025-07-20,7,3.5,1.5,79.1957949501702,South Lhonak,5200,1.26,5.0
2025-07-21,7,4.85,2.0,82.30924317558333,South Lhonak,5200,1.26,5.0
2025-07-22,7,4.55,1.8,78.89088569031203,South Lhonak,5200,1.26,5.0
2025-07-23,7,4.75,1.7,82.04655673783134,South Lhonak,5200,1.26,5.0
2025-07-24,7,4.0,0.0,56.21443178978823,South Lhonak,5200,1.26,5.0
2025-07-25,7,3.4000000000000004,0.7,86.51993359012747,South Lhonak,5200,1.26,5.0
2025-07-26,7,4.95,0.7,80.05730994660263,South Lhonak,5200,1.26,5.0
2025-07-27,7,6.15,7.4,93.85639858129188,South Lhonak,5200,1.26,5.0
2025-07-28,7,2.35,1.5,82.67102827839295,South Lhonak,5200,1.26,5.0
2025-07-29,7,2.75,0.9,84.41692889555507,South Lhonak,5200,1.26,5.0
2025-07-30,7,4.8999999999999995,0.5,86.75591247063073,South Lhonak,5200,1.26,5.0
2025-07-31,7,3.25,1.8,82.1325618325943,South Lhonak,5200,1.26,5.0
2025-08-01,8,3.7500000000000004,3.6,87.44441513506052,South Lhonak,5200,1.26,5.0
2025-08-02,8,5.6000000000000005,5.7,94.38430090057466,South Lhonak,5200,1.26,5.0
2025-08-03,8,4.8,2.2,83.81616543100859,South Lhonak,5200,1.26,5.0
2025-08-04,8,4.85,2.4,91.00196013991825,South Lhonak,5200,1.26,5.0
2025-08-05,8,4.55,0.8,82.22206948103721,South Lhonak,5200,1.26,5.0
2025-08-06,8,3.3999999999999995,0.2,81.1170472315269,South Lhonak,5200,1.26,5.0
2025-08-07,8,4.2,0.4,81.73059749064008,South Lhonak,5200,1.26,5.0
2025-08-08,8,4.3,1.9,82.06933971123291,South Lhonak,5200,1.26,5.0
2025-08-09,8,4.3,1.1,90.31860388396343,South Lhonak,5200,1.26,5.0
2025-08-10,8,5.4,3.3,81.52127643137513,South Lhonak,5200,1.26,5.0
2025-08-11,8,4.45,6.7,90.95398159047356,South Lhonak,5200,1.26,5.0
2025-08-12,8,4.65,2.3,86.28472666252894,South Lhonak,5200,1.26,5.0
2025-08-13,8,3.4,1.0,87.98367107656978,South Lhonak,5200,1.26,5.0
2025-08-14,8,2.7,0.5,76.5227530707084,South Lhonak,5200,1.26,5.0
2025-08-15,8,2.65,0.8,79.02529956268549,South Lhonak,5200,1.26,5.0
2025-08-16,8,2.55,0.0,43.22777521512443,South Lhonak,5200,1.26,5.0
2025-08-17,8,2.9,0.7,90.35116238920895,South Lhonak,5200,1.26,5.0
2025-08-18,8,4.3,1.3,92.84593394880014,South Lhonak,5200,1.26,5.0
2025-08-19,8,3.25,0.9,91.0168409184459,South Lhonak,5200,1.26,5.0
2025-08-20,8,4.0,0.3,83.2332489202313,South Lhonak,5200,1.26,5.0
2025-08-21,8,3.4499999999999997,2.3,78.93202457819677,South Lhonak,5200,1.26,5.0
2025-08-22,8,3.75,1.2,86.41589129152496,South Lhonak,5200,1.26,5.0
2025-08-23,8,4.2,0.2,85.8313055583696,South Lhonak,5200,1.26,5.0
2025-08-24,8,3.5500000000000003,0.6,80.02686404219531,South Lhonak,5200,1.26,5.0
2025-08-25,8,3.6500000000000004,1.2,82.27716206541106,South Lhonak,5200,1.26,5.0
2025-08-26,8,3.8,2.1,88.20542903344415,South Lhonak,5200,1.26,5.0
2025-08-27,8,3.0,0.7,93.903256089726,South Lhonak,5200,1.26,5.0
2025-08-28,8,3.7,1.2,89.20147194017474,South Lhonak,5200,1.26,5.0
2025-08-29,8,2.8499999999999996,0.7,88.21463612837604,South Lhonak,5200,1.26,5.0
2025-08-30,8,3.15,2.7,82.53833776683086,South Lhonak,5200,1.26,5.0
2025-08-31,8,2.5500000000000003,1.7,93.70035777930518,South Lhonak,5200,1.26,5.0
2025-09-01,9,2.3,1.3,94.23777509380625,South Lhonak,5200,1.26,5.0
2025-09-02,9,1.7999999999999998,0.0,55.09456793787509,South Lhonak,5200,1.26,5.0
2025-09-03,9,3.8000000000000003,0.4,79.3009676930217,South Lhonak,5200,1.26,5.0
2025-09-04,9,2.75,0.1,92.65894142841077,South Lhonak,5200,1.26,5.0
2025-09-05,9,1.9,0.4,83.75408655457946,South Lhonak,5200,1.26,5.0
2025-09-06,9,3.7,1.0,79.21925697125293,South Lhonak,5200,1.26,5.0
2025-09-07,9,2.8000000000000003,1.0,77.6743622263084,South Lhonak,5200,1.26,5.0
2025-09-08,9,2.55,0.2,88.4289610515082,South Lhonak,5200,1.26,5.0
2025-09-09,9,2.5999999999999996,0.3,79.2907991718977,South Lhonak,5200,1.26,5.0
2025-09-10,9,3.3,0.3,79.88084664006725,South Lhonak,5200,1.26,5.0
2025-09-11,9,3.3499999999999996,0.3,83.31997737053858,South Lhonak,5200,1.26,5.0
2025-09-12,9,4.15,1.6,83.4249375025628,South Lhonak,5200,1.26,5.0
2025-09-13,9,3.1,1.8,81.78689640483258,South Lhonak,5200,1.26,5.0
2025-09-14,9,1.9999999999999998,0.0,62.07109982043667,South Lhonak,5200,1.26,5.0
2025-09-15,9,2.4,1.3,75.69827230073398,South Lhonak,5200,1.26,5.0
2025-09-16,9,2.25,1.1,88.42204258511482,South Lhonak,5200,1.26,5.0
2025-09-17,9,2.75,0.3,75.7858014939214,South Lhonak,5200,1.26,5.0
2025-09-18,9,2.0999999999999996,0.6,92.38672352211502,South Lhonak,5200,1.26,5.0
2025-09-19,9,2.9,0.5,84.72775788743716,South Lhonak,5200,1.26,5.0
2025-09-20,9,2.1,1.1,77.87745274098285,South Lhonak,5200,1.26,5.0
2025-09-21,9,1.5500000000000003,0.5,90.07523366893685,South Lhonak,5200,1.26,5.0
2025-09-22,9,1.5,0.0,40.327653390578774,South Lhonak,5200,1.26,5.0
2025-09-23,9,1.2000000000000002,0.0,48.91785720569864,South Lhonak,5200,1.26,5.0
2025-09-24,9,0.0,0.1,75.0996440427583,South Lhonak,5200,1.26,5.0
2025-09-25,9,1.9000000000000001,0.0,46.050976068795876,South Lhonak,5200,1.26,5.0
2025-09-26,9,0.8999999999999999,0.0,49.92972199213884,South Lhonak,5200,1.26,5.0
2025-09-27,9,0.8500000000000001,0.0,64.48372258758921,South Lhonak,5200,1.26,5.0
2025-09-28,9,1.7,0.0,59.514191946318405,South Lhonak,5200,1.26,5.0
2025-09-29,9,1.6,0.2,79.65904299277187,South Lhonak,5200,1.26,5.0
2025-09-30,9,1.2999999999999998,0.7,88.40528519967405,South Lhonak,5200,1.26,5.0
2025-10-01,10,-0.19999999999999973,0.5,86.08072276743283,South Lhonak,5200,1.26,5.0
2025-10-02,10,-0.10000000000000009,0.7,87.00106223454775,South Lhonak,5200,1.26,5.0
2025-10-03,10,-0.44999999999999996,0.5,88.52341101973533,South Lhonak,5200,1.26,5.0
2025-10-04,10,-1.45,0.7,82.88423080490985,South Lhonak,5200,1.26,5.0
2025-10-05,10,-1.65,0.9,89.81450405480729,South Lhonak,5200,1.26,5.0
2025-10-06,10,-3.7,0.7,94.68448166439975,South Lhonak,5200,1.26,5.0
2025-10-07,10,-5.6,0.2,80.2491377731707,South Lhonak,5200,1.26,5.0
2025-10-08,10,-4.3,0.6,90.98392483412738,South Lhonak,5200,1.26,5.0
2025-10-09,10,-4.95,1.0,82.86234703250972,South Lhonak,5200,1.26,5.0
2025-10-10,10,-6.3,1.5,94.5788561399375,South Lhonak,5200,1.26,5.0
2025-10-11,10,-6.9,0.3,82.2626489701333,South Lhonak,5200,1.26,5.0
2025-10-12,10,-7.95,0.1,87.159268092931,South Lhonak,5200,1.26,5.0
2025-10-13,10,-8.15,0.0,52.32131166911599,South Lhonak,5200,1.26,5.0
2025-10-14,10,-6.25,0.0,45.09493165290044,South Lhonak,5200,1.26,5.0
2025-10-15,10,-7.050000000000001,0.0,66.15046181860282,South Lhonak,5200,1.26,5.0
2025-10-16,10,-7.199999999999999,0.0,62.060695558592435,South Lhonak,5200,1.26,5.0
2025-10-17,10,-7.4,0.0,69.00169775101776,South Lhonak,5200,1.26,5.0
2025-10-18,10,-7.6,0.0,58.30030617853885,South Lhonak,5200,1.26,5.0
2025-10-19,10,-7.15,0.0,69.90197479729694,South Lhonak,5200,1.26,5.0
2025-10-20,10,-7.0,0.0,57.25001254135463,South Lhonak,5200,1.26,5.0
2025-10-21,10,-5.85,0.0,50.85043756931351,South Lhonak,5200,1.26,5.0
2025-10-22,10,-6.25,0.0,64.4900840386156,South Lhonak,5200,1.26,5.0
2025-10-23,10,-8.25,0.1,77.59091320892202,South Lhonak,5200,1.26,5.0
2025-10-24,10,-6.85,0.0,63.22166381541122,South Lhonak,5200,1.26,5.0
2025-10-25,10,-7.6,0.0,41.380659215348786,South Lhonak,5200,1.26,5.0
2025-10-26,10,-6.25,0.0,51.95202463432246,South Lhonak,5200,1.26,5.0
2025-10-27,10,-5.699999999999999,0.0,40.43179253684348,South Lhonak,5200,1.26,5.0
2025-10-28,10,-3.8499999999999996,0.3,94.63747037784407,South Lhonak,5200,1.26,5.0
2025-10-29,10,-2.55,0.3,80.0689441781131,South Lhonak,5200,1.26,5.0
2025-10-30,10,-2.45,0.2,89.33510019623768,South Lhonak,5200,1.26,5.0
2025-10-31,10,-2.15,0.2,80.7678323203777,South Lhonak,5200,1.26,5.0
2025-11-01,11,-3.7,0.3,88.46169707093622,South Lhonak,5200,1.26,5.0
2025-11-02,11,-7.050000000000001,0.0,66.70537466028031,South Lhonak,5200,1.26,5.0
2025-11-03,11,-7.1,0.0,53.44599778156074,South Lhonak,5200,1.26,5.0
2025-11-04,11,-7.8500000000000005,0.5,91.1709473531701,South Lhonak,5200,1.26,5.0
2025-11-05,11,-8.2,0.4,76.26870729667026,South Lhonak,5200,1.26,5.0
2025-11-06,11,-7.8999999999999995,0.8,89.45363193827131,South Lhonak,5200,1.26,5.0
2025-11-07,11,-9.35,0.0,60.57310856072479,South Lhonak,5200,1.26,5.0
2025-11-08,11,-9.2,0.0,47.02977593252945,South Lhonak,5200,1.26,5.0
2025-11-09,11,-9.6,0.0,63.41262372036408,South Lhonak,5200,1.26,5.0
2025-11-10,11,-10.9,0.0,64.48081263434572,South Lhonak,5200,1.26,5.0
2025-11-11,11,-10.25,0.0,42.75260123425568,South Lhonak,5200,1.26,5.0
2025-11-12,11,-9.55,0.0,54.01376899580847,South Lhonak,5200,1.26,5.0
2025-11-13,11,-9.35,0.0,43.05946829917415,South Lhonak,5200,1.26,5.0
2025-11-14,11,-10.149999999999999,0.0,48.059200357070175,South Lhonak,5200,1.26,5.0
2025-11-15,11,-11.200000000000001,0.0,44.37129851287969,South Lhonak,5200,1.26,5.0
2025-11-16,11,-10.8,0.0,44.981688666648864,South Lhonak,5200,1.26,5.0
2025-11-17,11,-11.8,0.0,59.84552285819693,South Lhonak,5200,1.26,5.0
2025-11-18,11,-11.049999999999999,0.0,42.56197640286238,South Lhonak,5200,1.26,5.0
2025-11-19,11,-11.450000000000001,0.0,64.6108118684564,South Lhonak,5200,1.26,5.0
2025-11-20,11,-11.05,0.0,45.743707795385966,South Lhonak,5200,1.26,5.0
2025-11-21,11,-10.7,0.0,66.03707299941281,South Lhonak,5200,1.26,5.0
2025-11-22,11,-12.25,0.0,62.27970557426369,South Lhonak,5200,1.26,5.0
2025-11-23,11,-11.6,0.0,51.63901265750643,South Lhonak,5200,1.26,5.0
2025-11-24,11,-11.85,0.0,57.165021290644546,South Lhonak,5200,1.26,5.0
2025-11-25,11,-11.55,0.0,64.92449825595904,South Lhonak,5200,1.26,5.0
2025-11-26,11,-12.049999999999999,0.0,67.20150266212909,South Lhonak,5200,1.26,5.0
2025-11-27,11,-9.9,0.0,67.28997739040071,South Lhonak,5200,1.26,5.0
2025-11-28,11,-11.4,0.0,53.098058930597915,South Lhonak,5200,1.26,5.0
2025-11-29,11,-10.5,0.0,51.54627296204258,South Lhonak,5200,1.26,5.0
2025-11-30,11,-8.799999999999999,0.0,64.66297386265661,South Lhonak,5200,1.26,5.0
2025-12-01,12,-7.8500000000000005,0.0,57.427342027798005,South Lhonak,5200,1.26,5.0
2025-12-02,12,-9.85,0.0,42.1011236234683,South Lhonak,5200,1.26,5.0
2025-12-03,12,-11.55,0.0,67.43510132909107,South Lhonak,5200,1.26,5.0
2025-12-04,12,-12.15,0.0,59.64616380254042,South Lhonak,5200,1.26,5.0
2025-12-05,12,-13.05,0.0,66.30160907719056,South Lhonak,5200,1.26,5.0
2025-12-06,12,-12.25,0.0,54.44157800097877,South Lhonak,5200,1.26,5.0
2025-12-07,12,-10.2,0.0,68.59237922960916,South Lhonak,5200,1.26,5.0
2025-12-08,12,-12.0,0.0,56.26913100857729,South Lhonak,5200,1.26,5.0
2025-12-09,12,-12.75,0.0,49.68930672055584,South Lhonak,5200,1.26,5.0
2025-12-10,12,-13.55,0.0,67.28433407538193,South Lhonak,5200,1.26,5.0
2025-12-11,12,-11.9,0.0,42.63597587507068,South Lhonak,5200,1.26,5.0
2025-12-12,12,-12.7,0.0,57.72435895869937,South Lhonak,5200,1.26,5.0
2025-12-13,12,-12.1,0.0,58.71566644367775,South Lhonak,5200,1.26,5.0
2025-12-14,12,-12.35,0.0,63.733186148701975,South Lhonak,5200,1.26,5.0
2025-12-15,12,-11.899999999999999,0.0,68.82153132070246,South Lhonak,5200,1.26,5.0
2025-12-16,12,-12.600000000000001,0.0,49.93649074248464,South Lhonak,5200,1.26,5.0
2025-12-17,12,-11.8,0.0,44.81162952456019,South Lhonak,5200,1.26,5.0
2025-12-18,12,-9.700000000000001,0.0,58.8056515349343,South Lhonak,5200,1.26,5.0
2025-12-19,12,-8.7,0.0,52.95103169427831,South Lhonak,5200,1.26,5.0
2025-12-20,12,-8.05,0.0,53.61861442580099,South Lhonak,5200,1.26,5.0
2025-12-21,12,-7.15,0.0,52.74015491734136,South Lhonak,5200,1.26,5.0
2025-12-22,12,-8.4,0.0,55.613934308870064,South Lhonak,5200,1.26,5.0
2025-12-23,12,-10.65,0.0,63.62670775057465,South Lhonak,5200,1.26,5.0
2025-12-24,12,-11.95,0.0,40.78277622079218,South Lhonak,5200,1.26,5.0
2025-12-25,12,-11.8,0.0,52.88617037805881,South Lhonak,5200,1.26,5.0
2025-12-26,12,-10.1,0.0,56.64754803487383,South Lhonak,5200,1.26,5.0
2025-12-27,12,-11.75,0.0,64.82019947994777,South Lhonak,5200,1.26,5.0
2025-12-28,12,-12.75,0.0,58.79447573114702,South Lhonak,5200,1.26,5.0
2025-12-29,12,-13.450000000000001,0.0,50.181372244478325,South Lhonak,5200,1.26,5.0
2025-12-30,12,-14.600000000000001,0.0,45.66621124757209,South Lhonak,5200,1.26,5.0
2025-12-31,12,-16.3,0.0,47.483947463585636,South Lhonak,5200,1.26,5.0
2026-01-01,1,-14.450000000000001,0.0,41.87158394236674,South Lhonak,5200,1.26,5.0
2026-01-02,1,-14.5,0.0,61.50104353695116,South Lhonak,5200,1.26,5.0
2026-01-03,1,-16.7,0.0,60.059713706542766,South Lhonak,5200,1.26,5.0
2026-01-04,1,-13.399999999999999,0.0,66.64711110457976,South Lhonak,5200,1.26,5.0
2026-01-05,1,-13.200000000000001,0.0,58.63922204192624,South Lhonak,5200,1.26,5.0
2026-01-06,1,-13.850000000000001,0.0,65.84001928121742,South Lhonak,5200,1.26,5.0
2026-01-07,1,-14.899999999999999,0.0,58.92448753448985,South Lhonak,5200,1.26,5.0
2026-01-08,1,-13.850000000000001,0.0,50.49057138917227,South Lhonak,5200,1.26,5.0
2026-01-09,1,-12.5,0.0,56.58944797824481,South Lhonak,5200,1.26,5.0
2026-01-10,1,-11.350000000000001,0.0,51.442902530627435,South Lhonak,5200,1.26,5.0
2026-01-11,1,-12.850000000000001,0.0,44.28055894546497,South Lhonak,5200,1.26,5.0
2026-01-12,1,-12.1,0.0,60.177576274031566,South Lhonak,5200,1.26,5.0
2026-01-13,1,-11.95,0.0,43.9180388867695,South Lhonak,5200,1.26,5.0
2026-01-14,1,-12.75,0.0,57.707968446021844,South Lhonak,5200,1.26,5.0
2026-01-15,1,-15.0,0.0,63.4668259912627,South Lhonak,5200,1.26,5.0
2026-01-16,1,-14.55,0.0,69.31739023050599,South Lhonak,5200,1.26,5.0
2026-01-17,1,-12.350000000000001,0.0,57.314290359835326,South Lhonak,5200,1.26,5.0
2026-01-18,1,-13.799999999999999,0.0,65.544428171101,South Lhonak,5200,1.26,5.0
2026-01-19,1,-14.149999999999999,0.0,51.6336399198224,South Lhonak,5200,1.26,5.0
2026-01-20,1,-14.100000000000001,0.0,58.21232289519861,South Lhonak,5200,1.26,5.0
2026-01-21,1,-13.0,0.0,41.80832255479816,South Lhonak,5200,1.26,5.0
2026-01-22,1,-12.35,0.0,62.63356405425519,South Lhonak,5200,1.26,5.0
2026-01-23,1,-14.0,0.0,46.63358276946985,South Lhonak,5200,1.26,5.0
2026-01-24,1,-13.0,0.0,46.538194874793874,South Lhonak,5200,1.26,5.0
2026-01-25,1,-15.649999999999999,0.0,50.66828762444047,South Lhonak,5200,1.26,5.0
2026-01-26,1,-14.55,0.0,52.250920036445514,South Lhonak,5200,1.26,5.0
2026-01-27,1,-12.85,0.0,63.13454511614594,South Lhonak,5200,1.26,5.0
2026-01-28,1,-14.2,0.0,57.38603150133862,South Lhonak,5200,1.26,5.0
2026-01-29,1,-17.299999999999997,0.0,62.89112611066439,South Lhonak,5200,1.26,5.0
2026-01-30,1,-16.4,0.0,60.26288971904859,South Lhonak,5200,1.26,5.0
2026-01-31,1,-15.600000000000001,0.0,55.56518633242754,South Lhonak,5200,1.26,5.0
2026-02-01,2,-14.6,0.0,45.932534736860894,South Lhonak,5200,1.26,5.0
2026-02-02,2,-14.35,0.0,45.566896373836286,South Lhonak,5200,1.26,5.0
2026-02-03,2,-15.149999999999999,0.0,62.70010008447186,South Lhonak,5200,1.26,5.0
2026-02-04,2,-15.15,0.0,68.02878514676794,South Lhonak,5200,1.26,5.0
2026-02-05,2,-16.55,0.0,57.70803828403575,South Lhonak,5200,1.26,5.0
2026-02-06,2,-15.75,0.0,57.4750900426895,South Lhonak,5200,1.26,5.0
2026-02-07,2,-16.35,0.0,58.92718681655296,South Lhonak,5200,1.26,5.0
2026-02-08,2,-13.85,0.0,42.67125507620491,South Lhonak,5200,1.26,5.0
2026-02-09,2,-15.05,0.0,43.68471312059676,South Lhonak,5200,1.26,5.0
2026-02-10,2,-12.0,0.0,61.71961681598228,South Lhonak,5200,1.26,5.0
2026-02-11,2,-11.5,0.0,53.54451446970329,South Lhonak,5200,1.26,5.0
2026-02-12,2,-14.3,0.0,47.29856874875524,South Lhonak,5200,1.26,5.0
2026-02-13,2,-15.25,0.0,60.799956218632644,South Lhonak,5200,1.26,5.0
2026-02-14,2,-12.4,0.0,42.36819860202706,South Lhonak,5200,1.26,5.0
2026-02-15,2,-15.6,0.0,41.81745210989358,South Lhonak,5200,1.26,5.0
2026-02-16,2,-14.649999999999999,0.0,58.90931023017071,South Lhonak,5200,1.26,5.0
2026-02-17,2,-13.899999999999999,0.0,61.35807534894766,South Lhonak,5200,1.26,5.0
2026-02-18,2,-13.5,0.0,60.87046003239003,South Lhonak,5200,1.26,5.0
2026-02-19,2,-15.05,0.0,61.67558216117902,South Lhonak,5200,1.26,5.0
2026-02-20,2,-13.15,0.0,49.538467081610534,South Lhonak,5200,1.26,5.0
2026-02-21,2,-13.8,0.0,54.481229575963084,South Lhonak,5200,1.26,5.0
2026-02-22,2,-12.8,0.0,53.622625784296474,South Lhonak,5200,1.26,5.0
2026-02-23,2,-12.450000000000001,0.0,41.71803577962185,South Lhonak,5200,1.26,5.0
2026-02-24,2,-13.899999999999999,0.0,52.527685297241575,South Lhonak,5200,1.26,5.0
2026-02-25,2,-13.75,0.0,52.36027313399889,South Lhonak,5200,1.26,5.0
2026-02-26,2,-12.45,0.0,47.78878868985183,South Lhonak,5200,1.26,5.0
2026-02-27,2,-9.45,0.3,80.06755797509241,South Lhonak,5200,1.26,5.0
2026-02-28,2,-10.35,0.0,64.40152822302062,South Lhonak,5200,1.26,5.0
2026-03-01,3,-9.9,0.1,86.21253721211703,South Lhonak,5200,1.26,5.0
2026-03-02,3,-9.3,0.0,48.09174674016002,South Lhonak,5200,1.26,5.0
2026-03-03,3,-7.1,0.0,53.03797690515286,South Lhonak,5200,1.26,5.0
2026-03-04,3,-7.1499999999999995,0.0,50.269178169910724,South Lhonak,5200,1.26,5.0
2026-03-05,3,-7.4,0.0,68.69570983966219,South Lhonak,5200,1.26,5.0
2026-03-06,3,-5.1,0.0,48.07351059305201,South Lhonak,5200,1.26,5.0
2026-03-07,3,-4.35,0.0,68.05239018321245,South Lhonak,5200,1.26,5.0
2026-03-08,3,-4.1,0.0,55.74055703876376,South Lhonak,5200,1.26,5.0
2026-03-09,3,-6.5,0.0,48.79767254682246,South Lhonak,5200,1.26,5.0
2026-03-10,3,-6.8,0.0,56.496289576101915,South Lhonak,5200,1.26,5.0
2026-03-11,3,-4.75,0.0,45.48411077278359,South Lhonak,5200,1.26,5.0
2026-03-12,3,-5.6,0.0,67.38482751798996,South Lhonak,5200,1.26,5.0
2026-03-13,3,-5.85,0.0,58.96145166120193,South Lhonak,5200,1.26,5.0
2026-03-14,3,-7.4,0.0,68.2928515777094,South Lhonak,5200,1.26,5.0
2026-03-15,3,-7.9,0.0,44.71891699662464,South Lhonak,5200,1.26,5.0
2026-03-16,3,-10.5,0.0,52.95874866143606,South Lhonak,5200,1.26,5.0
2026-03-17,3,-13.95,0.0,49.07758043717469,South Lhonak,5200,1.26,5.0
2026-03-18,3,-10.6,0.0,41.953540552132985,South Lhonak,5200,1.26,5.0
2026-03-19,3,-9.55,0.0,56.04114825343521,South Lhonak,5200,1.26,5.0
2026-03-20,3,-9.3,0.0,44.30917281477811,South Lhonak,5200,1.26,5.0
2026-03-21,3,-13.9,0.0,46.97623246755978,South Lhonak,5200,1.26,5.0
2026-03-22,3,-14.0,0.0,69.51168593471891,South Lhonak,5200,1.26,5.0
2026-03-23,3,-11.3,0.0,59.609436183125595,South Lhonak,5200,1.26,5.0
2026-03-24,3,-11.7,0.2,90.15287212361683,South Lhonak,5200,1.26,5.0
2026-03-25,3,-10.799999999999999,0.0,63.74394550794014,South Lhonak,5200,1.26,5.0
2026-03-26,3,-8.55,0.0,48.12598427708054,South Lhonak,5200,1.26,5.0
2026-03-27,3,-10.85,0.0,61.96654311349737,South Lhonak,5200,1.26,5.0
2026-03-28,3,-9.1,0.0,61.09232062717402,South Lhonak,5200,1.26,5.0
2026-03-29,3,-7.75,0.1,80.46269205729787,South Lhonak,5200,1.26,5.0
2026-03-30,3,-5.8,0.0,58.010173397108275,South Lhonak,5200,1.26,5.0
2026-03-31,3,-6.9,0.0,45.72014866602141,South Lhonak,5200,1.26,5.0
2026-04-01,4,-7.2,0.0,56.55450992515429,South Lhonak,5200,1.26,5.0
2026-04-02,4,-9.0,0.0,44.39027019862396,South Lhonak,5200,1.26,5.0
2026-04-03,4,-7.1000000000000005,0.0,58.37541162643656,South Lhonak,5200,1.26,5.0
2026-04-04,4,-5.6499999999999995,0.0,45.255046940074436,South Lhonak,5200,1.26,5.0
2026-04-05,4,-7.5,0.1,90.90166465493296,South Lhonak,5200,1.26,5.0
2026-04-06,4,-9.3,0.0,41.6633684127014,South Lhonak,5200,1.26,5.0
2026-04-07,4,-13.100000000000001,0.0,46.286828891911966,South Lhonak,5200,1.26,5.0
2026-04-08,4,-12.299999999999999,0.0,40.94736324753946,South Lhonak,5200,1.26,5.0
2026-04-09,4,-9.85,0.1,93.59150860863527,South Lhonak,5200,1.26,5.0
2026-04-10,4,-8.5,0.0,59.02260476803016,South Lhonak,5200,1.26,5.0
2026-04-11,4,-8.200000000000001,0.2,93.54870774293815,South Lhonak,5200,1.26,5.0
2026-04-12,4,-6.45,0.0,50.546993216609906,South Lhonak,5200,1.26,5.0
2026-04-13,4,-5.8,0.0,48.55466958317114,South Lhonak,5200,1.26,5.0
2026-04-14,4,-6.3500000000000005,0.0,46.0633547041247,South Lhonak,5200,1.26,5.0
2026-04-15,4,-6.9,0.0,56.91766280902455,South Lhonak,5200,1.26,5.0
2026-04-16,4,-6.0,0.0,47.58198426598898,South Lhonak,5200,1.26,5.0
2026-04-17,4,-4.4,0.0,66.36254991975169,South Lhonak,5200,1.26,5.0
2026-04-18,4,-3.3000000000000003,0.0,44.6991036529022,South Lhonak,5200,1.26,5.0
2026-04-19,4,-2.4000000000000004,0.0,57.62369060804771,South Lhonak,5200,1.26,5.0
2026-04-20,4,-3.45,0.0,60.313795454250275,South Lhonak,5200,1.26,5.0
2026-04-21,4,-5.3,0.0,69.75368783068123,South Lhonak,5200,1.26,5.0
2026-04-22,4,-5.35,0.0,59.65184280885282,South Lhonak,5200,1.26,5.0
2026-04-23,4,-1.85,0.0,43.08751322412281,South Lhonak,5200,1.26,5.0
2026-04-24,4,-1.7,0.0,41.272912582649546,South Lhonak,5200,1.26,5.0
2026-04-25,4,-2.2,0.1,87.06342415693626,South Lhonak,5200,1.26,5.0
2026-04-26,4,-2.6,0.0,47.27976870357456,South Lhonak,5200,1.26,5.0
2026-04-27,4,-1.1,0.0,67.76385818828653,South Lhonak,5200,1.26,5.0
2026-04-28,4,-1.2,0.2,86.56140029912754,South Lhonak,5200,1.26,5.0
2026-04-29,4,-3.55,0.6,86.92076660318924,South Lhonak,5200,1.26,5.0
2026-04-30,4,-5.6,0.3,90.47137902438251,South Lhonak,5200,1.26,5.0
2026-05-01,5,-6.05,1.1,89.53526425948948,South Lhonak,5200,1.26,5.0
2026-05-02,5,-6.95,0.5,91.6039765873712,South Lhonak,5200,1.26,5.0
2026-05-03,5,-5.15,1.6,93.51013813621435,South Lhonak,5200,1.26,5.0
2026-05-04,5,-4.65,1.7,89.6159149158916,South Lhonak,5200,1.26,5.0
2026-05-05,5,-4.9,0.5,77.06491310079994,South Lhonak,5200,1.26,5.0
2026-05-06,5,-6.9,1.0,94.56403883439295,South Lhonak,5200,1.26,5.0
2026-05-07,5,-8.5,0.3,87.46019423164529,South Lhonak,5200,1.26,5.0
2026-05-08,5,-8.15,0.9,85.43346846082484,South Lhonak,5200,1.26,5.0
2026-05-09,5,-7.75,0.0,46.577894363654096,South Lhonak,5200,1.26,5.0
2026-05-10,5,-6.8500000000000005,0.1,80.29264032114916,South Lhonak,5200,1.26,5.0
2026-05-11,5,-6.699999999999999,0.0,55.49777278168041,South Lhonak,5200,1.26,5.0
2026-05-12,5,-5.8,0.0,46.36278181631528,South Lhonak,5200,1.26,5.0
2026-05-13,5,-5.2,0.2,93.30153664742474,South Lhonak,5200,1.26,5.0
2026-05-14,5,-5.75,0.0,46.58387803070099,South Lhonak,5200,1.26,5.0
2026-05-15,5,-5.800000000000001,0.0,40.54810765524659,South Lhonak,5200,1.26,5.0
2026-05-16,5,-4.75,0.0,47.61556584650036,South Lhonak,5200,1.26,5.0
2026-05-17,5,-3.8000000000000003,0.0,47.699803219925926,South Lhonak,5200,1.26,5.0
2026-05-18,5,-2.3499999999999996,0.0,61.47524714810618,South Lhonak,5200,1.26,5.0
2026-05-19,5,-1.1500000000000004,0.0,61.56562476746777,South Lhonak,5200,1.26,5.0
2026-05-20,5,-0.10000000000000009,0.0,68.1854125872367,South Lhonak,5200,1.26,5.0
2026-05-21,5,2.05,0.0,54.15299291222212,South Lhonak,5200,1.26,5.0
2026-05-22,5,1.95,0.0,67.16860570877388,South Lhonak,5200,1.26,5.0
2026-05-23,5,-1.45,0.0,47.585660008505386,South Lhonak,5200,1.26,5.0
2026-05-24,5,0.0,0.0,43.5983813204424,South Lhonak,5200,1.26,5.0
2026-05-25,5,-2.25,0.0,44.41501983643662,South Lhonak,5200,1.26,5.0
2026-05-26,5,-1.7000000000000002,0.2,76.9267955899918,South Lhonak,5200,1.26,5.0
2026-05-27,5,-3.5500000000000003,0.1,94.82960601205839,South Lhonak,5200,1.26,5.0
2026-05-28,5,-2.8,0.9,84.26099019744682,South Lhonak,5200,1.26,5.0
2026-05-29,5,-1.5999999999999999,0.1,83.01358161040095,South Lhonak,5200,1.26,5.0
2026-05-30,5,-4.2,0.3,93.1372712168523,South Lhonak,5200,1.26,5.0
2026-05-31,5,-3.25,0.0,62.76443124869765,South Lhonak,5200,1.26,5.0
2026-06-01,6,-2.1500000000000004,1.1,92.93010166004781,South Lhonak,5200,1.26,5.0
2026-06-02,6,0.10000000000000009,0.3,78.2945870998709,South Lhonak,5200,1.26,5.0
2026-06-03,6,0.8500000000000001,0.0,42.33831481885764,South Lhonak,5200,1.26,5.0
2026-06-04,6,0.0,0.0,58.7639724866133,South Lhonak,5200,1.26,5.0
2026-06-05,6,1.6500000000000001,0.3,85.39455967666561,South Lhonak,5200,1.26,5.0
2026-06-06,6,2.85,0.3,87.75658373102036,South Lhonak,5200,1.26,5.0
2026-06-07,6,2.05,0.0,61.87836666728265,South Lhonak,5200,1.26,5.0
2026-06-08,6,2.0999999999999996,0.2,77.71075550074198,South Lhonak,5200,1.26,5.0
2026-06-09,6,2.0,0.1,83.89020239195771,South Lhonak,5200,1.26,5.0
2026-06-10,6,1.5499999999999998,0.2,93.48940948398334,South Lhonak,5200,1.26,5.0
2026-06-11,6,1.8,0.4,80.57253544215912,South Lhonak,5200,1.26,5.0
2026-06-12,6,0.6500000000000001,0.0,67.76971098933953,South Lhonak,5200,1.26,5.0
2026-06-13,6,2.0999999999999996,0.0,64.58579995565746,South Lhonak,5200,1.26,5.0
2026-06-14,6,2.4499999999999997,0.0,62.213036981450585,South Lhonak,5200,1.26,5.0
2026-06-15,6,1.6500000000000001,0.0,66.57828416981206,South Lhonak,5200,1.26,5.0
2023-06-16,6,0.4500000000000002,0.0,62.225266574190755,Palcacocha,4566,0.51,2.1
2023-06-17,6,-0.9500000000000002,0.0,47.7975150914136,Palcacocha,4566,0.51,2.1
2023-06-18,6,2.15,0.0,48.96507648328719,Palcacocha,4566,0.51,2.1
2023-06-19,6,2.5500000000000003,0.2,87.8134850049887,Palcacocha,4566,0.51,2.1
2023-06-20,6,1.7499999999999998,0.0,61.445141806534124,Palcacocha,4566,0.51,2.1
2023-06-21,6,2.4,0.0,55.786407546086,Palcacocha,4566,0.51,2.1
2023-06-22,6,2.35,0.0,49.27031058743396,Palcacocha,4566,0.51,2.1
2023-06-23,6,2.9,0.0,66.06764581522218,Palcacocha,4566,0.51,2.1
2023-06-24,6,1.75,0.0,69.5157592351336,Palcacocha,4566,0.51,2.1
2023-06-25,6,1.1,0.0,69.7819213229458,Palcacocha,4566,0.51,2.1
2023-06-26,6,1.5500000000000003,0.0,65.44201932899121,Palcacocha,4566,0.51,2.1
2023-06-27,6,2.55,0.0,55.25418703404772,Palcacocha,4566,0.51,2.1
2023-06-28,6,2.1,0.1,81.16306360263555,Palcacocha,4566,0.51,2.1
2023-06-29,6,1.2000000000000002,0.1,89.25882256275932,Palcacocha,4566,0.51,2.1
2023-06-30,6,1.15,0.0,52.67556423691801,Palcacocha,4566,0.51,2.1
2023-07-01,7,1.7999999999999998,0.0,55.35752741290443,Palcacocha,4566,0.51,2.1
2023-07-02,7,1.5,0.0,42.53373634143091,Palcacocha,4566,0.51,2.1
2023-07-03,7,1.7500000000000002,0.0,52.62767803366866,Palcacocha,4566,0.51,2.1
2023-07-04,7,3.0999999999999996,0.0,46.88663026493092,Palcacocha,4566,0.51,2.1
2023-07-05,7,3.2,0.0,43.507381993373784,Palcacocha,4566,0.51,2.1
2023-07-06,7,3.2,0.0,49.810936184372444,Palcacocha,4566,0.51,2.1
2023-07-07,7,2.7499999999999996,0.0,69.54785802508346,Palcacocha,4566,0.51,2.1
2023-07-08,7,2.2,0.0,49.163616393037806,Palcacocha,4566,0.51,2.1
2023-07-09,7,2.0,0.0,67.59856180758594,Palcacocha,4566,0.51,2.1
2023-07-10,7,1.85,0.1,91.60410245208398,Palcacocha,4566,0.51,2.1
2023-07-11,7,2.45,0.2,92.80783875616513,Palcacocha,4566,0.51,2.1
2023-07-12,7,3.0,0.0,55.68135747102108,Palcacocha,4566,0.51,2.1
2023-07-13,7,2.3,0.0,63.45522210360615,Palcacocha,4566,0.51,2.1
2023-07-14,7,1.7000000000000002,0.0,57.68561381510443,Palcacocha,4566,0.51,2.1
2023-07-15,7,2.8,0.0,68.8056382438908,Palcacocha,4566,0.51,2.1
2023-07-16,7,1.9500000000000002,0.0,44.72681486563618,Palcacocha,4566,0.51,2.1
2023-07-17,7,1.7999999999999998,0.0,61.95775373671231,Palcacocha,4566,0.51,2.1
2023-07-18,7,2.25,0.0,48.01461859364251,Palcacocha,4566,0.51,2.1
2023-07-19,7,1.55,0.0,59.80472664616951,Palcacocha,4566,0.51,2.1
2023-07-20,7,1.5499999999999998,0.0,56.21251237987088,Palcacocha,4566,0.51,2.1
2023-07-21,7,1.9,0.0,62.55261339493284,Palcacocha,4566,0.51,2.1
2023-07-22,7,2.55,0.0,57.896827892291114,Palcacocha,4566,0.51,2.1
2023-07-23,7,1.75,0.0,58.09287851522889,Palcacocha,4566,0.51,2.1
2023-07-24,7,1.4,0.0,58.65413506795246,Palcacocha,4566,0.51,2.1
2023-07-25,7,3.2,0.0,47.2194366531178,Palcacocha,4566,0.51,2.1
2023-07-26,7,3.75,0.0,48.438196435926244,Palcacocha,4566,0.51,2.1
2023-07-27,7,3.1999999999999997,0.0,52.7878760082541,Palcacocha,4566,0.51,2.1
2023-07-28,7,2.3000000000000003,0.1,93.2704136764672,Palcacocha,4566,0.51,2.1
2023-07-29,7,2.65,0.0,61.31614945642276,Palcacocha,4566,0.51,2.1
2023-07-30,7,2.85,0.0,49.172898395178954,Palcacocha,4566,0.51,2.1
2023-07-31,7,1.75,0.2,81.29228769366898,Palcacocha,4566,0.51,2.1
2023-08-01,8,1.0500000000000003,0.0,48.683532576303165,Palcacocha,4566,0.51,2.1
2023-08-02,8,1.1,0.0,49.84443268346419,Palcacocha,4566,0.51,2.1
2023-08-03,8,1.6,0.0,64.58487217923205,Palcacocha,4566,0.51,2.1
2023-08-04,8,1.15,0.0,52.43225354889796,Palcacocha,4566,0.51,2.1
2023-08-05,8,1.5999999999999999,0.0,56.689075669063755,Palcacocha,4566,0.51,2.1
2023-08-06,8,1.7,0.0,57.711020313347674,Palcacocha,4566,0.51,2.1
2023-08-07,8,1.85,0.1,85.5410152318916,Palcacocha,4566,0.51,2.1
2023-08-08,8,1.8000000000000003,0.0,66.07064198934795,Palcacocha,4566,0.51,2.1
2023-08-09,8,1.4500000000000002,0.0,59.33664947107596,Palcacocha,4566,0.51,2.1
2023-08-10,8,2.55,0.2,90.36397279952403,Palcacocha,4566,0.51,2.1
2023-08-11,8,2.15,0.0,52.19283781135859,Palcacocha,4566,0.51,2.1
2023-08-12,8,2.6,0.0,51.10734127185887,Palcacocha,4566,0.51,2.1
2023-08-13,8,1.65,0.1,79.73807322326333,Palcacocha,4566,0.51,2.1
2023-08-14,8,2.25,1.4,81.22818696045695,Palcacocha,4566,0.51,2.1
2023-08-15,8,1.6999999999999997,2.1,82.09909609233685,Palcacocha,4566,0.51,2.1
2023-08-16,8,0.5500000000000003,0.0,55.48806581408006,Palcacocha,4566,0.51,2.1
2023-08-17,8,3.05,0.0,63.510424342187555,Palcacocha,4566,0.51,2.1
2023-08-18,8,3.75,0.0,47.45552812946687,Palcacocha,4566,0.51,2.1
2023-08-19,8,4.1000000000000005,0.0,44.32592007799991,Palcacocha,4566,0.51,2.1
2023-08-20,8,2.95,0.0,48.520954169484824,Palcacocha,4566,0.51,2.1
2023-08-21,8,1.85,0.0,43.86577067793729,Palcacocha,4566,0.51,2.1
2023-08-22,8,2.15,0.0,45.54480420127781,Palcacocha,4566,0.51,2.1
2023-08-23,8,2.2500000000000004,0.0,52.67849764969122,Palcacocha,4566,0.51,2.1
2023-08-24,8,3.1,0.0,41.15414366908912,Palcacocha,4566,0.51,2.1
2023-08-25,8,4.05,0.1,87.14822903737937,Palcacocha,4566,0.51,2.1
2023-08-26,8,2.5,0.0,41.49259228733625,Palcacocha,4566,0.51,2.1
2023-08-27,8,2.0,0.0,55.09221769693717,Palcacocha,4566,0.51,2.1
2023-08-28,8,2.8000000000000003,0.0,65.04490915323498,Palcacocha,4566,0.51,2.1
2023-08-29,8,2.4000000000000004,0.1,79.18032232805056,Palcacocha,4566,0.51,2.1
2023-08-30,8,2.45,0.7,75.68667986224605,Palcacocha,4566,0.51,2.1
2023-08-31,8,2.3,0.9,93.31553405985389,Palcacocha,4566,0.51,2.1
2023-09-01,9,2.05,0.3,90.88022248680618,Palcacocha,4566,0.51,2.1
2023-09-02,9,0.7000000000000001,0.6,78.2793449883414,Palcacocha,4566,0.51,2.1
2023-09-03,9,1.9,0.5,85.59025296697713,Palcacocha,4566,0.51,2.1
2023-09-04,9,1.7,0.7,89.32574554095507,Palcacocha,4566,0.51,2.1
2023-09-05,9,2.4499999999999997,0.3,88.37491510862024,Palcacocha,4566,0.51,2.1
2023-09-06,9,0.75,0.3,87.58203707227828,Palcacocha,4566,0.51,2.1
2023-09-07,9,1.15,0.1,83.31196967891078,Palcacocha,4566,0.51,2.1
2023-09-08,9,2.35,0.1,90.45576278795906,Palcacocha,4566,0.51,2.1
2023-09-09,9,2.0,0.1,92.74487169461692,Palcacocha,4566,0.51,2.1
2023-09-10,9,1.4,0.0,67.11284001739972,Palcacocha,4566,0.51,2.1
2023-09-11,9,1.6,0.0,57.21055324236449,Palcacocha,4566,0.51,2.1
2023-09-12,9,2.85,0.0,59.8897949348831,Palcacocha,4566,0.51,2.1
2023-09-13,9,1.7999999999999998,0.0,45.58994377492313,Palcacocha,4566,0.51,2.1
2023-09-14,9,2.0,0.7,93.53974723206913,Palcacocha,4566,0.51,2.1
2023-09-15,9,1.0,0.9,87.51014427420608,Palcacocha,4566,0.51,2.1
2023-09-16,9,1.9000000000000001,2.0,89.09942017480405,Palcacocha,4566,0.51,2.1
2023-09-17,9,1.3000000000000003,1.8,89.86404616189711,Palcacocha,4566,0.51,2.1
2023-09-18,9,2.65,0.1,84.34543643654757,Palcacocha,4566,0.51,2.1
2023-09-19,9,2.6,0.4,88.28251715317856,Palcacocha,4566,0.51,2.1
2023-09-20,9,1.35,2.5,83.47965788664136,Palcacocha,4566,0.51,2.1
2023-09-21,9,-0.6499999999999999,0.2,81.84031987750667,Palcacocha,4566,0.51,2.1
2023-09-22,9,1.7999999999999998,0.0,67.93121233852932,Palcacocha,4566,0.51,2.1
2023-09-23,9,1.75,0.0,51.488804014311846,Palcacocha,4566,0.51,2.1
2023-09-24,9,1.0000000000000002,0.0,69.08025943358403,Palcacocha,4566,0.51,2.1
2023-09-25,9,1.65,0.4,80.68739689688972,Palcacocha,4566,0.51,2.1
2023-09-26,9,2.3500000000000005,0.8,88.99184591449044,Palcacocha,4566,0.51,2.1
2023-09-27,9,2.0,0.4,81.09325342348978,Palcacocha,4566,0.51,2.1
2023-09-28,9,2.75,1.1,85.7514206564658,Palcacocha,4566,0.51,2.1
2023-09-29,9,3.4499999999999997,2.1,75.9598429976715,Palcacocha,4566,0.51,2.1
2023-09-30,9,2.1500000000000004,0.8,83.73263784423008,Palcacocha,4566,0.51,2.1
2023-10-01,10,2.2,2.4,75.49475881009667,Palcacocha,4566,0.51,2.1
2023-10-02,10,2.0999999999999996,2.7,90.8421784630691,Palcacocha,4566,0.51,2.1
2023-10-03,10,1.6500000000000001,2.0,87.50044747655987,Palcacocha,4566,0.51,2.1
2023-10-04,10,1.35,0.7,90.71283420267437,Palcacocha,4566,0.51,2.1
2023-10-05,10,1.35,1.0,88.97713593950868,Palcacocha,4566,0.51,2.1
2023-10-06,10,2.65,1.9,93.32754767867509,Palcacocha,4566,0.51,2.1
2023-10-07,10,2.25,1.7,88.19317834317843,Palcacocha,4566,0.51,2.1
2023-10-08,10,3.3499999999999996,1.5,80.84801856326378,Palcacocha,4566,0.51,2.1
2023-10-09,10,2.1,2.8,85.44537472998152,Palcacocha,4566,0.51,2.1
2023-10-10,10,0.7000000000000002,1.2,93.33437159723489,Palcacocha,4566,0.51,2.1
2023-10-11,10,0.5499999999999998,0.0,69.06768657238348,Palcacocha,4566,0.51,2.1
2023-10-12,10,1.35,0.5,91.50609087915957,Palcacocha,4566,0.51,2.1
2023-10-13,10,2.5,0.7,94.24096002965945,Palcacocha,4566,0.51,2.1
2023-10-14,10,1.95,0.8,91.37075383919374,Palcacocha,4566,0.51,2.1
2023-10-15,10,-1.0,0.8,83.4853250064368,Palcacocha,4566,0.51,2.1
2023-10-16,10,-0.7999999999999998,0.9,92.54085686899346,Palcacocha,4566,0.51,2.1
2023-10-17,10,0.7000000000000002,1.5,82.69534951823185,Palcacocha,4566,0.51,2.1
2023-10-18,10,1.5,1.4,77.991932056486,Palcacocha,4566,0.51,2.1
2023-10-19,10,1.9,1.0,90.19400144483895,Palcacocha,4566,0.51,2.1
2023-10-20,10,1.55,0.7,93.16222768429017,Palcacocha,4566,0.51,2.1
2023-10-21,10,1.1500000000000001,0.8,78.17959646802677,Palcacocha,4566,0.51,2.1
2023-10-22,10,1.55,1.5,85.65790852105961,Palcacocha,4566,0.51,2.1
2023-10-23,10,1.6,1.2,77.6233797341895,Palcacocha,4566,0.51,2.1
2023-10-24,10,1.6,1.2,83.02427008551511,Palcacocha,4566,0.51,2.1
2023-10-25,10,3.65,0.8,77.49532455664557,Palcacocha,4566,0.51,2.1
2023-10-26,10,3.05,2.4,76.82628387825577,Palcacocha,4566,0.51,2.1
2023-10-27,10,1.4500000000000002,3.8,88.47771689353559,Palcacocha,4566,0.51,2.1
2023-10-28,10,1.25,3.5,79.23220860823811,Palcacocha,4566,0.51,2.1
2023-10-29,10,1.2,0.8,89.8957371268493,Palcacocha,4566,0.51,2.1
2023-10-30,10,1.75,2.5,85.43871520967625,Palcacocha,4566,0.51,2.1
2023-10-31,10,1.25,2.5,85.91692047117438,Palcacocha,4566,0.51,2.1
2023-11-01,11,1.15,0.1,83.74628419216103,Palcacocha,4566,0.51,2.1
2023-11-02,11,3.75,0.8,78.69178177526288,Palcacocha,4566,0.51,2.1
2023-11-03,11,3.25,2.6,86.51207053852154,Palcacocha,4566,0.51,2.1
2023-11-04,11,1.5999999999999999,2.7,77.30776299807438,Palcacocha,4566,0.51,2.1
2023-11-05,11,-0.20000000000000018,1.3,87.84983854509576,Palcacocha,4566,0.51,2.1
2023-11-06,11,0.1499999999999999,2.1,80.86721120314176,Palcacocha,4566,0.51,2.1
2023-11-07,11,1.9000000000000001,0.8,78.43369004386702,Palcacocha,4566,0.51,2.1
2023-11-08,11,2.3499999999999996,0.1,94.71453444690971,Palcacocha,4566,0.51,2.1
2023-11-09,11,2.25,1.4,75.77127089080119,Palcacocha,4566,0.51,2.1
2023-11-10,11,4.0,7.3,91.9959180950169,Palcacocha,4566,0.51,2.1
2023-11-11,11,3.5,1.5,91.91448740469599,Palcacocha,4566,0.51,2.1
2023-11-12,11,3.0,2.6,76.49819440274482,Palcacocha,4566,0.51,2.1
2023-11-13,11,2.8499999999999996,3.1,93.07833559551742,Palcacocha,4566,0.51,2.1
2023-11-14,11,2.45,2.8,76.48233634501287,Palcacocha,4566,0.51,2.1
2023-11-15,11,2.4000000000000004,2.2,93.80454026710046,Palcacocha,4566,0.51,2.1
2023-11-16,11,1.4500000000000002,5.1,87.60710616262328,Palcacocha,4566,0.51,2.1
2023-11-17,11,2.0500000000000003,2.2,78.55085053388107,Palcacocha,4566,0.51,2.1
2023-11-18,11,0.8500000000000001,1.4,91.59518973992434,Palcacocha,4566,0.51,2.1
2023-11-19,11,2.2,1.9,82.47719698986555,Palcacocha,4566,0.51,2.1
2023-11-20,11,2.3499999999999996,3.1,75.98909720614913,Palcacocha,4566,0.51,2.1
2023-11-21,11,0.04999999999999982,0.4,76.21819081258226,Palcacocha,4566,0.51,2.1
2023-11-22,11,2.3,0.0,67.87817936000754,Palcacocha,4566,0.51,2.1
2023-11-23,11,1.8499999999999999,1.6,79.40220693908276,Palcacocha,4566,0.51,2.1
2023-11-24,11,2.65,1.9,76.55247444374524,Palcacocha,4566,0.51,2.1
2023-11-25,11,0.95,2.4,80.04628176928463,Palcacocha,4566,0.51,2.1
2023-11-26,11,0.40000000000000013,2.3,90.8368630812452,Palcacocha,4566,0.51,2.1
2023-11-27,11,-0.6000000000000001,1.7,78.81776146691404,Palcacocha,4566,0.51,2.1
2023-11-28,11,-0.4500000000000002,2.0,86.42686126054932,Palcacocha,4566,0.51,2.1
2023-11-29,11,1.75,3.1,76.99483644736074,Palcacocha,4566,0.51,2.1
2023-11-30,11,3.1500000000000004,5.8,77.56863500858415,Palcacocha,4566,0.51,2.1
2023-12-01,12,2.8,4.6,82.63478213686497,Palcacocha,4566,0.51,2.1
2023-12-02,12,1.0,2.3,92.35022450873626,Palcacocha,4566,0.51,2.1
2023-12-03,12,0.8500000000000001,1.9,92.64784251249866,Palcacocha,4566,0.51,2.1
2023-12-04,12,3.0000000000000004,1.0,82.36439569916341,Palcacocha,4566,0.51,2.1
2023-12-05,12,2.9499999999999997,1.4,90.71022009892268,Palcacocha,4566,0.51,2.1
2023-12-06,12,1.2000000000000002,2.4,78.7518962747024,Palcacocha,4566,0.51,2.1
2023-12-07,12,-0.19999999999999996,1.5,76.20530381437823,Palcacocha,4566,0.51,2.1
2023-12-08,12,0.19999999999999996,1.9,76.95068032870317,Palcacocha,4566,0.51,2.1
2023-12-09,12,2.05,1.4,92.4160138659101,Palcacocha,4566,0.51,2.1
2023-12-10,12,0.19999999999999996,2.7,83.51576080994766,Palcacocha,4566,0.51,2.1
2023-12-11,12,3.2,1.4,83.57432472228876,Palcacocha,4566,0.51,2.1
2023-12-12,12,3.6,1.3,84.12541078530202,Palcacocha,4566,0.51,2.1
2023-12-13,12,3.45,2.5,86.46984091121097,Palcacocha,4566,0.51,2.1
2023-12-14,12,3.4,8.9,82.01897173677258,Palcacocha,4566,0.51,2.1
2023-12-15,12,3.55,2.2,76.28379433040467,Palcacocha,4566,0.51,2.1
2023-12-16,12,2.45,6.0,85.27624099324294,Palcacocha,4566,0.51,2.1
2023-12-17,12,2.8,9.3,83.70802906563898,Palcacocha,4566,0.51,2.1
2023-12-18,12,3.75,5.9,92.11256421713477,Palcacocha,4566,0.51,2.1
2023-12-19,12,1.0499999999999998,2.9,91.71648751555733,Palcacocha,4566,0.51,2.1
2023-12-20,12,1.8000000000000003,3.8,82.2261645240086,Palcacocha,4566,0.51,2.1
2023-12-21,12,3.0500000000000003,2.0,92.3272840888739,Palcacocha,4566,0.51,2.1
2023-12-22,12,3.25,3.2,87.83913780776093,Palcacocha,4566,0.51,2.1
2023-12-23,12,2.35,2.5,81.79792616561093,Palcacocha,4566,0.51,2.1
2023-12-24,12,2.75,2.6,93.75379487476944,Palcacocha,4566,0.51,2.1
2023-12-25,12,1.9499999999999997,2.8,85.43745544070512,Palcacocha,4566,0.51,2.1
2023-12-26,12,1.8499999999999999,2.2,77.71507432475293,Palcacocha,4566,0.51,2.1
2023-12-27,12,2.15,0.8,84.27683019493008,Palcacocha,4566,0.51,2.1
2023-12-28,12,2.5,3.4,78.86223837307864,Palcacocha,4566,0.51,2.1
2023-12-29,12,1.15,6.6,79.12629616520873,Palcacocha,4566,0.51,2.1
2023-12-30,12,3.0,2.2,85.75083658942421,Palcacocha,4566,0.51,2.1
2023-12-31,12,0.7999999999999999,4.2,77.59202084911728,Palcacocha,4566,0.51,2.1
2024-01-01,1,1.4499999999999997,2.2,82.5628017929426,Palcacocha,4566,0.51,2.1
2024-01-02,1,2.0999999999999996,2.1,91.7105229803744,Palcacocha,4566,0.51,2.1
2024-01-03,1,2.25,1.7,87.6751180840983,Palcacocha,4566,0.51,2.1
2024-01-04,1,2.1,3.4,87.6088089541443,Palcacocha,4566,0.51,2.1
2024-01-05,1,2.6500000000000004,1.6,92.22920631844656,Palcacocha,4566,0.51,2.1
2024-01-06,1,2.25,2.7,83.61658735330253,Palcacocha,4566,0.51,2.1
2024-01-07,1,3.4,0.5,78.58475786718375,Palcacocha,4566,0.51,2.1
2024-01-08,1,3.3,3.6,77.93412836688664,Palcacocha,4566,0.51,2.1
2024-01-09,1,1.9500000000000002,1.8,81.56015088478408,Palcacocha,4566,0.51,2.1
2024-01-10,1,1.5499999999999998,1.3,85.44524983974456,Palcacocha,4566,0.51,2.1
2024-01-11,1,2.0,0.7,81.59443991480215,Palcacocha,4566,0.51,2.1
2024-01-12,1,3.4,3.3,80.95703902312823,Palcacocha,4566,0.51,2.1
2024-01-13,1,2.3499999999999996,1.5,79.75540414081867,Palcacocha,4566,0.51,2.1
2024-01-14,1,0.2999999999999998,2.5,90.6025422232185,Palcacocha,4566,0.51,2.1
2024-01-15,1,2.1999999999999997,3.6,91.36894588617179,Palcacocha,4566,0.51,2.1
2024-01-16,1,2.8499999999999996,3.6,90.36518768690102,Palcacocha,4566,0.51,2.1
2024-01-17,1,1.0499999999999998,2.7,85.63790254978451,Palcacocha,4566,0.51,2.1
2024-01-18,1,1.4499999999999997,3.9,92.52107271761048,Palcacocha,4566,0.51,2.1
2024-01-19,1,0.9500000000000002,2.3,93.94175376892338,Palcacocha,4566,0.51,2.1
2024-01-20,1,2.1500000000000004,2.5,76.9296665196792,Palcacocha,4566,0.51,2.1
2024-01-21,1,0.19999999999999996,3.5,79.12981704452771,Palcacocha,4566,0.51,2.1
2024-01-22,1,1.0,4.1,91.68542834554614,Palcacocha,4566,0.51,2.1
2024-01-23,1,1.1500000000000001,2.5,75.14603761530638,Palcacocha,4566,0.51,2.1
2024-01-24,1,2.75,3.5,75.9015716850432,Palcacocha,4566,0.51,2.1
2024-01-25,1,3.4,2.8,78.28179222564258,Palcacocha,4566,0.51,2.1
2024-01-26,1,2.5,3.2,76.78847124617926,Palcacocha,4566,0.51,2.1
2024-01-27,1,3.0,9.3,93.01160438139502,Palcacocha,4566,0.51,2.1
2024-01-28,1,1.75,5.8,80.57455576383948,Palcacocha,4566,0.51,2.1
2024-01-29,1,3.55,3.0,92.90791093484012,Palcacocha,4566,0.51,2.1
2024-01-30,1,2.7,2.9,75.13333742107308,Palcacocha,4566,0.51,2.1
2024-01-31,1,3.8,1.7,88.73954775538868,Palcacocha,4566,0.51,2.1
2024-02-01,2,3.1500000000000004,7.3,88.71580200810861,Palcacocha,4566,0.51,2.1
2024-02-02,2,2.4,2.4,87.09962539827599,Palcacocha,4566,0.51,2.1
2024-02-03,2,1.2999999999999998,2.1,94.33570797536842,Palcacocha,4566,0.51,2.1
2024-02-04,2,1.0,2.2,77.50858464555738,Palcacocha,4566,0.51,2.1
2024-02-05,2,2.0,1.1,78.39393971964978,Palcacocha,4566,0.51,2.1
2024-02-06,2,2.25,0.2,83.98496278613824,Palcacocha,4566,0.51,2.1
2024-02-07,2,2.75,1.6,94.311244619788,Palcacocha,4566,0.51,2.1
2024-02-08,2,3.5,2.4,84.98253736947922,Palcacocha,4566,0.51,2.1
2024-02-09,2,0.25,1.4,81.34447442070825,Palcacocha,4566,0.51,2.1
2024-02-10,2,0.3999999999999999,2.1,75.42361014448673,Palcacocha,4566,0.51,2.1
2024-02-11,2,3.0999999999999996,2.6,75.83479783613258,Palcacocha,4566,0.51,2.1
2024-02-12,2,4.05,2.5,77.49628568150645,Palcacocha,4566,0.51,2.1
2024-02-13,2,2.8,3.0,92.52106690766105,Palcacocha,4566,0.51,2.1
2024-02-14,2,3.1999999999999997,3.0,91.63453486122064,Palcacocha,4566,0.51,2.1
2024-02-15,2,3.9,2.6,75.65204241237753,Palcacocha,4566,0.51,2.1
2024-02-16,2,2.5,2.5,90.52047161862919,Palcacocha,4566,0.51,2.1
2024-02-17,2,2.25,1.9,91.37404240724192,Palcacocha,4566,0.51,2.1
2024-02-18,2,3.9499999999999997,4.0,78.43000939455023,Palcacocha,4566,0.51,2.1
2024-02-19,2,4.2,3.7,78.14100862369271,Palcacocha,4566,0.51,2.1
2024-02-20,2,2.9000000000000004,1.7,80.14263358302343,Palcacocha,4566,0.51,2.1
2024-02-21,2,1.7999999999999998,0.2,94.12545203601945,Palcacocha,4566,0.51,2.1
2024-02-22,2,1.9499999999999997,0.0,48.87213293232962,Palcacocha,4566,0.51,2.1
2024-02-23,2,3.0999999999999996,0.5,75.73972099349923,Palcacocha,4566,0.51,2.1
2024-02-24,2,4.3999999999999995,0.0,66.56976003844943,Palcacocha,4566,0.51,2.1
2024-02-25,2,2.3,2.5,77.75384802972016,Palcacocha,4566,0.51,2.1
2024-02-26,2,2.85,1.6,93.54137837866985,Palcacocha,4566,0.51,2.1
2024-02-27,2,2.2,1.9,89.72915823742233,Palcacocha,4566,0.51,2.1
2024-02-28,2,1.1999999999999997,4.6,91.30122573883511,Palcacocha,4566,0.51,2.1
2024-02-29,2,1.5999999999999999,5.6,76.72419976558368,Palcacocha,4566,0.51,2.1
2024-03-01,3,1.0999999999999999,3.2,77.02538826270249,Palcacocha,4566,0.51,2.1
2024-03-02,3,1.4500000000000002,2.8,88.51431516590627,Palcacocha,4566,0.51,2.1
2024-03-03,3,2.35,2.7,84.40200739080802,Palcacocha,4566,0.51,2.1
2024-03-04,3,1.1500000000000001,3.6,82.5212548823798,Palcacocha,4566,0.51,2.1
2024-03-05,3,2.5999999999999996,2.8,78.22689725243896,Palcacocha,4566,0.51,2.1
2024-03-06,3,3.15,2.6,81.31975193999763,Palcacocha,4566,0.51,2.1
2024-03-07,3,2.9,7.0,90.27210900783645,Palcacocha,4566,0.51,2.1
2024-03-08,3,3.1,5.7,88.85440321449637,Palcacocha,4566,0.51,2.1
2024-03-09,3,3.25,2.6,80.56562469814949,Palcacocha,4566,0.51,2.1
2024-03-10,3,2.25,2.3,85.89972132626028,Palcacocha,4566,0.51,2.1
2024-03-11,3,2.0,3.2,75.0210942335254,Palcacocha,4566,0.51,2.1
2024-03-12,3,1.5,1.5,92.44966556848928,Palcacocha,4566,0.51,2.1
2024-03-13,3,3.1,0.2,93.70909886409147,Palcacocha,4566,0.51,2.1
2024-03-14,3,3.55,0.1,89.53110334323807,Palcacocha,4566,0.51,2.1
2024-03-15,3,2.5500000000000003,3.2,86.21232529140462,Palcacocha,4566,0.51,2.1
2024-03-16,3,2.6,1.9,92.91688144468218,Palcacocha,4566,0.51,2.1
2024-03-17,3,3.5,7.8,86.76305884318835,Palcacocha,4566,0.51,2.1
2024-03-18,3,1.55,6.0,87.4291569267057,Palcacocha,4566,0.51,2.1
2024-03-19,3,2.0,4.1,87.24223728870722,Palcacocha,4566,0.51,2.1
2024-03-20,3,4.1,4.6,87.68897331298737,Palcacocha,4566,0.51,2.1
2024-03-21,3,2.85,5.9,83.70196285341395,Palcacocha,4566,0.51,2.1
2024-03-22,3,2.3,4.4,81.07315479478198,Palcacocha,4566,0.51,2.1
2024-03-23,3,1.75,5.1,89.85969710157244,Palcacocha,4566,0.51,2.1
2024-03-24,3,1.9500000000000002,5.1,90.73875320328676,Palcacocha,4566,0.51,2.1
2024-03-25,3,1.7499999999999998,0.5,87.19405039551816,Palcacocha,4566,0.51,2.1
2024-03-26,3,0.6000000000000001,3.6,81.533907044936,Palcacocha,4566,0.51,2.1
2024-03-27,3,1.5,1.8,77.03308906524762,Palcacocha,4566,0.51,2.1
2024-03-28,3,3.4,0.7,79.78738060387441,Palcacocha,4566,0.51,2.1
2024-03-29,3,1.7999999999999998,1.6,79.40356600264991,Palcacocha,4566,0.51,2.1
2024-03-30,3,3.5500000000000003,1.6,82.2241758011113,Palcacocha,4566,0.51,2.1
2024-03-31,3,2.0999999999999996,1.9,91.40180106569642,Palcacocha,4566,0.51,2.1
2024-04-01,4,3.0500000000000003,4.4,83.78321374835707,Palcacocha,4566,0.51,2.1
2024-04-02,4,3.1999999999999997,2.4,75.48459841757273,Palcacocha,4566,0.51,2.1
2024-04-03,4,1.2000000000000002,4.7,91.73063009557175,Palcacocha,4566,0.51,2.1
2024-04-04,4,0.8499999999999999,1.7,91.92892335478476,Palcacocha,4566,0.51,2.1
2024-04-05,4,-0.5500000000000003,1.5,79.46867743828751,Palcacocha,4566,0.51,2.1
2024-04-06,4,2.65,1.8,85.22714128899993,Palcacocha,4566,0.51,2.1
2024-04-07,4,2.2,1.3,80.00055658425727,Palcacocha,4566,0.51,2.1
2024-04-08,4,1.4,1.9,91.92978698676612,Palcacocha,4566,0.51,2.1
2024-04-09,4,1.2000000000000002,2.0,81.68051617147613,Palcacocha,4566,0.51,2.1
2024-04-10,4,1.0,3.2,79.54767574316614,Palcacocha,4566,0.51,2.1
2024-04-11,4,-0.3500000000000001,2.9,86.04559356023222,Palcacocha,4566,0.51,2.1
2024-04-12,4,0.10000000000000009,2.3,81.97746128880051,Palcacocha,4566,0.51,2.1
2024-04-13,4,3.2,2.3,81.75851766761546,Palcacocha,4566,0.51,2.1
2024-04-14,4,2.4,0.9,89.91584629747462,Palcacocha,4566,0.51,2.1
2024-04-15,4,3.5999999999999996,0.2,85.57851322752524,Palcacocha,4566,0.51,2.1
2024-04-16,4,2.2,1.0,77.49496936196202,Palcacocha,4566,0.51,2.1
2024-04-17,4,2.25,2.0,84.53259348708508,Palcacocha,4566,0.51,2.1
2024-04-18,4,3.35,0.6,79.56953809672208,Palcacocha,4566,0.51,2.1
2024-04-19,4,2.45,2.9,89.03124371047048,Palcacocha,4566,0.51,2.1
2024-04-20,4,2.3,0.8,87.78756680256538,Palcacocha,4566,0.51,2.1
2024-04-21,4,1.95,2.4,93.13408292871037,Palcacocha,4566,0.51,2.1
2024-04-22,4,2.35,1.4,79.65103317705527,Palcacocha,4566,0.51,2.1
2024-04-23,4,2.25,1.3,78.24133736513284,Palcacocha,4566,0.51,2.1
2024-04-24,4,1.9000000000000001,1.0,85.18305274896004,Palcacocha,4566,0.51,2.1
2024-04-25,4,2.8000000000000003,1.3,77.72694370082448,Palcacocha,4566,0.51,2.1
2024-04-26,4,3.15,1.3,91.96739104474992,Palcacocha,4566,0.51,2.1
2024-04-27,4,1.6500000000000001,1.4,91.04203478445834,Palcacocha,4566,0.51,2.1
2024-04-28,4,3.0,0.3,88.49644581011617,Palcacocha,4566,0.51,2.1
2024-04-29,4,2.5500000000000003,1.7,92.2511149574374,Palcacocha,4566,0.51,2.1
2024-04-30,4,1.95,2.3,82.71233255020552,Palcacocha,4566,0.51,2.1
2024-05-01,5,0.19999999999999973,1.3,82.20876285045826,Palcacocha,4566,0.51,2.1
2024-05-02,5,2.65,1.1,92.302146798981,Palcacocha,4566,0.51,2.1
2024-05-03,5,3.0,3.3,94.44970144650594,Palcacocha,4566,0.51,2.1
2024-05-04,5,2.9000000000000004,3.5,81.28478585742913,Palcacocha,4566,0.51,2.1
2024-05-05,5,2.7,1.2,76.05591704932013,Palcacocha,4566,0.51,2.1
2024-05-06,5,2.65,1.9,75.59959015749521,Palcacocha,4566,0.51,2.1
2024-05-07,5,3.0999999999999996,1.4,82.74641725059688,Palcacocha,4566,0.51,2.1
2024-05-08,5,3.1,1.9,80.75250670131997,Palcacocha,4566,0.51,2.1
2024-05-09,5,3.0999999999999996,1.6,91.22712720392067,Palcacocha,4566,0.51,2.1
2024-05-10,5,2.7,1.5,83.44728081344108,Palcacocha,4566,0.51,2.1
2024-05-11,5,3.4499999999999997,0.0,54.90747848028604,Palcacocha,4566,0.51,2.1
2024-05-12,5,4.45,0.4,79.0740848463734,Palcacocha,4566,0.51,2.1
2024-05-13,5,2.5,1.8,76.11007668216908,Palcacocha,4566,0.51,2.1
2024-05-14,5,1.5,2.9,82.18733606609896,Palcacocha,4566,0.51,2.1
2024-05-15,5,2.4000000000000004,3.1,91.82741438546931,Palcacocha,4566,0.51,2.1
2024-05-16,5,1.35,3.8,90.48873250005985,Palcacocha,4566,0.51,2.1
2024-05-17,5,2.55,1.7,79.23299220799697,Palcacocha,4566,0.51,2.1
2024-05-18,5,2.2,1.4,81.46893532572233,Palcacocha,4566,0.51,2.1
2024-05-19,5,2.0,1.3,77.8746638604277,Palcacocha,4566,0.51,2.1
2024-05-20,5,1.85,0.1,77.64649710526386,Palcacocha,4566,0.51,2.1
2024-05-21,5,2.9,0.5,81.21469988854804,Palcacocha,4566,0.51,2.1
2024-05-22,5,3.55,0.0,54.723250700741715,Palcacocha,4566,0.51,2.1
2024-05-23,5,3.9,0.0,42.13459561781139,Palcacocha,4566,0.51,2.1
2024-05-24,5,2.7,0.5,75.5598857852198,Palcacocha,4566,0.51,2.1
2024-05-25,5,3.05,3.3,76.49430695409359,Palcacocha,4566,0.51,2.1
2024-05-26,5,2.6500000000000004,2.2,92.30275252881037,Palcacocha,4566,0.51,2.1
2024-05-27,5,3.0999999999999996,0.5,92.91934099201391,Palcacocha,4566,0.51,2.1
2024-05-28,5,2.15,0.8,80.26780950756901,Palcacocha,4566,0.51,2.1
2024-05-29,5,2.6,0.2,85.38971682432397,Palcacocha,4566,0.51,2.1
2024-05-30,5,2.35,0.0,56.286227188822636,Palcacocha,4566,0.51,2.1
2024-05-31,5,2.25,0.0,40.28469521261581,Palcacocha,4566,0.51,2.1
2024-06-01,6,2.65,0.0,55.35854189065982,Palcacocha,4566,0.51,2.1
2024-06-02,6,2.55,0.0,43.567615147697886,Palcacocha,4566,0.51,2.1
2024-06-03,6,2.5,0.0,46.76719751593096,Palcacocha,4566,0.51,2.1
2024-06-04,6,1.5500000000000003,0.0,43.733545981011275,Palcacocha,4566,0.51,2.1
2024-06-05,6,2.05,0.0,48.528115036862864,Palcacocha,4566,0.51,2.1
2024-06-06,6,1.35,0.0,59.96398171304851,Palcacocha,4566,0.51,2.1
2024-06-07,6,1.35,0.0,52.03250404167187,Palcacocha,4566,0.51,2.1
2024-06-08,6,2.4000000000000004,0.1,83.66398939704804,Palcacocha,4566,0.51,2.1
2024-06-09,6,2.0,0.0,58.923102255323954,Palcacocha,4566,0.51,2.1
2024-06-10,6,1.7000000000000002,1.1,92.93898684852515,Palcacocha,4566,0.51,2.1
2024-06-11,6,2.9,0.7,76.18811619681779,Palcacocha,4566,0.51,2.1
2024-06-12,6,1.75,1.6,79.15122626981871,Palcacocha,4566,0.51,2.1
2024-06-13,6,2.25,2.4,75.05699899276443,Palcacocha,4566,0.51,2.1
2024-06-14,6,1.85,0.9,81.75380177302287,Palcacocha,4566,0.51,2.1
2024-06-15,6,2.1,0.6,89.11943365191644,Palcacocha,4566,0.51,2.1
2024-06-16,6,1.6999999999999997,0.7,82.33786692826858,Palcacocha,4566,0.51,2.1
2024-06-17,6,1.4500000000000002,0.7,80.78541972962395,Palcacocha,4566,0.51,2.1
2024-06-18,6,2.3499999999999996,0.2,76.24220195131672,Palcacocha,4566,0.51,2.1
2024-06-19,6,1.7499999999999998,0.1,84.23911425739173,Palcacocha,4566,0.51,2.1
2024-06-20,6,1.4000000000000001,0.6,84.52993002304852,Palcacocha,4566,0.51,2.1
2024-06-21,6,0.04999999999999993,3.3,87.64520094124134,Palcacocha,4566,0.51,2.1
2024-06-22,6,0.8999999999999999,1.1,83.77187451658631,Palcacocha,4566,0.51,2.1
2024-06-23,6,1.8000000000000003,0.0,67.67550843612005,Palcacocha,4566,0.51,2.1
2024-06-24,6,1.1,0.0,60.928157999856246,Palcacocha,4566,0.51,2.1
2024-06-25,6,1.15,0.1,94.59660499310934,Palcacocha,4566,0.51,2.1
2024-06-26,6,1.4000000000000001,0.0,59.003539436337746,Palcacocha,4566,0.51,2.1
2024-06-27,6,2.0,0.0,61.68323348688966,Palcacocha,4566,0.51,2.1
2024-06-28,6,3.05,0.0,52.16790727015382,Palcacocha,4566,0.51,2.1
2024-06-29,6,2.6,0.1,83.903032546126,Palcacocha,4566,0.51,2.1
2024-06-30,6,2.5,0.7,85.29690217095299,Palcacocha,4566,0.51,2.1
2024-07-01,7,2.25,1.2,78.32433826572874,Palcacocha,4566,0.51,2.1
2024-07-02,7,0.9500000000000002,0.2,94.5960790056863,Palcacocha,4566,0.51,2.1
2024-07-03,7,1.9000000000000001,0.0,44.281210688844496,Palcacocha,4566,0.51,2.1
2024-07-04,7,2.5,0.0,67.21523562809722,Palcacocha,4566,0.51,2.1
2024-07-05,7,1.6,0.0,44.82201845258992,Palcacocha,4566,0.51,2.1
2024-07-06,7,1.3000000000000003,0.0,58.36780370143313,Palcacocha,4566,0.51,2.1
2024-07-07,7,2.05,0.1,78.77218015824518,Palcacocha,4566,0.51,2.1
2024-07-08,7,1.5999999999999999,0.4,90.49751667120483,Palcacocha,4566,0.51,2.1
2024-07-09,7,2.85,0.0,60.85849061788491,Palcacocha,4566,0.51,2.1
2024-07-10,7,2.3,0.0,64.59204313302695,Palcacocha,4566,0.51,2.1
2024-07-11,7,2.6500000000000004,0.0,45.53961999837874,Palcacocha,4566,0.51,2.1
2024-07-12,7,1.1,0.0,55.83936864226856,Palcacocha,4566,0.51,2.1
2024-07-13,7,0.25,0.1,83.1092492829742,Palcacocha,4566,0.51,2.1
2024-07-14,7,0.9500000000000002,0.1,90.86337193233571,Palcacocha,4566,0.51,2.1
2024-07-15,7,2.0,0.1,76.26989889408632,Palcacocha,4566,0.51,2.1
2024-07-16,7,1.5,0.0,53.92668932800156,Palcacocha,4566,0.51,2.1
2024-07-17,7,0.7999999999999998,0.0,57.050759691523545,Palcacocha,4566,0.51,2.1
2024-07-18,7,0.6499999999999999,0.0,56.25438381149238,Palcacocha,4566,0.51,2.1
2024-07-19,7,0.75,0.0,62.99496735479476,Palcacocha,4566,0.51,2.1
2024-07-20,7,0.5499999999999998,0.0,63.38766777387922,Palcacocha,4566,0.51,2.1
2024-07-21,7,0.7000000000000002,0.0,54.14275382302792,Palcacocha,4566,0.51,2.1
2024-07-22,7,1.25,0.0,46.91302621066963,Palcacocha,4566,0.51,2.1
2024-07-23,7,1.1500000000000001,0.0,65.32818007871458,Palcacocha,4566,0.51,2.1
2024-07-24,7,1.25,0.0,40.00967619806284,Palcacocha,4566,0.51,2.1
2024-07-25,7,1.4499999999999997,0.0,51.95344675734643,Palcacocha,4566,0.51,2.1
2024-07-26,7,1.9,0.0,57.90439844519172,Palcacocha,4566,0.51,2.1
2024-07-27,7,2.1500000000000004,0.0,69.2214152610076,Palcacocha,4566,0.51,2.1
2024-07-28,7,2.1500000000000004,0.0,61.3845633738861,Palcacocha,4566,0.51,2.1
2024-07-29,7,2.05,0.0,66.21589253049028,Palcacocha,4566,0.51,2.1
2024-07-30,7,2.0500000000000003,0.0,62.31982193521952,Palcacocha,4566,0.51,2.1
2024-07-31,7,2.8000000000000003,0.0,52.78237494840755,Palcacocha,4566,0.51,2.1
2024-08-01,8,3.2,0.2,93.1506246852831,Palcacocha,4566,0.51,2.1
2024-08-02,8,3.4,0.0,53.48829278522026,Palcacocha,4566,0.51,2.1
2024-08-03,8,3.4,0.0,50.74093709316968,Palcacocha,4566,0.51,2.1
2024-08-04,8,2.65,0.0,57.95710278798295,Palcacocha,4566,0.51,2.1
2024-08-05,8,3.2,0.0,58.085154640408646,Palcacocha,4566,0.51,2.1
2024-08-06,8,2.75,0.0,67.74426624283927,Palcacocha,4566,0.51,2.1
2024-08-07,8,2.0,0.0,43.40387875352407,Palcacocha,4566,0.51,2.1
2024-08-08,8,2.3,0.0,46.40052225653922,Palcacocha,4566,0.51,2.1
2024-08-09,8,2.3499999999999996,0.0,45.71015139875364,Palcacocha,4566,0.51,2.1
2024-08-10,8,2.6,0.0,67.98155542849359,Palcacocha,4566,0.51,2.1
2024-08-11,8,3.5,0.2,85.49508358493732,Palcacocha,4566,0.51,2.1
2024-08-12,8,1.1,0.0,47.480801861204334,Palcacocha,4566,0.51,2.1
2024-08-13,8,1.8499999999999999,0.0,40.567299377469595,Palcacocha,4566,0.51,2.1
2024-08-14,8,2.2,0.0,58.59498245593922,Palcacocha,4566,0.51,2.1
2024-08-15,8,1.1,0.0,61.07133556493605,Palcacocha,4566,0.51,2.1
2024-08-16,8,1.65,0.0,54.400179083608634,Palcacocha,4566,0.51,2.1
2024-08-17,8,1.5,0.0,58.41189717625687,Palcacocha,4566,0.51,2.1
2024-08-18,8,1.2999999999999998,0.0,52.826419723896535,Palcacocha,4566,0.51,2.1
2024-08-19,8,1.2999999999999998,0.0,56.69312990617972,Palcacocha,4566,0.51,2.1
2024-08-20,8,0.8,0.0,57.486233616279684,Palcacocha,4566,0.51,2.1
2024-08-21,8,3.2500000000000004,0.2,91.41743152105815,Palcacocha,4566,0.51,2.1
2024-08-22,8,4.0,0.5,93.91949036750717,Palcacocha,4566,0.51,2.1
2024-08-23,8,3.1999999999999997,0.0,49.423284752052844,Palcacocha,4566,0.51,2.1
2024-08-24,8,2.7500000000000004,0.0,58.008651938038824,Palcacocha,4566,0.51,2.1
2024-08-25,8,1.75,0.3,94.12446755441361,Palcacocha,4566,0.51,2.1
2024-08-26,8,2.6,0.6,94.12939393746915,Palcacocha,4566,0.51,2.1
2024-08-27,8,1.5500000000000003,0.0,58.99062015771493,Palcacocha,4566,0.51,2.1
2024-08-28,8,1.5500000000000003,0.0,62.62148021022385,Palcacocha,4566,0.51,2.1
2024-08-29,8,3.05,0.1,87.88001381398033,Palcacocha,4566,0.51,2.1
2024-08-30,8,2.15,0.0,47.825509401703655,Palcacocha,4566,0.51,2.1
2024-08-31,8,2.25,0.3,76.92336808816077,Palcacocha,4566,0.51,2.1
2024-09-01,9,1.5500000000000003,0.1,87.5375078229093,Palcacocha,4566,0.51,2.1
2024-09-02,9,1.65,0.4,85.98317316286673,Palcacocha,4566,0.51,2.1
2024-09-03,9,2.3000000000000003,0.1,90.53707001288414,Palcacocha,4566,0.51,2.1
2024-09-04,9,2.7,0.0,65.73950306071157,Palcacocha,4566,0.51,2.1
2024-09-05,9,2.5999999999999996,0.0,61.55231813022,Palcacocha,4566,0.51,2.1
2024-09-06,9,1.0499999999999998,0.3,86.81342307870881,Palcacocha,4566,0.51,2.1
2024-09-07,9,1.5500000000000003,0.0,48.12691049750011,Palcacocha,4566,0.51,2.1
2024-09-08,9,1.75,0.0,61.583555761723176,Palcacocha,4566,0.51,2.1
2024-09-09,9,2.5000000000000004,0.0,41.0854222096284,Palcacocha,4566,0.51,2.1
2024-09-10,9,2.3,0.0,45.46705224741677,Palcacocha,4566,0.51,2.1
2024-09-11,9,4.05,0.0,49.1398105621443,Palcacocha,4566,0.51,2.1
2024-09-12,9,3.1999999999999997,0.1,77.86070146605603,Palcacocha,4566,0.51,2.1
2024-09-13,9,4.0,0.1,88.97746843502279,Palcacocha,4566,0.51,2.1
2024-09-14,9,2.4499999999999997,0.1,87.60648432938581,Palcacocha,4566,0.51,2.1
2024-09-15,9,2.45,1.6,77.99405276787446,Palcacocha,4566,0.51,2.1
2024-09-16,9,1.0499999999999998,0.6,77.42885226989105,Palcacocha,4566,0.51,2.1
2024-09-17,9,2.3499999999999996,1.3,88.08805768801801,Palcacocha,4566,0.51,2.1
2024-09-18,9,2.75,0.5,92.89143184852682,Palcacocha,4566,0.51,2.1
2024-09-19,9,2.6500000000000004,0.1,91.0997475997298,Palcacocha,4566,0.51,2.1
2024-09-20,9,2.55,0.0,42.028092142377375,Palcacocha,4566,0.51,2.1
2024-09-21,9,1.6999999999999997,0.3,87.98585531005929,Palcacocha,4566,0.51,2.1
2024-09-22,9,1.75,0.7,83.80481101272741,Palcacocha,4566,0.51,2.1
2024-09-23,9,0.9499999999999997,0.2,90.97974838434092,Palcacocha,4566,0.51,2.1
2024-09-24,9,3.25,0.5,84.63145298185903,Palcacocha,4566,0.51,2.1
2024-09-25,9,2.45,0.4,77.74670421523709,Palcacocha,4566,0.51,2.1
2024-09-26,9,2.8,0.5,92.29639193199748,Palcacocha,4566,0.51,2.1
2024-09-27,9,2.3,0.9,84.91470013917095,Palcacocha,4566,0.51,2.1
2024-09-28,9,-0.04999999999999982,0.1,83.0000643040534,Palcacocha,4566,0.51,2.1
2024-09-29,9,-1.5499999999999998,0.3,81.42601366308924,Palcacocha,4566,0.51,2.1
2024-09-30,9,1.6,0.4,88.9509786600773,Palcacocha,4566,0.51,2.1
2024-10-01,10,1.65,0.1,76.7770354381945,Palcacocha,4566,0.51,2.1
2024-10-02,10,2.55,0.1,81.6269687861302,Palcacocha,4566,0.51,2.1
2024-10-03,10,0.6000000000000001,0.1,94.79774686848383,Palcacocha,4566,0.51,2.1
2024-10-04,10,1.6500000000000001,0.4,78.54496698664067,Palcacocha,4566,0.51,2.1
2024-10-05,10,-0.4500000000000002,0.0,42.601167531682314,Palcacocha,4566,0.51,2.1
2024-10-06,10,-0.6000000000000001,0.0,69.7087294175737,Palcacocha,4566,0.51,2.1
2024-10-07,10,2.0,0.9,83.77868532817241,Palcacocha,4566,0.51,2.1
2024-10-08,10,2.95,0.6,86.07493832076906,Palcacocha,4566,0.51,2.1
2024-10-09,10,2.05,2.2,91.70432289771738,Palcacocha,4566,0.51,2.1
2024-10-10,10,2.75,3.4,89.73114500743155,Palcacocha,4566,0.51,2.1
2024-10-11,10,2.3499999999999996,0.4,85.34754038978609,Palcacocha,4566,0.51,2.1
2024-10-12,10,2.4499999999999997,1.0,81.40647796660478,Palcacocha,4566,0.51,2.1
2024-10-13,10,-0.30000000000000004,1.1,94.76689910585446,Palcacocha,4566,0.51,2.1
2024-10-14,10,0.04999999999999982,0.1,82.08715948544084,Palcacocha,4566,0.51,2.1
2024-10-15,10,1.8499999999999999,0.5,84.70273614268639,Palcacocha,4566,0.51,2.1
2024-10-16,10,2.25,0.3,87.79850624076957,Palcacocha,4566,0.51,2.1
2024-10-17,10,2.85,1.2,87.79916132303617,Palcacocha,4566,0.51,2.1
2024-10-18,10,2.25,1.0,81.68561449658309,Palcacocha,4566,0.51,2.1
2024-10-19,10,3.3,0.1,91.1848606247564,Palcacocha,4566,0.51,2.1
2024-10-20,10,3.6,0.0,41.258279303322894,Palcacocha,4566,0.51,2.1
2024-10-21,10,2.6500000000000004,1.0,77.39471767414562,Palcacocha,4566,0.51,2.1
2024-10-22,10,2.6,1.7,77.51104515037716,Palcacocha,4566,0.51,2.1
2024-10-23,10,2.6,3.7,88.3704796018792,Palcacocha,4566,0.51,2.1
2024-10-24,10,3.1500000000000004,0.5,90.48300953154356,Palcacocha,4566,0.51,2.1
2024-10-25,10,4.05,0.7,92.91941447068308,Palcacocha,4566,0.51,2.1
2024-10-26,10,2.85,0.5,82.01212723944745,Palcacocha,4566,0.51,2.1
2024-10-27,10,2.55,1.7,77.23038552462573,Palcacocha,4566,0.51,2.1
2024-10-28,10,1.45,2.0,82.16520695170195,Palcacocha,4566,0.51,2.1
2024-10-29,10,1.7999999999999998,0.9,89.6689681285418,Palcacocha,4566,0.51,2.1
2024-10-30,10,1.9000000000000001,1.4,76.67491346538715,Palcacocha,4566,0.51,2.1
2024-10-31,10,3.15,2.1,84.16989935872094,Palcacocha,4566,0.51,2.1
2024-11-01,11,1.8,1.0,83.34355116181672,Palcacocha,4566,0.51,2.1
2024-11-02,11,3.0,0.8,80.84307047256797,Palcacocha,4566,0.51,2.1
2024-11-03,11,1.8499999999999999,1.3,82.61980179323407,Palcacocha,4566,0.51,2.1
2024-11-04,11,1.9500000000000002,1.2,85.01134911537312,Palcacocha,4566,0.51,2.1
2024-11-05,11,0.9499999999999997,1.4,92.19151216202192,Palcacocha,4566,0.51,2.1
2024-11-06,11,0.6499999999999999,3.3,76.65729068336447,Palcacocha,4566,0.51,2.1
2024-11-07,11,3.0,0.3,89.69297371198482,Palcacocha,4566,0.51,2.1
2024-11-08,11,2.6,1.3,93.27322948996694,Palcacocha,4566,0.51,2.1
2024-11-09,11,-0.44999999999999996,0.7,75.75104828495854,Palcacocha,4566,0.51,2.1
2024-11-10,11,1.85,1.8,82.12963454255939,Palcacocha,4566,0.51,2.1
2024-11-11,11,1.9,0.7,81.82952072067816,Palcacocha,4566,0.51,2.1
2024-11-12,11,1.3499999999999999,0.6,92.71527692439571,Palcacocha,4566,0.51,2.1
2024-11-13,11,1.5,0.3,89.28194565602568,Palcacocha,4566,0.51,2.1
2024-11-14,11,3.4499999999999997,0.1,81.0725907191258,Palcacocha,4566,0.51,2.1
2024-11-15,11,2.9499999999999997,1.1,85.99499755678849,Palcacocha,4566,0.51,2.1
2024-11-16,11,2.85,0.6,92.20549088470727,Palcacocha,4566,0.51,2.1
2024-11-17,11,2.85,0.1,77.91950432446275,Palcacocha,4566,0.51,2.1
2024-11-18,11,2.8499999999999996,0.0,68.81059758807793,Palcacocha,4566,0.51,2.1
2024-11-19,11,3.5500000000000003,0.0,43.867544143218225,Palcacocha,4566,0.51,2.1
2024-11-20,11,4.1,0.2,82.5198141541292,Palcacocha,4566,0.51,2.1
2024-11-21,11,1.5999999999999999,1.3,82.814978259016,Palcacocha,4566,0.51,2.1
2024-11-22,11,1.7,1.8,88.9107354566282,Palcacocha,4566,0.51,2.1
2024-11-23,11,1.4,1.6,85.14478758576819,Palcacocha,4566,0.51,2.1
2024-11-24,11,-0.20000000000000018,1.5,82.90307760754969,Palcacocha,4566,0.51,2.1
2024-11-25,11,1.9000000000000001,2.1,79.81196377482314,Palcacocha,4566,0.51,2.1
2024-11-26,11,1.75,1.5,94.40638186617645,Palcacocha,4566,0.51,2.1
2024-11-27,11,2.35,2.1,91.37964739371928,Palcacocha,4566,0.51,2.1
2024-11-28,11,2.9499999999999997,2.8,75.12387428361572,Palcacocha,4566,0.51,2.1
2024-11-29,11,2.25,1.9,82.88834313954032,Palcacocha,4566,0.51,2.1
2024-11-30,11,1.5499999999999998,2.3,89.08828394653146,Palcacocha,4566,0.51,2.1
2024-12-01,12,1.5499999999999998,2.5,77.63713837015698,Palcacocha,4566,0.51,2.1
2024-12-02,12,2.35,1.9,82.23396599002879,Palcacocha,4566,0.51,2.1
2024-12-03,12,1.0999999999999999,1.8,85.53303095116969,Palcacocha,4566,0.51,2.1
2024-12-04,12,2.4000000000000004,1.8,88.58576655303511,Palcacocha,4566,0.51,2.1
2024-12-05,12,2.05,1.2,82.00967484528627,Palcacocha,4566,0.51,2.1
2024-12-06,12,3.0,1.8,81.9023339869945,Palcacocha,4566,0.51,2.1
2024-12-07,12,2.1500000000000004,3.1,89.52400469133393,Palcacocha,4566,0.51,2.1
2024-12-08,12,1.75,1.7,88.86177137150776,Palcacocha,4566,0.51,2.1
2024-12-09,12,2.2,1.8,88.71874340844313,Palcacocha,4566,0.51,2.1
2024-12-10,12,1.65,1.9,83.29576965579281,Palcacocha,4566,0.51,2.1
2024-12-11,12,2.85,1.8,75.3667574622718,Palcacocha,4566,0.51,2.1
2024-12-12,12,1.5500000000000003,2.4,83.96656338025593,Palcacocha,4566,0.51,2.1
2024-12-13,12,2.5999999999999996,3.4,91.61507730443435,Palcacocha,4566,0.51,2.1
2024-12-14,12,1.0,1.2,90.43828886587076,Palcacocha,4566,0.51,2.1
2024-12-15,12,2.35,0.1,75.8145802813892,Palcacocha,4566,0.51,2.1
2024-12-16,12,2.0,0.2,81.33013044138787,Palcacocha,4566,0.51,2.1
2024-12-17,12,2.3000000000000003,1.8,84.07562427737274,Palcacocha,4566,0.51,2.1
2024-12-18,12,1.6500000000000001,0.8,90.19905103614565,Palcacocha,4566,0.51,2.1
2024-12-19,12,0.1499999999999999,1.2,85.08213094238306,Palcacocha,4566,0.51,2.1
2024-12-20,12,2.05,2.4,75.51560103261507,Palcacocha,4566,0.51,2.1
2024-12-21,12,2.2,0.7,92.45132779505434,Palcacocha,4566,0.51,2.1
2024-12-22,12,2.75,0.9,77.2110567356777,Palcacocha,4566,0.51,2.1
2024-12-23,12,1.9,5.7,93.40488001692279,Palcacocha,4566,0.51,2.1
2024-12-24,12,2.8,0.8,82.36009712666497,Palcacocha,4566,0.51,2.1
2024-12-25,12,2.45,0.8,78.37552047529407,Palcacocha,4566,0.51,2.1
2024-12-26,12,2.4999999999999996,0.9,80.8089723115582,Palcacocha,4566,0.51,2.1
2024-12-27,12,1.7999999999999998,0.4,92.60589314334653,Palcacocha,4566,0.51,2.1
2024-12-28,12,1.35,0.9,94.18239399376502,Palcacocha,4566,0.51,2.1
2024-12-29,12,1.75,0.4,78.96959400153048,Palcacocha,4566,0.51,2.1
2024-12-30,12,2.9499999999999997,0.1,79.57278863607158,Palcacocha,4566,0.51,2.1
2024-12-31,12,1.9500000000000002,0.4,81.17331613998883,Palcacocha,4566,0.51,2.1
2025-01-01,1,0.5,0.2,82.53252497578005,Palcacocha,4566,0.51,2.1
2025-01-02,1,0.050000000000000044,0.4,81.85135103681485,Palcacocha,4566,0.51,2.1
2025-01-03,1,0.10000000000000009,1.0,80.69866322235907,Palcacocha,4566,0.51,2.1
2025-01-04,1,1.9,1.0,89.89628926957047,Palcacocha,4566,0.51,2.1
2025-01-05,1,1.35,2.2,90.65307256122831,Palcacocha,4566,0.51,2.1
2025-01-06,1,1.8000000000000003,3.0,79.76335265163556,Palcacocha,4566,0.51,2.1
2025-01-07,1,2.6,4.4,82.93418241797292,Palcacocha,4566,0.51,2.1
2025-01-08,1,1.5999999999999999,2.8,82.0442663176286,Palcacocha,4566,0.51,2.1
2025-01-09,1,1.6,0.1,89.9987880575051,Palcacocha,4566,0.51,2.1
2025-01-10,1,3.1,1.8,78.01101162091538,Palcacocha,4566,0.51,2.1
2025-01-11,1,4.199999999999999,1.5,85.34473747443442,Palcacocha,4566,0.51,2.1
2025-01-12,1,3.3000000000000003,3.2,89.85715020546986,Palcacocha,4566,0.51,2.1
2025-01-13,1,3.0,3.8,86.96586177097964,Palcacocha,4566,0.51,2.1
2025-01-14,1,2.1,1.2,86.9413707380007,Palcacocha,4566,0.51,2.1
2025-01-15,1,1.25,0.5,76.68350223743045,Palcacocha,4566,0.51,2.1
2025-01-16,1,1.6500000000000004,0.3,80.96422872492272,Palcacocha,4566,0.51,2.1
2025-01-17,1,2.1500000000000004,0.1,77.98321591238418,Palcacocha,4566,0.51,2.1
2025-01-18,1,2.15,0.3,87.320425063512,Palcacocha,4566,0.51,2.1
2025-01-19,1,-0.5,0.1,85.95799568171597,Palcacocha,4566,0.51,2.1
2025-01-20,1,-0.4500000000000002,0.7,93.78767168096164,Palcacocha,4566,0.51,2.1
2025-01-21,1,0.9000000000000001,0.8,85.36437079589987,Palcacocha,4566,0.51,2.1
2025-01-22,1,2.25,1.9,87.87741734703356,Palcacocha,4566,0.51,2.1
2025-01-23,1,0.6,0.9,92.4711565402529,Palcacocha,4566,0.51,2.1
2025-01-24,1,0.6499999999999999,0.1,86.73443866187769,Palcacocha,4566,0.51,2.1
2025-01-25,1,1.0,0.2,89.2368896606277,Palcacocha,4566,0.51,2.1
2025-01-26,1,2.3,1.3,91.18151871125389,Palcacocha,4566,0.51,2.1
2025-01-27,1,2.15,1.0,85.93892591370745,Palcacocha,4566,0.51,2.1
2025-01-28,1,0.9500000000000002,0.9,91.18424891327967,Palcacocha,4566,0.51,2.1
2025-01-29,1,1.0499999999999998,0.6,82.63439280045385,Palcacocha,4566,0.51,2.1
2025-01-30,1,2.45,0.5,90.09081572943049,Palcacocha,4566,0.51,2.1
2025-01-31,1,1.5500000000000003,2.5,75.09264775650087,Palcacocha,4566,0.51,2.1
2025-02-01,2,2.05,2.7,92.64499769542675,Palcacocha,4566,0.51,2.1
2025-02-02,2,1.3,4.4,80.02658119384073,Palcacocha,4566,0.51,2.1
2025-02-03,2,1.65,0.5,78.54393945479406,Palcacocha,4566,0.51,2.1
2025-02-04,2,1.4,1.1,82.48860522283421,Palcacocha,4566,0.51,2.1
2025-02-05,2,1.0,0.4,83.44568347834412,Palcacocha,4566,0.51,2.1
2025-02-06,2,1.25,0.9,92.99911058491314,Palcacocha,4566,0.51,2.1
2025-02-07,2,-0.25,0.3,80.0714184562936,Palcacocha,4566,0.51,2.1
2025-02-08,2,0.6499999999999999,0.8,87.57470044200589,Palcacocha,4566,0.51,2.1
2025-02-09,2,2.3,1.0,79.30773900637192,Palcacocha,4566,0.51,2.1
2025-02-10,2,2.15,2.3,83.91417700758934,Palcacocha,4566,0.51,2.1
2025-02-11,2,2.0,3.3,87.30024051330395,Palcacocha,4566,0.51,2.1
2025-02-12,2,0.19999999999999996,0.5,89.07520077363682,Palcacocha,4566,0.51,2.1
2025-02-13,2,1.2,0.9,89.36630556125395,Palcacocha,4566,0.51,2.1
2025-02-14,2,0.75,1.1,78.57879890959104,Palcacocha,4566,0.51,2.1
2025-02-15,2,-0.050000000000000266,0.3,79.95176850316629,Palcacocha,4566,0.51,2.1
2025-02-16,2,0.04999999999999982,0.7,87.91208234480186,Palcacocha,4566,0.51,2.1
2025-02-17,2,0.050000000000000266,2.4,90.69531150577748,Palcacocha,4566,0.51,2.1
2025-02-18,2,1.5999999999999999,0.9,75.66872646738149,Palcacocha,4566,0.51,2.1
2025-02-19,2,1.1500000000000001,1.5,81.63017017747775,Palcacocha,4566,0.51,2.1
2025-02-20,2,1.0,2.0,79.25350453909012,Palcacocha,4566,0.51,2.1
2025-02-21,2,2.25,0.7,79.26592557289077,Palcacocha,4566,0.51,2.1
2025-02-22,2,1.35,1.4,81.59951761569852,Palcacocha,4566,0.51,2.1
2025-02-23,2,1.0499999999999998,1.9,79.1496043256799,Palcacocha,4566,0.51,2.1
2025-02-24,2,2.85,3.5,91.07700304687013,Palcacocha,4566,0.51,2.1
2025-02-25,2,2.6500000000000004,1.6,94.32847663885296,Palcacocha,4566,0.51,2.1
2025-02-26,2,3.0999999999999996,2.5,79.35970926943646,Palcacocha,4566,0.51,2.1
2025-02-27,2,2.0999999999999996,2.6,89.6431144309023,Palcacocha,4566,0.51,2.1
2025-02-28,2,2.8000000000000003,3.6,79.40455189063249,Palcacocha,4566,0.51,2.1
2025-03-01,3,1.9000000000000001,2.4,75.51372614480488,Palcacocha,4566,0.51,2.1
2025-03-02,3,1.65,2.9,86.43845257606905,Palcacocha,4566,0.51,2.1
2025-03-03,3,1.1,2.3,90.69708215039624,Palcacocha,4566,0.51,2.1
2025-03-04,3,0.7,2.6,92.49686237564643,Palcacocha,4566,0.51,2.1
2025-03-05,3,2.5,2.2,94.63816807962125,Palcacocha,4566,0.51,2.1
2025-03-06,3,0.8,0.6,79.60865646291337,Palcacocha,4566,0.51,2.1
2025-03-07,3,0.5499999999999998,0.0,53.47397499772685,Palcacocha,4566,0.51,2.1
2025-03-08,3,0.6499999999999999,0.0,58.74855394796274,Palcacocha,4566,0.51,2.1
2025-03-09,3,1.1,0.0,45.32335107203852,Palcacocha,4566,0.51,2.1
2025-03-10,3,1.8,0.3,93.9048100735927,Palcacocha,4566,0.51,2.1
2025-03-11,3,0.7000000000000002,1.6,94.43170403636337,Palcacocha,4566,0.51,2.1
2025-03-12,3,1.5,0.7,79.6580354411653,Palcacocha,4566,0.51,2.1
2025-03-13,3,1.4,0.9,91.15524258693294,Palcacocha,4566,0.51,2.1
2025-03-14,3,1.05,1.0,91.08769705990377,Palcacocha,4566,0.51,2.1
2025-03-15,3,1.8,1.5,76.30168054466453,Palcacocha,4566,0.51,2.1
2025-03-16,3,1.4000000000000001,0.6,93.57792898247772,Palcacocha,4566,0.51,2.1
2025-03-17,3,1.95,0.8,89.32906621695628,Palcacocha,4566,0.51,2.1
2025-03-18,3,2.1500000000000004,1.0,83.56612859237205,Palcacocha,4566,0.51,2.1
2025-03-19,3,2.3,1.1,94.2046970653505,Palcacocha,4566,0.51,2.1
2025-03-20,3,2.75,2.1,77.71133366695628,Palcacocha,4566,0.51,2.1
2025-03-21,3,2.5,2.1,76.59861921610913,Palcacocha,4566,0.51,2.1
2025-03-22,3,3.1999999999999997,1.6,75.02785677278501,Palcacocha,4566,0.51,2.1
2025-03-23,3,2.1999999999999997,1.1,82.30261330473772,Palcacocha,4566,0.51,2.1
2025-03-24,3,2.55,1.1,84.11387587263134,Palcacocha,4566,0.51,2.1
2025-03-25,3,1.5499999999999998,0.8,86.34304227703292,Palcacocha,4566,0.51,2.1
2025-03-26,3,2.2,1.6,78.60113214013877,Palcacocha,4566,0.51,2.1
2025-03-27,3,3.45,2.3,76.62027913228657,Palcacocha,4566,0.51,2.1
2025-03-28,3,1.75,1.5,84.90484246069629,Palcacocha,4566,0.51,2.1
2025-03-29,3,2.0999999999999996,1.5,80.59336403430325,Palcacocha,4566,0.51,2.1
2025-03-30,3,3.45,2.7,87.51389909951848,Palcacocha,4566,0.51,2.1
2025-03-31,3,2.35,2.0,82.18126312143427,Palcacocha,4566,0.51,2.1
2025-04-01,4,2.85,1.7,87.14005261075103,Palcacocha,4566,0.51,2.1
2025-04-02,4,1.7999999999999998,1.2,92.82143632347736,Palcacocha,4566,0.51,2.1
2025-04-03,4,2.0,1.7,76.43606173770729,Palcacocha,4566,0.51,2.1
2025-04-04,4,3.1,1.1,80.03875355807997,Palcacocha,4566,0.51,2.1
2025-04-05,4,2.2,1.1,93.82866011248662,Palcacocha,4566,0.51,2.1
2025-04-06,4,3.3,0.9,83.47940811219952,Palcacocha,4566,0.51,2.1
2025-04-07,4,3.3,0.5,91.97806031023093,Palcacocha,4566,0.51,2.1
2025-04-08,4,2.5500000000000003,1.0,83.79000877461542,Palcacocha,4566,0.51,2.1
2025-04-09,4,2.55,1.2,81.20800706177359,Palcacocha,4566,0.51,2.1
2025-04-10,4,3.4,1.4,94.18542651540933,Palcacocha,4566,0.51,2.1
2025-04-11,4,1.2999999999999998,3.8,85.73357658378457,Palcacocha,4566,0.51,2.1
2025-04-12,4,1.5,1.4,91.20394203498586,Palcacocha,4566,0.51,2.1
2025-04-13,4,2.7,1.9,78.88072121402682,Palcacocha,4566,0.51,2.1
2025-04-14,4,2.1500000000000004,4.2,94.22866386500789,Palcacocha,4566,0.51,2.1
2025-04-15,4,2.95,2.1,87.62579289286381,Palcacocha,4566,0.51,2.1
2025-04-16,4,2.8,1.3,75.68944831085955,Palcacocha,4566,0.51,2.1
2025-04-17,4,2.6,1.6,76.97198103648513,Palcacocha,4566,0.51,2.1
2025-04-18,4,1.9999999999999998,1.7,91.7157860081308,Palcacocha,4566,0.51,2.1
2025-04-19,4,2.3,1.0,93.02626956111722,Palcacocha,4566,0.51,2.1
2025-04-20,4,2.75,1.5,81.75661513591348,Palcacocha,4566,0.51,2.1
2025-04-21,4,3.15,0.6,89.46346046187952,Palcacocha,4566,0.51,2.1
2025-04-22,4,2.25,4.1,75.05097655665266,Palcacocha,4566,0.51,2.1
2025-04-23,4,2.6500000000000004,1.2,82.91208106398533,Palcacocha,4566,0.51,2.1
2025-04-24,4,3.35,3.6,84.51007685104565,Palcacocha,4566,0.51,2.1
2025-04-25,4,2.55,2.7,76.51462885756214,Palcacocha,4566,0.51,2.1
2025-04-26,4,1.8499999999999999,1.3,91.95288002370627,Palcacocha,4566,0.51,2.1
2025-04-27,4,1.0499999999999998,1.3,80.4895875587295,Palcacocha,4566,0.51,2.1
2025-04-28,4,2.05,1.0,89.43137139756045,Palcacocha,4566,0.51,2.1
2025-04-29,4,2.1999999999999997,1.8,86.230816369948,Palcacocha,4566,0.51,2.1
2025-04-30,4,2.5999999999999996,2.3,91.94398949372324,Palcacocha,4566,0.51,2.1
2025-05-01,5,1.9,3.2,78.80469720243985,Palcacocha,4566,0.51,2.1
2025-05-02,5,0.55,0.8,88.13031514106684,Palcacocha,4566,0.51,2.1
2025-05-03,5,0.25,0.9,90.29840173863522,Palcacocha,4566,0.51,2.1
2025-05-04,5,1.9999999999999998,0.4,78.01977473307838,Palcacocha,4566,0.51,2.1
2025-05-05,5,2.05,0.8,94.90547984156623,Palcacocha,4566,0.51,2.1
2025-05-06,5,2.1,0.1,79.90600171967924,Palcacocha,4566,0.51,2.1
2025-05-07,5,2.8,0.1,84.27369140662584,Palcacocha,4566,0.51,2.1
2025-05-08,5,3.45,0.0,57.101947083574885,Palcacocha,4566,0.51,2.1
2025-05-09,5,3.4499999999999997,0.0,66.02791879023066,Palcacocha,4566,0.51,2.1
2025-05-10,5,2.0,0.0,50.656167193226324,Palcacocha,4566,0.51,2.1
2025-05-11,5,0.7000000000000001,0.8,94.1008844684281,Palcacocha,4566,0.51,2.1
2025-05-12,5,2.25,0.0,41.65048737257075,Palcacocha,4566,0.51,2.1
2025-05-13,5,2.05,0.0,59.07807617959223,Palcacocha,4566,0.51,2.1
2025-05-14,5,3.1,0.4,75.38416124718937,Palcacocha,4566,0.51,2.1
2025-05-15,5,2.95,0.1,88.44390919656786,Palcacocha,4566,0.51,2.1
2025-05-16,5,1.75,0.6,82.03368576574925,Palcacocha,4566,0.51,2.1
2025-05-17,5,1.5500000000000003,0.4,81.79748171821595,Palcacocha,4566,0.51,2.1
2025-05-18,5,2.5999999999999996,0.8,78.3721569958218,Palcacocha,4566,0.51,2.1
2025-05-19,5,2.5999999999999996,0.4,80.27681542007237,Palcacocha,4566,0.51,2.1
2025-05-20,5,2.5,0.4,87.1301671685649,Palcacocha,4566,0.51,2.1
2025-05-21,5,2.15,0.9,94.82781795694748,Palcacocha,4566,0.51,2.1
2025-05-22,5,2.3499999999999996,0.3,84.42886888722089,Palcacocha,4566,0.51,2.1
2025-05-23,5,3.2,0.4,85.882197632818,Palcacocha,4566,0.51,2.1
2025-05-24,5,2.7,0.9,78.75047251992883,Palcacocha,4566,0.51,2.1
2025-05-25,5,2.0999999999999996,0.4,91.47279273209246,Palcacocha,4566,0.51,2.1
2025-05-26,5,2.4499999999999997,1.0,83.52331623269352,Palcacocha,4566,0.51,2.1
2025-05-27,5,2.5500000000000003,0.2,89.067446377079,Palcacocha,4566,0.51,2.1
2025-05-28,5,3.15,0.3,82.35899486806278,Palcacocha,4566,0.51,2.1
2025-05-29,5,3.25,0.9,75.73530712382531,Palcacocha,4566,0.51,2.1
2025-05-30,5,2.55,2.3,78.9243883022489,Palcacocha,4566,0.51,2.1
2025-05-31,5,2.2,1.9,78.91089468901656,Palcacocha,4566,0.51,2.1
2025-06-01,6,2.75,0.3,88.78150466594056,Palcacocha,4566,0.51,2.1
2025-06-02,6,0.44999999999999996,0.4,90.56857577993607,Palcacocha,4566,0.51,2.1
2025-06-03,6,1.7500000000000002,0.0,48.52103808009471,Palcacocha,4566,0.51,2.1
2025-06-04,6,2.6500000000000004,0.1,89.29117140992979,Palcacocha,4566,0.51,2.1
2025-06-05,6,2.2,0.0,46.86477743546929,Palcacocha,4566,0.51,2.1
2025-06-06,6,2.25,0.0,52.96651172486793,Palcacocha,4566,0.51,2.1
2025-06-07,6,2.1,1.5,78.62804506992047,Palcacocha,4566,0.51,2.1
2025-06-08,6,1.35,0.6,79.68765765172834,Palcacocha,4566,0.51,2.1
2025-06-09,6,1.6,0.5,76.34320045425916,Palcacocha,4566,0.51,2.1
2025-06-10,6,1.8499999999999999,1.4,94.18293591279222,Palcacocha,4566,0.51,2.1
2025-06-11,6,1.3000000000000003,1.3,76.59723862058623,Palcacocha,4566,0.51,2.1
2025-06-12,6,0.44999999999999973,0.3,80.42365203790214,Palcacocha,4566,0.51,2.1
2025-06-13,6,2.7,0.0,62.935754207326376,Palcacocha,4566,0.51,2.1
2025-06-14,6,2.5,0.4,79.21937359709646,Palcacocha,4566,0.51,2.1
2025-06-15,6,1.9500000000000002,2.6,90.15177777423517,Palcacocha,4566,0.51,2.1
2025-06-16,6,1.9,0.3,80.26963089465187,Palcacocha,4566,0.51,2.1
2025-06-17,6,1.2999999999999998,0.6,76.81841060385945,Palcacocha,4566,0.51,2.1
2025-06-18,6,2.3499999999999996,0.4,76.79892618905767,Palcacocha,4566,0.51,2.1
2025-06-19,6,2.4499999999999997,0.0,68.96075970266389,Palcacocha,4566,0.51,2.1
2025-06-20,6,1.5,0.0,45.94496609720733,Palcacocha,4566,0.51,2.1
2025-06-21,6,2.0,0.0,61.43595897728166,Palcacocha,4566,0.51,2.1
2025-06-22,6,3.9000000000000004,0.0,56.841275513288764,Palcacocha,4566,0.51,2.1
2025-06-23,6,3.0,0.2,87.42267737146318,Palcacocha,4566,0.51,2.1
2025-06-24,6,2.3,0.0,47.771949150781,Palcacocha,4566,0.51,2.1
2025-06-25,6,2.8,0.0,47.30342049565931,Palcacocha,4566,0.51,2.1
2025-06-26,6,2.75,0.0,51.70892169705653,Palcacocha,4566,0.51,2.1
2025-06-27,6,1.35,0.4,86.3864965479708,Palcacocha,4566,0.51,2.1
2025-06-28,6,2.15,0.6,92.56849694425797,Palcacocha,4566,0.51,2.1
2025-06-29,6,1.5,0.1,94.0000841364935,Palcacocha,4566,0.51,2.1
2025-06-30,6,1.35,0.0,40.74699679459615,Palcacocha,4566,0.51,2.1
2025-07-01,7,1.0999999999999999,0.0,40.234525364090125,Palcacocha,4566,0.51,2.1
2025-07-02,7,0.7000000000000002,0.0,48.59381163013643,Palcacocha,4566,0.51,2.1
2025-07-03,7,0.3999999999999999,0.0,57.27931097456654,Palcacocha,4566,0.51,2.1
2025-07-04,7,0.6499999999999999,0.0,51.15870465369228,Palcacocha,4566,0.51,2.1
2025-07-05,7,1.0,0.0,40.19736879897438,Palcacocha,4566,0.51,2.1
2025-07-06,7,1.3499999999999999,0.0,40.84157714583134,Palcacocha,4566,0.51,2.1
2025-07-07,7,1.9,0.0,40.37545260483137,Palcacocha,4566,0.51,2.1
2025-07-08,7,1.0499999999999998,0.0,69.88840645388035,Palcacocha,4566,0.51,2.1
2025-07-09,7,1.35,0.0,67.2341041104321,Palcacocha,4566,0.51,2.1
2025-07-10,7,1.1999999999999997,0.0,44.731382863293746,Palcacocha,4566,0.51,2.1
2025-07-11,7,0.9500000000000002,0.0,50.471014194941915,Palcacocha,4566,0.51,2.1
2025-07-12,7,0.25,0.0,42.47384359057093,Palcacocha,4566,0.51,2.1
2025-07-13,7,0.5,0.0,67.14563823546465,Palcacocha,4566,0.51,2.1
2025-07-14,7,1.9500000000000002,0.0,56.66185870555465,Palcacocha,4566,0.51,2.1
2025-07-15,7,2.2,0.0,60.1254014371074,Palcacocha,4566,0.51,2.1
2025-07-16,7,2.5999999999999996,0.0,40.082465928736724,Palcacocha,4566,0.51,2.1
2025-07-17,7,1.0,0.1,91.8419507192208,Palcacocha,4566,0.51,2.1
2025-07-18,7,0.6500000000000001,0.0,60.65322307851352,Palcacocha,4566,0.51,2.1
2025-07-19,7,2.0,0.0,67.73094065056236,Palcacocha,4566,0.51,2.1
2025-07-20,7,1.9500000000000002,0.0,54.20799726584721,Palcacocha,4566,0.51,2.1
2025-07-21,7,1.7999999999999998,0.0,52.837196577158224,Palcacocha,4566,0.51,2.1
2025-07-22,7,1.9000000000000001,0.0,65.70224669697012,Palcacocha,4566,0.51,2.1
2025-07-23,7,1.65,0.0,40.55827309977213,Palcacocha,4566,0.51,2.1
2025-07-24,7,1.2999999999999998,0.0,56.499451790395796,Palcacocha,4566,0.51,2.1
2025-07-25,7,2.5,0.0,62.79651573576435,Palcacocha,4566,0.51,2.1
2025-07-26,7,3.0999999999999996,0.0,49.36844474688878,Palcacocha,4566,0.51,2.1
2025-07-27,7,2.1500000000000004,0.0,51.840282226428926,Palcacocha,4566,0.51,2.1
2025-07-28,7,2.55,1.1,93.44079807512293,Palcacocha,4566,0.51,2.1
2025-07-29,7,2.0999999999999996,0.4,88.41918158071338,Palcacocha,4566,0.51,2.1
2025-07-30,7,2.3,0.2,91.07052729658528,Palcacocha,4566,0.51,2.1
2025-07-31,7,1.7000000000000002,0.0,51.62629208578889,Palcacocha,4566,0.51,2.1
2025-08-01,8,2.1,0.1,86.12546188295427,Palcacocha,4566,0.51,2.1
2025-08-02,8,1.6500000000000001,0.0,58.12612746029267,Palcacocha,4566,0.51,2.1
2025-08-03,8,2.0,0.0,62.64202340413439,Palcacocha,4566,0.51,2.1
2025-08-04,8,1.5,0.0,53.65110659795815,Palcacocha,4566,0.51,2.1
2025-08-05,8,1.0,0.0,57.20235413986322,Palcacocha,4566,0.51,2.1
2025-08-06,8,1.85,0.0,50.041391304638154,Palcacocha,4566,0.51,2.1
2025-08-07,8,3.5,0.0,50.87732292886645,Palcacocha,4566,0.51,2.1
2025-08-08,8,3.9,0.0,61.71534639964942,Palcacocha,4566,0.51,2.1
2025-08-09,8,2.2,0.0,46.72287468421665,Palcacocha,4566,0.51,2.1
2025-08-10,8,1.1,0.0,44.863224272692875,Palcacocha,4566,0.51,2.1
2025-08-11,8,0.8500000000000001,0.0,69.78012139221929,Palcacocha,4566,0.51,2.1
2025-08-12,8,1.95,0.2,94.43854012201359,Palcacocha,4566,0.51,2.1
2025-08-13,8,2.6500000000000004,0.2,75.82648452891318,Palcacocha,4566,0.51,2.1
2025-08-14,8,1.9,0.4,76.22655913721385,Palcacocha,4566,0.51,2.1
2025-08-15,8,-0.15000000000000036,0.5,92.56314059203362,Palcacocha,4566,0.51,2.1
2025-08-16,8,1.35,0.1,85.21766311695595,Palcacocha,4566,0.51,2.1
2025-08-17,8,2.0999999999999996,0.0,59.89478272068597,Palcacocha,4566,0.51,2.1
2025-08-18,8,3.1999999999999997,0.0,54.61569860220397,Palcacocha,4566,0.51,2.1
2025-08-19,8,2.0,1.0,91.80531849349848,Palcacocha,4566,0.51,2.1
2025-08-20,8,2.2,0.0,63.92164343236388,Palcacocha,4566,0.51,2.1
2025-08-21,8,2.55,0.2,87.59903607706161,Palcacocha,4566,0.51,2.1
2025-08-22,8,2.85,0.3,90.30303182916485,Palcacocha,4566,0.51,2.1
2025-08-23,8,1.5,0.2,85.77276798595655,Palcacocha,4566,0.51,2.1
2025-08-24,8,2.25,0.0,44.940502044035554,Palcacocha,4566,0.51,2.1
2025-08-25,8,1.1,0.1,75.50405245422913,Palcacocha,4566,0.51,2.1
2025-08-26,8,1.4999999999999998,0.2,89.95344105484924,Palcacocha,4566,0.51,2.1
2025-08-27,8,1.4500000000000002,0.1,83.883828843151,Palcacocha,4566,0.51,2.1
2025-08-28,8,2.0,0.2,75.45889752795163,Palcacocha,4566,0.51,2.1
2025-08-29,8,2.75,0.0,41.796736078100665,Palcacocha,4566,0.51,2.1
2025-08-30,8,2.35,0.1,78.32847909301228,Palcacocha,4566,0.51,2.1
2025-08-31,8,1.5999999999999999,0.4,85.07644228889107,Palcacocha,4566,0.51,2.1
2025-09-01,9,1.8000000000000003,0.0,55.87522339605679,Palcacocha,4566,0.51,2.1
2025-09-02,9,1.4,0.3,91.7231601087795,Palcacocha,4566,0.51,2.1
2025-09-03,9,1.5499999999999998,0.3,85.87168441057764,Palcacocha,4566,0.51,2.1
2025-09-04,9,1.25,0.1,80.41870982365471,Palcacocha,4566,0.51,2.1
2025-09-05,9,1.6999999999999997,0.3,87.99352166405771,Palcacocha,4566,0.51,2.1
2025-09-06,9,1.25,0.1,83.76787977229662,Palcacocha,4566,0.51,2.1
2025-09-07,9,1.4500000000000002,2.1,81.85937226954096,Palcacocha,4566,0.51,2.1
2025-09-08,9,1.9500000000000002,0.1,86.23441572048735,Palcacocha,4566,0.51,2.1
2025-09-09,9,2.2,0.0,51.7092234714293,Palcacocha,4566,0.51,2.1
2025-09-10,9,2.3000000000000003,0.1,88.44010658720914,Palcacocha,4566,0.51,2.1
2025-09-11,9,2.0,0.1,85.48264951217472,Palcacocha,4566,0.51,2.1
2025-09-12,9,1.5,0.1,86.73105281303647,Palcacocha,4566,0.51,2.1
2025-09-13,9,1.25,0.2,90.13354006013247,Palcacocha,4566,0.51,2.1
2025-09-14,9,1.15,0.0,56.6630669707702,Palcacocha,4566,0.51,2.1
2025-09-15,9,2.45,0.1,78.2555198689141,Palcacocha,4566,0.51,2.1
2025-09-16,9,1.9000000000000001,0.7,79.19894236891543,Palcacocha,4566,0.51,2.1
2025-09-17,9,2.5,0.4,78.3549170331322,Palcacocha,4566,0.51,2.1
2025-09-18,9,1.9500000000000002,0.4,87.12382173519374,Palcacocha,4566,0.51,2.1
2025-09-19,9,2.0,0.2,80.06151307806408,Palcacocha,4566,0.51,2.1
2025-09-20,9,1.9500000000000002,0.1,79.83634312213938,Palcacocha,4566,0.51,2.1
2025-09-21,9,2.4,0.0,50.29930168588967,Palcacocha,4566,0.51,2.1
2025-09-22,9,3.6500000000000004,0.0,49.87106072343934,Palcacocha,4566,0.51,2.1
2025-09-23,9,2.5,0.8,94.00139806677686,Palcacocha,4566,0.51,2.1
2025-09-24,9,0.6000000000000001,0.3,78.99680358817618,Palcacocha,4566,0.51,2.1
2025-09-25,9,3.3,0.2,90.45591126274132,Palcacocha,4566,0.51,2.1
2025-09-26,9,1.5,0.3,79.65713780408997,Palcacocha,4566,0.51,2.1
2025-09-27,9,1.2999999999999998,0.2,89.95603079731603,Palcacocha,4566,0.51,2.1
2025-09-28,9,0.8500000000000001,0.4,82.78760807608074,Palcacocha,4566,0.51,2.1
2025-09-29,9,1.15,0.4,90.752571582991,Palcacocha,4566,0.51,2.1
2025-09-30,9,2.5500000000000003,0.9,88.04616910141772,Palcacocha,4566,0.51,2.1
2025-10-01,10,1.1,0.7,78.57334319234423,Palcacocha,4566,0.51,2.1
2025-10-02,10,0.0,0.4,91.01231802981832,Palcacocha,4566,0.51,2.1
2025-10-03,10,-0.3500000000000001,1.4,82.06714571740144,Palcacocha,4566,0.51,2.1
2025-10-04,10,1.9500000000000002,0.6,81.87940583672615,Palcacocha,4566,0.51,2.1
2025-10-05,10,2.5,0.1,82.74890537686878,Palcacocha,4566,0.51,2.1
2025-10-06,10,3.3499999999999996,0.5,76.50290392138943,Palcacocha,4566,0.51,2.1
2025-10-07,10,1.4,0.5,84.1466250410683,Palcacocha,4566,0.51,2.1
2025-10-08,10,2.0,0.7,94.89679880337195,Palcacocha,4566,0.51,2.1
2025-10-09,10,2.6,1.3,81.86807043827952,Palcacocha,4566,0.51,2.1
2025-10-10,10,1.7,1.6,83.18203240123907,Palcacocha,4566,0.51,2.1
2025-10-11,10,0.7999999999999998,0.7,91.09681847691118,Palcacocha,4566,0.51,2.1
2025-10-12,10,1.0999999999999999,0.6,78.22479286963352,Palcacocha,4566,0.51,2.1
2025-10-13,10,-0.15000000000000013,0.0,57.78937438783508,Palcacocha,4566,0.51,2.1
2025-10-14,10,0.44999999999999973,0.0,68.19587913466093,Palcacocha,4566,0.51,2.1
2025-10-15,10,1.5499999999999998,0.0,64.27485492584303,Palcacocha,4566,0.51,2.1
2025-10-16,10,2.8,0.5,76.47824319907095,Palcacocha,4566,0.51,2.1
2025-10-17,10,2.05,0.3,92.66872886096616,Palcacocha,4566,0.51,2.1
2025-10-18,10,1.75,0.5,92.8671624403999,Palcacocha,4566,0.51,2.1
2025-10-19,10,0.5499999999999998,0.1,77.40278489607469,Palcacocha,4566,0.51,2.1
2025-10-20,10,2.0999999999999996,1.2,77.13550805808293,Palcacocha,4566,0.51,2.1
2025-10-21,10,2.1500000000000004,0.5,75.64921165240739,Palcacocha,4566,0.51,2.1
2025-10-22,10,1.35,0.9,87.53089788816476,Palcacocha,4566,0.51,2.1
2025-10-23,10,0.9500000000000002,0.3,83.82212021439162,Palcacocha,4566,0.51,2.1
2025-10-24,10,1.6500000000000004,1.4,76.42939206360819,Palcacocha,4566,0.51,2.1
2025-10-25,10,1.15,1.9,75.32324441703672,Palcacocha,4566,0.51,2.1
2025-10-26,10,3.35,2.3,87.49073257973319,Palcacocha,4566,0.51,2.1
2025-10-27,10,2.05,4.2,84.82839774136723,Palcacocha,4566,0.51,2.1
2025-10-28,10,2.05,3.6,77.8299726376394,Palcacocha,4566,0.51,2.1
2025-10-29,10,2.0,0.7,87.38592930925753,Palcacocha,4566,0.51,2.1
2025-10-30,10,2.15,0.5,79.76254678909936,Palcacocha,4566,0.51,2.1
2025-10-31,10,2.4,0.4,94.67133146641751,Palcacocha,4566,0.51,2.1
2025-11-01,11,3.9,0.1,93.96144961459437,Palcacocha,4566,0.51,2.1
2025-11-02,11,2.75,2.4,86.99877268944847,Palcacocha,4566,0.51,2.1
2025-11-03,11,2.1,1.7,93.17199139907275,Palcacocha,4566,0.51,2.1
2025-11-04,11,2.35,2.6,89.02090700106761,Palcacocha,4566,0.51,2.1
2025-11-05,11,2.2,0.5,94.12842033997127,Palcacocha,4566,0.51,2.1
2025-11-06,11,1.35,1.1,84.07827561219287,Palcacocha,4566,0.51,2.1
2025-11-07,11,-0.20000000000000018,0.7,79.66117577912259,Palcacocha,4566,0.51,2.1
2025-11-08,11,1.85,0.7,91.53792125893236,Palcacocha,4566,0.51,2.1
2025-11-09,11,3.2,2.2,76.86741668865415,Palcacocha,4566,0.51,2.1
2025-11-10,11,1.9000000000000001,1.2,88.84143041435634,Palcacocha,4566,0.51,2.1
2025-11-11,11,2.4,0.1,83.48615347769822,Palcacocha,4566,0.51,2.1
2025-11-12,11,2.75,2.3,82.3975415597383,Palcacocha,4566,0.51,2.1
2025-11-13,11,2.2,0.1,80.97075908609067,Palcacocha,4566,0.51,2.1
2025-11-14,11,3.3500000000000005,0.2,92.79149009066694,Palcacocha,4566,0.51,2.1
2025-11-15,11,1.6,1.3,84.86100054633435,Palcacocha,4566,0.51,2.1
2025-11-16,11,1.5999999999999999,1.2,93.95998892620376,Palcacocha,4566,0.51,2.1
2025-11-17,11,1.65,0.7,89.77301481678366,Palcacocha,4566,0.51,2.1
2025-11-18,11,0.75,1.8,79.88282665299393,Palcacocha,4566,0.51,2.1
2025-11-19,11,1.65,0.3,91.1640345611652,Palcacocha,4566,0.51,2.1
2025-11-20,11,1.15,0.0,55.576756412898575,Palcacocha,4566,0.51,2.1
2025-11-21,11,3.0999999999999996,0.3,86.34559036812692,Palcacocha,4566,0.51,2.1
2025-11-22,11,3.2,0.6,94.53631912649874,Palcacocha,4566,0.51,2.1
2025-11-23,11,4.3999999999999995,2.7,89.47359695188257,Palcacocha,4566,0.51,2.1
2025-11-24,11,2.6,1.5,76.17359564918995,Palcacocha,4566,0.51,2.1
2025-11-25,11,2.25,1.1,89.1761254013509,Palcacocha,4566,0.51,2.1
2025-11-26,11,3.5,1.0,81.29446159739142,Palcacocha,4566,0.51,2.1
2025-11-27,11,2.5,0.6,92.84813646475857,Palcacocha,4566,0.51,2.1
2025-11-28,11,2.0,0.2,92.61498322920714,Palcacocha,4566,0.51,2.1
2025-11-29,11,2.45,1.0,81.74551922432916,Palcacocha,4566,0.51,2.1
2025-11-30,11,2.3,0.6,77.6402528640362,Palcacocha,4566,0.51,2.1
2025-12-01,12,2.6500000000000004,0.3,78.28323974894107,Palcacocha,4566,0.51,2.1
2025-12-02,12,4.2,0.0,69.5373897253158,Palcacocha,4566,0.51,2.1
2025-12-03,12,3.4,0.0,59.123464533229765,Palcacocha,4566,0.51,2.1
2025-12-04,12,3.0,0.0,43.892362604095325,Palcacocha,4566,0.51,2.1
2025-12-05,12,3.6000000000000005,0.0,62.463945019239084,Palcacocha,4566,0.51,2.1
2025-12-06,12,2.75,0.0,62.54183807516823,Palcacocha,4566,0.51,2.1
2025-12-07,12,3.2,0.0,53.900803939393,Palcacocha,4566,0.51,2.1
2025-12-08,12,1.9500000000000002,0.0,65.12726968517367,Palcacocha,4566,0.51,2.1
2025-12-09,12,3.0,0.2,80.88503657339268,Palcacocha,4566,0.51,2.1
2025-12-10,12,3.35,3.2,82.09894740959864,Palcacocha,4566,0.51,2.1
2025-12-11,12,3.6500000000000004,0.4,81.84421268572625,Palcacocha,4566,0.51,2.1
2025-12-12,12,3.1500000000000004,1.3,79.0061013375366,Palcacocha,4566,0.51,2.1
2025-12-13,12,3.4,0.4,78.9210366665339,Palcacocha,4566,0.51,2.1
2025-12-14,12,2.9499999999999997,0.7,83.05663392149147,Palcacocha,4566,0.51,2.1
2025-12-15,12,2.5999999999999996,0.7,85.85274340875708,Palcacocha,4566,0.51,2.1
2025-12-16,12,2.2,1.5,77.35559057952118,Palcacocha,4566,0.51,2.1
2025-12-17,12,3.0,3.2,75.57847607077414,Palcacocha,4566,0.51,2.1
2025-12-18,12,1.85,0.5,86.23416926174977,Palcacocha,4566,0.51,2.1
2025-12-19,12,3.05,0.2,78.04795237773757,Palcacocha,4566,0.51,2.1
2025-12-20,12,2.95,0.4,94.61339266951285,Palcacocha,4566,0.51,2.1
2025-12-21,12,3.4499999999999997,0.6,89.67556543314153,Palcacocha,4566,0.51,2.1
2025-12-22,12,3.95,0.2,81.74526439301518,Palcacocha,4566,0.51,2.1
2025-12-23,12,4.7,0.0,66.89614779100488,Palcacocha,4566,0.51,2.1
2025-12-24,12,4.65,0.0,63.62750384055483,Palcacocha,4566,0.51,2.1
2025-12-25,12,3.6999999999999997,0.0,55.4749657155872,Palcacocha,4566,0.51,2.1
2025-12-26,12,3.65,0.0,50.7612719594918,Palcacocha,4566,0.51,2.1
2025-12-27,12,3.6500000000000004,0.0,58.59265689347326,Palcacocha,4566,0.51,2.1
2025-12-28,12,2.7,0.1,83.42253436528186,Palcacocha,4566,0.51,2.1
2025-12-29,12,2.9499999999999997,0.8,85.09296696049304,Palcacocha,4566,0.51,2.1
2025-12-30,12,2.55,1.4,82.97295196624165,Palcacocha,4566,0.51,2.1
2025-12-31,12,0.30000000000000004,0.7,80.8956732324513,Palcacocha,4566,0.51,2.1
2026-01-01,1,0.34999999999999987,0.3,81.19562801528237,Palcacocha,4566,0.51,2.1
2026-01-02,1,0.8999999999999999,0.4,78.03930216165224,Palcacocha,4566,0.51,2.1
2026-01-03,1,0.8499999999999999,0.6,92.41807656733364,Palcacocha,4566,0.51,2.1
2026-01-04,1,0.25,0.9,80.3178953328396,Palcacocha,4566,0.51,2.1
2026-01-05,1,1.7000000000000002,0.7,91.88193946012059,Palcacocha,4566,0.51,2.1
2026-01-06,1,2.3000000000000003,1.2,88.00512640327162,Palcacocha,4566,0.51,2.1
2026-01-07,1,2.05,1.0,79.80912232632274,Palcacocha,4566,0.51,2.1
2026-01-08,1,1.0,1.0,82.44331542357405,Palcacocha,4566,0.51,2.1
2026-01-09,1,1.25,0.6,77.69300782960786,Palcacocha,4566,0.51,2.1
2026-01-10,1,1.6500000000000001,1.3,79.38402861504953,Palcacocha,4566,0.51,2.1
2026-01-11,1,1.0,0.9,85.0590821434867,Palcacocha,4566,0.51,2.1
2026-01-12,1,0.6499999999999999,0.8,91.38513899015516,Palcacocha,4566,0.51,2.1
2026-01-13,1,1.0,0.4,89.10062763174189,Palcacocha,4566,0.51,2.1
2026-01-14,1,0.9000000000000001,0.4,79.48112142137794,Palcacocha,4566,0.51,2.1
2026-01-15,1,0.7,0.1,84.27934677052961,Palcacocha,4566,0.51,2.1
2026-01-16,1,1.05,0.4,91.57796822361922,Palcacocha,4566,0.51,2.1
2026-01-17,1,0.5,0.5,89.39321293682853,Palcacocha,4566,0.51,2.1
2026-01-18,1,1.1500000000000001,0.8,81.39267140771439,Palcacocha,4566,0.51,2.1
2026-01-19,1,1.0499999999999998,1.4,80.66196651056266,Palcacocha,4566,0.51,2.1
2026-01-20,1,1.0000000000000002,2.6,89.4258240702527,Palcacocha,4566,0.51,2.1
2026-01-21,1,1.85,0.5,94.14629062564929,Palcacocha,4566,0.51,2.1
2026-01-22,1,1.9499999999999997,1.0,94.68257538059721,Palcacocha,4566,0.51,2.1
2026-01-23,1,3.3,3.0,88.99342806584481,Palcacocha,4566,0.51,2.1
2026-01-24,1,1.65,2.2,76.27771571584279,Palcacocha,4566,0.51,2.1
2026-01-25,1,0.25,1.4,79.35517796287027,Palcacocha,4566,0.51,2.1
2026-01-26,1,2.0999999999999996,1.3,81.4231779546568,Palcacocha,4566,0.51,2.1
2026-01-27,1,2.3000000000000003,4.1,76.08087009457778,Palcacocha,4566,0.51,2.1
2026-01-28,1,2.3,2.7,82.87657949082895,Palcacocha,4566,0.51,2.1
2026-01-29,1,2.0,0.8,79.08722555914923,Palcacocha,4566,0.51,2.1
2026-01-30,1,2.3,1.4,83.09491026586414,Palcacocha,4566,0.51,2.1
2026-01-31,1,2.25,1.3,76.06390637396704,Palcacocha,4566,0.51,2.1
2026-02-01,2,1.1,3.9,83.74738959167661,Palcacocha,4566,0.51,2.1
2026-02-02,2,1.4,1.1,85.15420236016895,Palcacocha,4566,0.51,2.1
2026-02-03,2,1.8000000000000003,1.2,75.03992764883293,Palcacocha,4566,0.51,2.1
2026-02-04,2,0.9000000000000001,1.8,84.17340262619761,Palcacocha,4566,0.51,2.1
2026-02-05,2,2.25,1.2,94.3829900525636,Palcacocha,4566,0.51,2.1
2026-02-06,2,1.0,0.1,84.8749424724121,Palcacocha,4566,0.51,2.1
2026-02-07,2,2.9000000000000004,0.1,88.7847456883124,Palcacocha,4566,0.51,2.1
2026-02-08,2,1.7999999999999998,0.2,94.98777603709127,Palcacocha,4566,0.51,2.1
2026-02-09,2,2.4499999999999997,0.5,79.88143782037068,Palcacocha,4566,0.51,2.1
2026-02-10,2,3.65,0.1,94.25052260244361,Palcacocha,4566,0.51,2.1
2026-02-11,2,2.1,0.8,85.2135858799785,Palcacocha,4566,0.51,2.1
2026-02-12,2,0.8999999999999999,1.0,76.84796955127607,Palcacocha,4566,0.51,2.1
2026-02-13,2,2.3000000000000003,0.8,83.51774367738838,Palcacocha,4566,0.51,2.1
2026-02-14,2,1.45,0.1,87.96251654668423,Palcacocha,4566,0.51,2.1
2026-02-15,2,1.9,0.5,78.4876661671068,Palcacocha,4566,0.51,2.1
2026-02-16,2,1.5999999999999999,0.8,94.9324969524007,Palcacocha,4566,0.51,2.1
2026-02-17,2,1.4499999999999997,0.5,79.20557264656064,Palcacocha,4566,0.51,2.1
2026-02-18,2,1.6,0.2,94.51443527305065,Palcacocha,4566,0.51,2.1
2026-02-19,2,2.0,0.4,83.80222663917813,Palcacocha,4566,0.51,2.1
2026-02-20,2,2.05,0.5,75.42528871958717,Palcacocha,4566,0.51,2.1
2026-02-21,2,2.75,1.1,94.77862655979642,Palcacocha,4566,0.51,2.1
2026-02-22,2,2.6500000000000004,0.9,94.30068104507772,Palcacocha,4566,0.51,2.1
2026-02-23,2,0.8500000000000001,2.1,83.39098794724273,Palcacocha,4566,0.51,2.1
2026-02-24,2,0.6,0.7,82.90655595838064,Palcacocha,4566,0.51,2.1
2026-02-25,2,1.4000000000000001,0.9,77.12940002826004,Palcacocha,4566,0.51,2.1
2026-02-26,2,1.55,0.6,77.77126032521177,Palcacocha,4566,0.51,2.1
2026-02-27,2,0.8999999999999999,0.7,92.12165102912417,Palcacocha,4566,0.51,2.1
2026-02-28,2,1.2000000000000002,0.6,86.20934567744142,Palcacocha,4566,0.51,2.1
2026-03-01,3,2.2,1.3,93.84469620240009,Palcacocha,4566,0.51,2.1
2026-03-02,3,1.65,1.7,83.34047083017028,Palcacocha,4566,0.51,2.1
2026-03-03,3,0.8500000000000001,2.2,90.52295189513693,Palcacocha,4566,0.51,2.1
2026-03-04,3,2.0999999999999996,1.3,92.80656691916275,Palcacocha,4566,0.51,2.1
2026-03-05,3,0.19999999999999973,0.4,77.98751972307055,Palcacocha,4566,0.51,2.1
2026-03-06,3,1.0999999999999999,0.5,87.07413984935239,Palcacocha,4566,0.51,2.1
2026-03-07,3,2.05,2.7,92.73506690018438,Palcacocha,4566,0.51,2.1
2026-03-08,3,1.8,1.4,76.56343490329472,Palcacocha,4566,0.51,2.1
2026-03-09,3,1.55,2.9,93.36999004491052,Palcacocha,4566,0.51,2.1
2026-03-10,3,2.45,3.4,81.85610622139966,Palcacocha,4566,0.51,2.1
2026-03-11,3,1.1,1.0,91.64398387383241,Palcacocha,4566,0.51,2.1
2026-03-12,3,1.65,2.0,80.31619695544855,Palcacocha,4566,0.51,2.1
2026-03-13,3,1.45,1.5,94.10354391887162,Palcacocha,4566,0.51,2.1
2026-03-14,3,0.7000000000000002,2.7,80.01733871019115,Palcacocha,4566,0.51,2.1
2026-03-15,3,0.85,2.4,85.84212338985262,Palcacocha,4566,0.51,2.1
2026-03-16,3,1.7000000000000002,0.9,88.96827258174297,Palcacocha,4566,0.51,2.1
2026-03-17,3,0.1499999999999999,1.8,88.76612196767283,Palcacocha,4566,0.51,2.1
2026-03-18,3,0.19999999999999996,1.3,84.20326050354177,Palcacocha,4566,0.51,2.1
2026-03-19,3,-0.25,0.8,81.36074439087191,Palcacocha,4566,0.51,2.1
2026-03-20,3,-0.5,0.5,84.38687230797561,Palcacocha,4566,0.51,2.1
2026-03-21,3,-0.10000000000000009,0.5,90.93287888843781,Palcacocha,4566,0.51,2.1
2026-03-22,3,1.35,0.2,81.48598676795547,Palcacocha,4566,0.51,2.1
2026-03-23,3,2.75,3.1,84.74266300460428,Palcacocha,4566,0.51,2.1
2026-03-24,3,3.15,0.3,84.22794696070656,Palcacocha,4566,0.51,2.1
2026-03-25,3,3.3,0.4,82.74729511867878,Palcacocha,4566,0.51,2.1
2026-03-26,3,0.34999999999999987,0.1,86.08365065539888,Palcacocha,4566,0.51,2.1
2026-03-27,3,1.7500000000000002,0.8,78.84511769975293,Palcacocha,4566,0.51,2.1
2026-03-28,3,1.15,0.3,93.06354112138656,Palcacocha,4566,0.51,2.1
2026-03-29,3,1.7000000000000002,0.5,87.24564167449287,Palcacocha,4566,0.51,2.1
2026-03-30,3,0.8999999999999999,0.7,91.06945430377965,Palcacocha,4566,0.51,2.1
2026-03-31,3,2.3,1.3,94.07523294967596,Palcacocha,4566,0.51,2.1
2026-04-01,4,2.85,1.1,88.29035348074068,Palcacocha,4566,0.51,2.1
2026-04-02,4,1.3499999999999999,0.4,85.25459486318027,Palcacocha,4566,0.51,2.1
2026-04-03,4,2.9,0.0,40.03121923577054,Palcacocha,4566,0.51,2.1
2026-04-04,4,2.5,0.3,82.96673856271471,Palcacocha,4566,0.51,2.1
2026-04-05,4,2.0,0.9,77.29770548834087,Palcacocha,4566,0.51,2.1
2026-04-06,4,3.75,0.8,92.5448256012787,Palcacocha,4566,0.51,2.1
2026-04-07,4,2.0,0.5,83.29684727708997,Palcacocha,4566,0.51,2.1
2026-04-08,4,1.9,0.5,90.68116950572994,Palcacocha,4566,0.51,2.1
2026-04-09,4,1.65,1.3,91.40344399627365,Palcacocha,4566,0.51,2.1
2026-04-10,4,2.3,2.3,88.56995058562747,Palcacocha,4566,0.51,2.1
2026-04-11,4,3.4,0.8,80.83533247051248,Palcacocha,4566,0.51,2.1
2026-04-12,4,2.65,1.2,85.8856989566787,Palcacocha,4566,0.51,2.1
2026-04-13,4,2.35,1.0,91.10743588576673,Palcacocha,4566,0.51,2.1
2026-04-14,4,1.75,1.4,79.17109822881125,Palcacocha,4566,0.51,2.1
2026-04-15,4,3.2,1.0,78.28349466912526,Palcacocha,4566,0.51,2.1
2026-04-16,4,2.6,2.9,79.0691393153112,Palcacocha,4566,0.51,2.1
2026-04-17,4,2.4000000000000004,2.0,81.41349765788581,Palcacocha,4566,0.51,2.1
2026-04-18,4,2.15,0.9,92.14121642755026,Palcacocha,4566,0.51,2.1
2026-04-19,4,2.15,3.4,86.41303001501814,Palcacocha,4566,0.51,2.1
2026-04-20,4,1.9,0.0,51.08645170683239,Palcacocha,4566,0.51,2.1
2026-04-21,4,2.1,0.0,45.37994136532693,Palcacocha,4566,0.51,2.1
2026-04-22,4,2.6,0.1,88.02784837036033,Palcacocha,4566,0.51,2.1
2026-04-23,4,0.25,0.2,79.96775589547286,Palcacocha,4566,0.51,2.1
2026-04-24,4,-0.5999999999999999,0.0,54.141663190548826,Palcacocha,4566,0.51,2.1
2026-04-25,4,1.55,0.4,85.90029654068124,Palcacocha,4566,0.51,2.1
2026-04-26,4,2.1,0.5,86.33135529834564,Palcacocha,4566,0.51,2.1
2026-04-27,4,2.05,0.7,92.20161969506668,Palcacocha,4566,0.51,2.1
2026-04-28,4,3.05,0.5,86.2795092767594,Palcacocha,4566,0.51,2.1
2026-04-29,4,1.9499999999999997,0.4,86.76050975179893,Palcacocha,4566,0.51,2.1
2026-04-30,4,1.0,0.8,91.56907266693182,Palcacocha,4566,0.51,2.1
2026-05-01,5,1.6,0.6,86.98671293080795,Palcacocha,4566,0.51,2.1
2026-05-02,5,3.1,0.1,78.17554499420672,Palcacocha,4566,0.51,2.1
2026-05-03,5,3.55,0.0,45.78750326974155,Palcacocha,4566,0.51,2.1
2026-05-04,5,1.9000000000000001,0.1,76.45354623885282,Palcacocha,4566,0.51,2.1
2026-05-05,5,2.4,0.2,93.26511435956647,Palcacocha,4566,0.51,2.1
2026-05-06,5,3.0,0.1,90.97035553756288,Palcacocha,4566,0.51,2.1
2026-05-07,5,3.3,0.5,91.60318297594822,Palcacocha,4566,0.51,2.1
2026-05-08,5,3.0999999999999996,0.7,86.29378369134218,Palcacocha,4566,0.51,2.1
2026-05-09,5,2.65,1.1,81.97698860266732,Palcacocha,4566,0.51,2.1
2026-05-10,5,1.0499999999999998,0.0,65.4638575425139,Palcacocha,4566,0.51,2.1
2026-05-11,5,0.7000000000000002,1.3,94.53384087682684,Palcacocha,4566,0.51,2.1
2026-05-12,5,0.20000000000000018,0.0,58.52109796847648,Palcacocha,4566,0.51,2.1
2026-05-13,5,0.0,0.2,77.43792512319472,Palcacocha,4566,0.51,2.1
2026-05-14,5,2.6500000000000004,0.1,79.77261577132782,Palcacocha,4566,0.51,2.1
2026-05-15,5,1.5500000000000003,0.4,87.99485697288658,Palcacocha,4566,0.51,2.1
2026-05-16,5,2.95,0.2,86.97832535588265,Palcacocha,4566,0.51,2.1
2026-05-17,5,2.4,0.2,92.29601007934625,Palcacocha,4566,0.51,2.1
2026-05-18,5,2.25,0.0,64.89537525792774,Palcacocha,4566,0.51,2.1
2026-05-19,5,1.9,0.1,86.529692527945,Palcacocha,4566,0.51,2.1
2026-05-20,5,1.75,0.0,57.440038308771186,Palcacocha,4566,0.51,2.1
2026-05-21,5,2.25,0.0,45.51965106295611,Palcacocha,4566,0.51,2.1
2026-05-22,5,2.7,0.1,84.30242253234034,Palcacocha,4566,0.51,2.1
2026-05-23,5,2.0,0.0,45.99362355799914,Palcacocha,4566,0.51,2.1
2026-05-24,5,2.45,0.0,51.7210482875126,Palcacocha,4566,0.51,2.1
2026-05-25,5,2.55,0.0,58.18939326270508,Palcacocha,4566,0.51,2.1
2026-05-26,5,0.1499999999999999,0.0,65.98769197871765,Palcacocha,4566,0.51,2.1
2026-05-27,5,1.25,0.0,49.149613329067314,Palcacocha,4566,0.51,2.1
2026-05-28,5,2.45,0.0,58.115738730750714,Palcacocha,4566,0.51,2.1
2026-05-29,5,2.2,0.1,80.46273819076976,Palcacocha,4566,0.51,2.1
2026-05-30,5,1.7,0.2,75.33506582320321,Palcacocha,4566,0.51,2.1
2026-05-31,5,2.05,0.7,94.56405166647639,Palcacocha,4566,0.51,2.1
2026-06-01,6,0.9500000000000002,0.0,43.514935429908604,Palcacocha,4566,0.51,2.1
2026-06-02,6,2.45,0.0,64.99411332624584,Palcacocha,4566,0.51,2.1
2026-06-03,6,3.15,0.0,46.55235267514202,Palcacocha,4566,0.51,2.1
2026-06-04,6,2.1999999999999997,0.0,48.5721191359838,Palcacocha,4566,0.51,2.1
2026-06-05,6,1.5500000000000003,0.1,87.22350682470233,Palcacocha,4566,0.51,2.1
2026-06-06,6,1.75,0.0,47.299756621331895,Palcacocha,4566,0.51,2.1
2026-06-07,6,2.3,0.0,66.16575169720242,Palcacocha,4566,0.51,2.1
2026-06-08,6,1.65,0.0,68.28682672292766,Palcacocha,4566,0.51,2.1
2026-06-09,6,1.0999999999999999,0.0,45.80159925772125,Palcacocha,4566,0.51,2.1
2026-06-10,6,1.4,0.0,53.25633896391424,Palcacocha,4566,0.51,2.1
2026-06-11,6,4.1,0.0,41.04877519027524,Palcacocha,4566,0.51,2.1
2026-06-12,6,3.8999999999999995,0.4,78.60908736897971,Palcacocha,4566,0.51,2.1
2026-06-13,6,2.2,0.3,78.09645727649024,Palcacocha,4566,0.51,2.1
2026-06-14,6,0.9500000000000002,0.1,81.59592421634322,Palcacocha,4566,0.51,2.1
2026-06-15,6,-0.9500000000000002,0.0,55.09631595337953,Palcacocha,4566,0.51,2.1
2023-06-16,6,2.7,2.7,81.13733170791991,Thorthormi,4428,1.28,3.8
2023-06-17,6,3.45,3.8,94.3274161135202,Thorthormi,4428,1.28,3.8
2023-06-18,6,2.6,2.3,78.5277642002388,Thorthormi,4428,1.28,3.8
2023-06-19,6,2.7,2.0,93.94017005254729,Thorthormi,4428,1.28,3.8
2023-06-20,6,4.7,4.3,86.41720888028422,Thorthormi,4428,1.28,3.8
2023-06-21,6,3.1999999999999997,2.3,92.3195554710763,Thorthormi,4428,1.28,3.8
2023-06-22,6,0.5,3.6,94.44212866451517,Thorthormi,4428,1.28,3.8
2023-06-23,6,4.35,2.7,93.16235702101497,Thorthormi,4428,1.28,3.8
2023-06-24,6,4.449999999999999,5.5,85.36623217865181,Thorthormi,4428,1.28,3.8
2023-06-25,6,3.7500000000000004,3.6,89.15488214443133,Thorthormi,4428,1.28,3.8
2023-06-26,6,2.6,5.1,94.54192238597012,Thorthormi,4428,1.28,3.8
2023-06-27,6,3.9499999999999997,13.3,85.16582443580904,Thorthormi,4428,1.28,3.8
2023-06-28,6,3.75,7.5,84.89883447292124,Thorthormi,4428,1.28,3.8
2023-06-29,6,4.05,3.0,92.69231477998251,Thorthormi,4428,1.28,3.8
2023-06-30,6,4.9,4.0,90.65583243003297,Thorthormi,4428,1.28,3.8
2023-07-01,7,5.45,4.3,76.93326787433388,Thorthormi,4428,1.28,3.8
2023-07-02,7,4.95,5.4,87.4661953928692,Thorthormi,4428,1.28,3.8
2023-07-03,7,5.5,3.7,77.20171005984218,Thorthormi,4428,1.28,3.8
2023-07-04,7,5.55,5.7,81.97805779591923,Thorthormi,4428,1.28,3.8
2023-07-05,7,4.6,8.3,75.34270401206025,Thorthormi,4428,1.28,3.8
2023-07-06,7,5.4,7.9,94.62908885763488,Thorthormi,4428,1.28,3.8
2023-07-07,7,5.449999999999999,7.9,84.30454742668944,Thorthormi,4428,1.28,3.8
2023-07-08,7,5.85,5.6,88.40256784603608,Thorthormi,4428,1.28,3.8
2023-07-09,7,6.4,9.7,83.29872272173462,Thorthormi,4428,1.28,3.8
2023-07-10,7,6.699999999999999,3.4,89.12673458647176,Thorthormi,4428,1.28,3.8
2023-07-11,7,6.5,7.7,80.16589118506542,Thorthormi,4428,1.28,3.8
2023-07-12,7,3.9000000000000004,28.9,76.72064024088604,Thorthormi,4428,1.28,3.8
2023-07-13,7,4.1,12.4,94.17903411291425,Thorthormi,4428,1.28,3.8
2023-07-14,7,5.449999999999999,3.2,84.09173137180049,Thorthormi,4428,1.28,3.8
2023-07-15,7,6.699999999999999,4.1,83.84249161840624,Thorthormi,4428,1.28,3.8
2023-07-16,7,5.95,10.7,88.56221025811334,Thorthormi,4428,1.28,3.8
2023-07-17,7,5.35,10.5,76.73670628875334,Thorthormi,4428,1.28,3.8
2023-07-18,7,4.5,8.9,91.41733471401275,Thorthormi,4428,1.28,3.8
2023-07-19,7,5.35,7.5,78.9522563999042,Thorthormi,4428,1.28,3.8
2023-07-20,7,6.2,7.9,79.89084097484516,Thorthormi,4428,1.28,3.8
2023-07-21,7,4.1000000000000005,9.0,85.11397281191032,Thorthormi,4428,1.28,3.8
2023-07-22,7,5.75,7.5,94.35459684060143,Thorthormi,4428,1.28,3.8
2023-07-23,7,4.9,5.1,75.85987514079058,Thorthormi,4428,1.28,3.8
2023-07-24,7,3.7,12.2,90.25705090501181,Thorthormi,4428,1.28,3.8
2023-07-25,7,3.8000000000000003,7.8,80.79601621897372,Thorthormi,4428,1.28,3.8
2023-07-26,7,4.55,6.3,94.43770879562766,Thorthormi,4428,1.28,3.8
2023-07-27,7,4.75,10.3,80.5859878354016,Thorthormi,4428,1.28,3.8
2023-07-28,7,5.15,13.8,83.37495651378418,Thorthormi,4428,1.28,3.8
2023-07-29,7,5.949999999999999,3.2,77.10530279565644,Thorthormi,4428,1.28,3.8
2023-07-30,7,6.05,0.9,78.05647063200767,Thorthormi,4428,1.28,3.8
2023-07-31,7,6.0,2.1,83.05468956508972,Thorthormi,4428,1.28,3.8
2023-08-01,8,6.25,3.3,91.04550101050197,Thorthormi,4428,1.28,3.8
2023-08-02,8,6.6,7.0,76.43139402182652,Thorthormi,4428,1.28,3.8
2023-08-03,8,5.449999999999999,1.9,94.08763033865579,Thorthormi,4428,1.28,3.8
2023-08-04,8,5.85,8.5,91.40890376881316,Thorthormi,4428,1.28,3.8
2023-08-05,8,5.65,13.8,84.82037621806585,Thorthormi,4428,1.28,3.8
2023-08-06,8,6.5,6.8,85.05745057076233,Thorthormi,4428,1.28,3.8
2023-08-07,8,6.800000000000001,11.1,79.48245278985657,Thorthormi,4428,1.28,3.8
2023-08-08,8,6.800000000000001,7.3,82.30807754404853,Thorthormi,4428,1.28,3.8
2023-08-09,8,6.300000000000001,3.2,77.50321173922018,Thorthormi,4428,1.28,3.8
2023-08-10,8,5.9,2.9,81.17043145187029,Thorthormi,4428,1.28,3.8
2023-08-11,8,5.5,3.1,91.48120293713751,Thorthormi,4428,1.28,3.8
2023-08-12,8,5.55,1.7,92.06341441256595,Thorthormi,4428,1.28,3.8
2023-08-13,8,4.9,14.9,80.42740950488678,Thorthormi,4428,1.28,3.8
2023-08-14,8,6.3,0.9,77.81257939664316,Thorthormi,4428,1.28,3.8
2023-08-15,8,5.6,1.3,88.52259773139241,Thorthormi,4428,1.28,3.8
2023-08-16,8,5.1,6.3,90.02680061101117,Thorthormi,4428,1.28,3.8
2023-08-17,8,4.6499999999999995,3.6,90.47057028032819,Thorthormi,4428,1.28,3.8
2023-08-18,8,5.7,1.2,86.25944852654335,Thorthormi,4428,1.28,3.8
2023-08-19,8,7.2,4.1,76.45537758849571,Thorthormi,4428,1.28,3.8
2023-08-20,8,6.0,11.3,91.92346052364022,Thorthormi,4428,1.28,3.8
2023-08-21,8,6.35,6.7,82.89830058851277,Thorthormi,4428,1.28,3.8
2023-08-22,8,5.1000000000000005,9.9,81.1241036426281,Thorthormi,4428,1.28,3.8
2023-08-23,8,4.75,14.0,91.61220257846273,Thorthormi,4428,1.28,3.8
2023-08-24,8,3.15,25.5,86.28651634317335,Thorthormi,4428,1.28,3.8
2023-08-25,8,3.5,23.6,88.26669987081428,Thorthormi,4428,1.28,3.8
2023-08-26,8,4.4,11.0,83.8005081992386,Thorthormi,4428,1.28,3.8
2023-08-27,8,4.8999999999999995,4.7,76.79996654604948,Thorthormi,4428,1.28,3.8
2023-08-28,8,3.35,4.8,90.2493784299967,Thorthormi,4428,1.28,3.8
2023-08-29,8,4.15,2.1,89.62948530139624,Thorthormi,4428,1.28,3.8
2023-08-30,8,4.5,3.1,91.1076365170974,Thorthormi,4428,1.28,3.8
2023-08-31,8,3.8,4.6,91.34546017357914,Thorthormi,4428,1.28,3.8
2023-09-01,9,3.5000000000000004,0.8,86.5777272109646,Thorthormi,4428,1.28,3.8
2023-09-02,9,4.6,0.7,81.6274058780645,Thorthormi,4428,1.28,3.8
2023-09-03,9,1.6499999999999995,2.6,93.57489474591006,Thorthormi,4428,1.28,3.8
2023-09-04,9,2.6499999999999995,1.4,91.91916166597846,Thorthormi,4428,1.28,3.8
2023-09-05,9,1.4500000000000002,0.6,83.18814015539905,Thorthormi,4428,1.28,3.8
2023-09-06,9,2.3499999999999996,1.7,90.6042764139793,Thorthormi,4428,1.28,3.8
2023-09-07,9,4.35,3.8,90.10124707547985,Thorthormi,4428,1.28,3.8
2023-09-08,9,3.6,4.3,77.31826433957578,Thorthormi,4428,1.28,3.8
2023-09-09,9,4.8,1.0,85.54478583575025,Thorthormi,4428,1.28,3.8
2023-09-10,9,3.5,1.3,86.79654645467005,Thorthormi,4428,1.28,3.8
2023-09-11,9,4.0,2.1,78.79351748093654,Thorthormi,4428,1.28,3.8
2023-09-12,9,4.1499999999999995,4.2,81.44638472169876,Thorthormi,4428,1.28,3.8
2023-09-13,9,4.199999999999999,0.9,89.36506014131504,Thorthormi,4428,1.28,3.8
2023-09-14,9,4.1499999999999995,0.9,84.78941409448174,Thorthormi,4428,1.28,3.8
2023-09-15,9,2.0500000000000003,1.5,90.98040492839633,Thorthormi,4428,1.28,3.8
2023-09-16,9,0.8500000000000001,0.1,88.67879271267846,Thorthormi,4428,1.28,3.8
2023-09-17,9,1.6,0.3,82.81409258595808,Thorthormi,4428,1.28,3.8
2023-09-18,9,0.5999999999999996,0.0,67.35003083039146,Thorthormi,4428,1.28,3.8
2023-09-19,9,1.9999999999999996,0.2,77.64254691764785,Thorthormi,4428,1.28,3.8
2023-09-20,9,2.9,1.0,76.48967824249853,Thorthormi,4428,1.28,3.8
2023-09-21,9,2.1500000000000004,4.5,92.49466783060554,Thorthormi,4428,1.28,3.8
2023-09-22,9,2.35,7.2,84.56860861719903,Thorthormi,4428,1.28,3.8
2023-09-23,9,0.8,3.1,83.64739587566365,Thorthormi,4428,1.28,3.8
2023-09-24,9,0.65,1.6,90.68393289376647,Thorthormi,4428,1.28,3.8
2023-09-25,9,0.3999999999999999,0.6,86.67150171784805,Thorthormi,4428,1.28,3.8
2023-09-26,9,1.75,0.0,48.93887512951307,Thorthormi,4428,1.28,3.8
2023-09-27,9,0.25,0.0,42.02686545654598,Thorthormi,4428,1.28,3.8
2023-09-28,9,1.2999999999999998,0.0,53.95349337237643,Thorthormi,4428,1.28,3.8
2023-09-29,9,0.9499999999999997,0.0,68.25010911033235,Thorthormi,4428,1.28,3.8
2023-09-30,9,0.6499999999999999,1.0,78.3426499930561,Thorthormi,4428,1.28,3.8
2023-10-01,10,2.05,0.9,85.14977704525725,Thorthormi,4428,1.28,3.8
2023-10-02,10,4.05,4.3,77.46613284530187,Thorthormi,4428,1.28,3.8
2023-10-03,10,2.6,5.0,76.72644896100104,Thorthormi,4428,1.28,3.8
2023-10-04,10,0.34999999999999987,5.7,93.53522390617604,Thorthormi,4428,1.28,3.8
2023-10-05,10,1.9499999999999997,2.5,81.94641955471214,Thorthormi,4428,1.28,3.8
2023-10-06,10,1.0,0.8,88.21815002955782,Thorthormi,4428,1.28,3.8
2023-10-07,10,-0.9500000000000002,0.9,90.26806130585807,Thorthormi,4428,1.28,3.8
2023-10-08,10,2.35,0.9,75.08632124146884,Thorthormi,4428,1.28,3.8
2023-10-09,10,1.1999999999999997,0.3,80.19158283981533,Thorthormi,4428,1.28,3.8
2023-10-10,10,-1.2999999999999998,1.7,76.94502354281896,Thorthormi,4428,1.28,3.8
2023-10-11,10,-1.0999999999999999,2.5,85.71963970108678,Thorthormi,4428,1.28,3.8
2023-10-12,10,-4.0,0.5,76.92573598201363,Thorthormi,4428,1.28,3.8
2023-10-13,10,-5.35,0.0,42.205593724583274,Thorthormi,4428,1.28,3.8
2023-10-14,10,-6.5,0.0,55.32907623209395,Thorthormi,4428,1.28,3.8
2023-10-15,10,-5.8,0.8,94.30252050841187,Thorthormi,4428,1.28,3.8
2023-10-16,10,-5.25,0.2,78.01390409019997,Thorthormi,4428,1.28,3.8
2023-10-17,10,-5.05,0.0,52.392990248975785,Thorthormi,4428,1.28,3.8
2023-10-18,10,-8.05,0.7,90.92602873139533,Thorthormi,4428,1.28,3.8
2023-10-19,10,-5.95,1.2,92.14791348954643,Thorthormi,4428,1.28,3.8
2023-10-20,10,-7.949999999999999,0.4,77.4904252325472,Thorthormi,4428,1.28,3.8
2023-10-21,10,-8.45,0.0,46.93876593028323,Thorthormi,4428,1.28,3.8
2023-10-22,10,-9.3,0.0,45.05099312874713,Thorthormi,4428,1.28,3.8
2023-10-23,10,-9.65,0.0,62.5218031330908,Thorthormi,4428,1.28,3.8
2023-10-24,10,-10.2,0.0,49.39455824189851,Thorthormi,4428,1.28,3.8
2023-10-25,10,-8.9,0.0,53.030495703848416,Thorthormi,4428,1.28,3.8
2023-10-26,10,-10.25,0.1,90.55064186383734,Thorthormi,4428,1.28,3.8
2023-10-27,10,-9.600000000000001,0.0,53.057067057435425,Thorthormi,4428,1.28,3.8
2023-10-28,10,-8.1,0.0,44.53805713172149,Thorthormi,4428,1.28,3.8
2023-10-29,10,-8.35,0.2,90.62981295172493,Thorthormi,4428,1.28,3.8
2023-10-30,10,-7.25,0.4,82.8740045472641,Thorthormi,4428,1.28,3.8
2023-10-31,10,-9.2,0.2,94.94110855197846,Thorthormi,4428,1.28,3.8
2023-11-01,11,-8.5,0.1,89.25533845001414,Thorthormi,4428,1.28,3.8
2023-11-02,11,-9.15,0.2,83.74504636280457,Thorthormi,4428,1.28,3.8
2023-11-03,11,-10.45,0.1,78.04338220891437,Thorthormi,4428,1.28,3.8
2023-11-04,11,-12.15,0.7,81.10967162603907,Thorthormi,4428,1.28,3.8
2023-11-05,11,-11.05,0.1,80.50227111626326,Thorthormi,4428,1.28,3.8
2023-11-06,11,-10.6,0.0,53.260224597744156,Thorthormi,4428,1.28,3.8
2023-11-07,11,-10.9,0.2,94.43846061750943,Thorthormi,4428,1.28,3.8
2023-11-08,11,-10.35,0.3,79.60067077356028,Thorthormi,4428,1.28,3.8
2023-11-09,11,-11.299999999999999,0.7,81.15282609337878,Thorthormi,4428,1.28,3.8
2023-11-10,11,-10.15,0.2,78.29211376032552,Thorthormi,4428,1.28,3.8
2023-11-11,11,-8.799999999999999,0.0,67.03989134076582,Thorthormi,4428,1.28,3.8
2023-11-12,11,-11.2,0.0,68.26513526813676,Thorthormi,4428,1.28,3.8
2023-11-13,11,-11.35,0.0,55.91332452669612,Thorthormi,4428,1.28,3.8
2023-11-14,11,-9.15,0.0,67.74582788565603,Thorthormi,4428,1.28,3.8
2023-11-15,11,-8.399999999999999,0.0,57.03758961852814,Thorthormi,4428,1.28,3.8
2023-11-16,11,-9.55,0.0,67.6400173209875,Thorthormi,4428,1.28,3.8
2023-11-17,11,-10.5,0.0,54.60939216173958,Thorthormi,4428,1.28,3.8
2023-11-18,11,-8.9,0.0,68.34504908464802,Thorthormi,4428,1.28,3.8
2023-11-19,11,-8.7,0.0,49.452036202746264,Thorthormi,4428,1.28,3.8
2023-11-20,11,-6.8999999999999995,0.0,59.594450111705186,Thorthormi,4428,1.28,3.8
2023-11-21,11,-8.95,0.0,56.33309157371687,Thorthormi,4428,1.28,3.8
2023-11-22,11,-11.95,0.0,51.10174081146364,Thorthormi,4428,1.28,3.8
2023-11-23,11,-13.15,0.0,46.31250591123607,Thorthormi,4428,1.28,3.8
2023-11-24,11,-13.2,0.0,56.814661520678555,Thorthormi,4428,1.28,3.8
2023-11-25,11,-11.9,0.0,50.406419159404805,Thorthormi,4428,1.28,3.8
2023-11-26,11,-10.65,0.0,69.56766999280438,Thorthormi,4428,1.28,3.8
2023-11-27,11,-9.1,0.0,63.70745126019858,Thorthormi,4428,1.28,3.8
2023-11-28,11,-9.549999999999999,0.0,66.821428502602,Thorthormi,4428,1.28,3.8
2023-11-29,11,-11.45,0.0,69.72850824278261,Thorthormi,4428,1.28,3.8
2023-11-30,11,-13.1,0.3,84.4154659057528,Thorthormi,4428,1.28,3.8
2023-12-01,12,-10.4,1.1,89.67899835849916,Thorthormi,4428,1.28,3.8
2023-12-02,12,-10.1,1.6,88.53698154797972,Thorthormi,4428,1.28,3.8
2023-12-03,12,-12.5,0.2,79.36513646742802,Thorthormi,4428,1.28,3.8
2023-12-04,12,-10.4,0.0,61.77934604092215,Thorthormi,4428,1.28,3.8
2023-12-05,12,-10.950000000000001,0.0,43.10746359213811,Thorthormi,4428,1.28,3.8
2023-12-06,12,-9.35,0.0,51.8136440678487,Thorthormi,4428,1.28,3.8
2023-12-07,12,-9.75,0.3,75.76456665719512,Thorthormi,4428,1.28,3.8
2023-12-08,12,-9.9,1.2,82.0692502726958,Thorthormi,4428,1.28,3.8
2023-12-09,12,-11.399999999999999,0.0,60.54861978421319,Thorthormi,4428,1.28,3.8
2023-12-10,12,-10.85,0.1,83.96934789193678,Thorthormi,4428,1.28,3.8
2023-12-11,12,-12.8,0.5,80.8469778305199,Thorthormi,4428,1.28,3.8
2023-12-12,12,-11.6,2.0,88.08083645701689,Thorthormi,4428,1.28,3.8
2023-12-13,12,-16.5,0.3,81.7571434395596,Thorthormi,4428,1.28,3.8
2023-12-14,12,-13.700000000000001,0.0,54.649135780568606,Thorthormi,4428,1.28,3.8
2023-12-15,12,-9.65,0.0,59.174461762080284,Thorthormi,4428,1.28,3.8
2023-12-16,12,-8.75,0.0,65.44626929580089,Thorthormi,4428,1.28,3.8
2023-12-17,12,-9.049999999999999,0.0,69.97381442305144,Thorthormi,4428,1.28,3.8
2023-12-18,12,-12.5,0.0,69.30392938828868,Thorthormi,4428,1.28,3.8
2023-12-19,12,-11.0,0.0,63.927095675706795,Thorthormi,4428,1.28,3.8
2023-12-20,12,-11.85,0.0,63.62189151776934,Thorthormi,4428,1.28,3.8
2023-12-21,12,-10.3,0.0,40.78336226959861,Thorthormi,4428,1.28,3.8
2023-12-22,12,-11.15,0.0,46.19537194730371,Thorthormi,4428,1.28,3.8
2023-12-23,12,-10.1,0.1,76.78916855947277,Thorthormi,4428,1.28,3.8
2023-12-24,12,-13.049999999999999,0.0,52.074747527361076,Thorthormi,4428,1.28,3.8
2023-12-25,12,-14.45,0.0,64.486980202997,Thorthormi,4428,1.28,3.8
2023-12-26,12,-12.8,0.0,54.94979084411535,Thorthormi,4428,1.28,3.8
2023-12-27,12,-13.8,0.0,55.47669233903246,Thorthormi,4428,1.28,3.8
2023-12-28,12,-14.25,0.0,51.759043500458475,Thorthormi,4428,1.28,3.8
2023-12-29,12,-15.35,0.0,65.96258636495607,Thorthormi,4428,1.28,3.8
2023-12-30,12,-15.950000000000001,0.0,59.64901526969106,Thorthormi,4428,1.28,3.8
2023-12-31,12,-14.95,0.0,48.98818627307736,Thorthormi,4428,1.28,3.8
2024-01-01,1,-15.8,0.0,66.14390295446343,Thorthormi,4428,1.28,3.8
2024-01-02,1,-18.2,0.0,57.45413114411402,Thorthormi,4428,1.28,3.8
2024-01-03,1,-16.85,0.0,46.741640221595745,Thorthormi,4428,1.28,3.8
2024-01-04,1,-17.200000000000003,0.0,60.466848243686364,Thorthormi,4428,1.28,3.8
2024-01-05,1,-17.9,0.0,58.04378516799676,Thorthormi,4428,1.28,3.8
2024-01-06,1,-15.6,0.0,57.56380527669676,Thorthormi,4428,1.28,3.8
2024-01-07,1,-14.15,0.0,52.59684459088386,Thorthormi,4428,1.28,3.8
2024-01-08,1,-13.049999999999999,0.0,43.25634280931417,Thorthormi,4428,1.28,3.8
2024-01-09,1,-12.9,0.0,56.25831075565396,Thorthormi,4428,1.28,3.8
2024-01-10,1,-11.75,0.0,40.46859743314796,Thorthormi,4428,1.28,3.8
2024-01-11,1,-13.1,0.0,67.71053075402136,Thorthormi,4428,1.28,3.8
2024-01-12,1,-14.45,0.0,67.1011994498528,Thorthormi,4428,1.28,3.8
2024-01-13,1,-13.45,0.0,52.00218974579436,Thorthormi,4428,1.28,3.8
2024-01-14,1,-14.3,0.0,62.275469235984005,Thorthormi,4428,1.28,3.8
2024-01-15,1,-16.85,0.0,48.77538616165917,Thorthormi,4428,1.28,3.8
2024-01-16,1,-16.85,0.0,40.244537667299724,Thorthormi,4428,1.28,3.8
2024-01-17,1,-15.95,0.0,69.66477778040563,Thorthormi,4428,1.28,3.8
2024-01-18,1,-16.6,0.0,43.38850926240609,Thorthormi,4428,1.28,3.8
2024-01-19,1,-17.0,0.0,65.65618621744227,Thorthormi,4428,1.28,3.8
2024-01-20,1,-14.75,0.0,64.30952311579634,Thorthormi,4428,1.28,3.8
2024-01-21,1,-14.850000000000001,0.0,53.1510774202791,Thorthormi,4428,1.28,3.8
2024-01-22,1,-14.5,0.0,55.66187725896924,Thorthormi,4428,1.28,3.8
2024-01-23,1,-14.149999999999999,0.1,86.59940921176161,Thorthormi,4428,1.28,3.8
2024-01-24,1,-16.05,0.2,86.08391499015659,Thorthormi,4428,1.28,3.8
2024-01-25,1,-17.0,0.0,48.46230687766177,Thorthormi,4428,1.28,3.8
2024-01-26,1,-19.45,0.0,52.360750823644274,Thorthormi,4428,1.28,3.8
2024-01-27,1,-17.6,0.1,76.67630236625841,Thorthormi,4428,1.28,3.8
2024-01-28,1,-18.9,0.0,61.40113056162459,Thorthormi,4428,1.28,3.8
2024-01-29,1,-18.1,0.0,55.31051672468243,Thorthormi,4428,1.28,3.8
2024-01-30,1,-16.85,0.1,86.15158904465255,Thorthormi,4428,1.28,3.8
2024-01-31,1,-18.05,0.1,78.34571775236923,Thorthormi,4428,1.28,3.8
2024-02-01,2,-17.0,0.6,78.61034477269129,Thorthormi,4428,1.28,3.8
2024-02-02,2,-14.399999999999999,0.3,75.57776309852478,Thorthormi,4428,1.28,3.8
2024-02-03,2,-15.05,0.0,62.773001666702,Thorthormi,4428,1.28,3.8
2024-02-04,2,-15.049999999999999,0.7,75.49488816651045,Thorthormi,4428,1.28,3.8
2024-02-05,2,-12.649999999999999,0.4,88.11953357278314,Thorthormi,4428,1.28,3.8
2024-02-06,2,-12.85,0.1,77.085011746896,Thorthormi,4428,1.28,3.8
2024-02-07,2,-10.45,0.2,87.10360790065323,Thorthormi,4428,1.28,3.8
2024-02-08,2,-14.149999999999999,0.1,90.39001665290296,Thorthormi,4428,1.28,3.8
2024-02-09,2,-15.1,0.0,49.49982136972992,Thorthormi,4428,1.28,3.8
2024-02-10,2,-16.45,0.0,59.69400032296366,Thorthormi,4428,1.28,3.8
2024-02-11,2,-17.4,0.0,62.279457149978754,Thorthormi,4428,1.28,3.8
2024-02-12,2,-16.8,0.0,42.45805126505271,Thorthormi,4428,1.28,3.8
2024-02-13,2,-14.549999999999999,0.4,90.98709023114552,Thorthormi,4428,1.28,3.8
2024-02-14,2,-11.85,1.6,75.03462151033067,Thorthormi,4428,1.28,3.8
2024-02-15,2,-14.5,0.6,86.1600018850679,Thorthormi,4428,1.28,3.8
2024-02-16,2,-17.2,0.0,41.768564855557656,Thorthormi,4428,1.28,3.8
2024-02-17,2,-15.299999999999999,0.0,48.45689311997732,Thorthormi,4428,1.28,3.8
2024-02-18,2,-14.2,0.0,45.01129606990061,Thorthormi,4428,1.28,3.8
2024-02-19,2,-11.05,0.5,83.05018652481502,Thorthormi,4428,1.28,3.8
2024-02-20,2,-10.3,0.0,64.52490429786323,Thorthormi,4428,1.28,3.8
2024-02-21,2,-12.0,0.8,94.92159453362822,Thorthormi,4428,1.28,3.8
2024-02-22,2,-10.75,0.8,75.19678642219843,Thorthormi,4428,1.28,3.8
2024-02-23,2,-11.850000000000001,0.1,88.29715869300128,Thorthormi,4428,1.28,3.8
2024-02-24,2,-15.0,0.0,65.70670218452696,Thorthormi,4428,1.28,3.8
2024-02-25,2,-15.350000000000001,0.0,56.544615538141436,Thorthormi,4428,1.28,3.8
2024-02-26,2,-11.25,0.0,46.563851140102095,Thorthormi,4428,1.28,3.8
2024-02-27,2,-11.75,0.6,85.72639619654194,Thorthormi,4428,1.28,3.8
2024-02-28,2,-9.95,0.3,87.30570010978565,Thorthormi,4428,1.28,3.8
2024-02-29,2,-12.049999999999999,0.0,53.41830609552968,Thorthormi,4428,1.28,3.8
2024-03-01,3,-11.049999999999999,0.0,52.79580574749324,Thorthormi,4428,1.28,3.8
2024-03-02,3,-11.25,0.6,89.28810886889521,Thorthormi,4428,1.28,3.8
2024-03-03,3,-10.950000000000001,1.8,90.54536194432445,Thorthormi,4428,1.28,3.8
2024-03-04,3,-7.35,2.3,83.03746333265573,Thorthormi,4428,1.28,3.8
2024-03-05,3,-8.45,0.8,87.08894949061944,Thorthormi,4428,1.28,3.8
2024-03-06,3,-11.45,0.2,82.60602423622413,Thorthormi,4428,1.28,3.8
2024-03-07,3,-9.9,0.4,78.96521473626903,Thorthormi,4428,1.28,3.8
2024-03-08,3,-8.05,0.9,75.88851592526079,Thorthormi,4428,1.28,3.8
2024-03-09,3,-11.9,0.8,75.59614977829004,Thorthormi,4428,1.28,3.8
2024-03-10,3,-10.200000000000001,0.0,52.05556020050685,Thorthormi,4428,1.28,3.8
2024-03-11,3,-9.85,1.4,85.19764914072043,Thorthormi,4428,1.28,3.8
2024-03-12,3,-8.2,1.2,92.4294515139553,Thorthormi,4428,1.28,3.8
2024-03-13,3,-8.7,0.5,89.67542503277886,Thorthormi,4428,1.28,3.8
2024-03-14,3,-7.1,1.0,81.72400432078769,Thorthormi,4428,1.28,3.8
2024-03-15,3,-9.55,0.4,94.87737096157966,Thorthormi,4428,1.28,3.8
2024-03-16,3,-8.5,0.4,94.32183081956408,Thorthormi,4428,1.28,3.8
2024-03-17,3,-11.0,0.4,79.81739392595833,Thorthormi,4428,1.28,3.8
2024-03-18,3,-12.95,0.9,76.79882563185281,Thorthormi,4428,1.28,3.8
2024-03-19,3,-9.45,0.3,79.57679365209115,Thorthormi,4428,1.28,3.8
2024-03-20,3,-9.7,0.2,91.98526855457538,Thorthormi,4428,1.28,3.8
2024-03-21,3,-6.55,0.0,69.16423672961629,Thorthormi,4428,1.28,3.8
2024-03-22,3,-11.5,0.0,65.20674629267182,Thorthormi,4428,1.28,3.8
2024-03-23,3,-8.6,0.4,91.25527686534527,Thorthormi,4428,1.28,3.8
2024-03-24,3,-9.9,0.0,66.60448848229893,Thorthormi,4428,1.28,3.8
2024-03-25,3,-9.7,0.2,88.95441941334761,Thorthormi,4428,1.28,3.8
2024-03-26,3,-9.899999999999999,0.1,88.85526108945531,Thorthormi,4428,1.28,3.8
2024-03-27,3,-9.95,0.0,50.48232096012549,Thorthormi,4428,1.28,3.8
2024-03-28,3,-7.5,0.3,85.94260010881607,Thorthormi,4428,1.28,3.8
2024-03-29,3,-5.25,0.9,88.23690965829542,Thorthormi,4428,1.28,3.8
2024-03-30,3,-6.75,0.5,86.43091822458705,Thorthormi,4428,1.28,3.8
2024-03-31,3,-9.05,0.0,46.60476758384686,Thorthormi,4428,1.28,3.8
2024-04-01,4,-8.1,0.0,66.29711555486327,Thorthormi,4428,1.28,3.8
2024-04-02,4,-7.550000000000001,1.5,86.53016496316039,Thorthormi,4428,1.28,3.8
2024-04-03,4,-6.7,1.1,85.64809441234725,Thorthormi,4428,1.28,3.8
2024-04-04,4,-7.1499999999999995,0.6,80.75079874575559,Thorthormi,4428,1.28,3.8
2024-04-05,4,-7.2,2.6,77.39690363784568,Thorthormi,4428,1.28,3.8
2024-04-06,4,-3.85,1.9,89.58509198001106,Thorthormi,4428,1.28,3.8
2024-04-07,4,-5.0,2.3,84.0817080561251,Thorthormi,4428,1.28,3.8
2024-04-08,4,-5.65,1.0,76.46837451144174,Thorthormi,4428,1.28,3.8
2024-04-09,4,-10.1,0.3,76.39699768049331,Thorthormi,4428,1.28,3.8
2024-04-10,4,-12.15,0.0,42.5647584915124,Thorthormi,4428,1.28,3.8
2024-04-11,4,-10.75,0.0,40.19826527646971,Thorthormi,4428,1.28,3.8
2024-04-12,4,-9.65,0.1,76.32134660294905,Thorthormi,4428,1.28,3.8
2024-04-13,4,-9.75,0.0,64.00858196760908,Thorthormi,4428,1.28,3.8
2024-04-14,4,-8.35,0.0,68.40559930884451,Thorthormi,4428,1.28,3.8
2024-04-15,4,-7.750000000000001,0.1,87.82582979511847,Thorthormi,4428,1.28,3.8
2024-04-16,4,-6.1499999999999995,0.7,77.84095587032718,Thorthormi,4428,1.28,3.8
2024-04-17,4,-4.449999999999999,0.0,64.89458679978924,Thorthormi,4428,1.28,3.8
2024-04-18,4,-6.55,0.7,87.9165401254549,Thorthormi,4428,1.28,3.8
2024-04-19,4,-5.25,1.1,87.081530508227,Thorthormi,4428,1.28,3.8
2024-04-20,4,-6.0,0.0,67.58508031086852,Thorthormi,4428,1.28,3.8
2024-04-21,4,-5.800000000000001,0.9,76.10002716523435,Thorthormi,4428,1.28,3.8
2024-04-22,4,-5.75,0.9,75.95500584256709,Thorthormi,4428,1.28,3.8
2024-04-23,4,-6.8,0.7,86.96956921827456,Thorthormi,4428,1.28,3.8
2024-04-24,4,-8.2,0.5,90.26400724224976,Thorthormi,4428,1.28,3.8
2024-04-25,4,-7.3,0.8,93.20481556423718,Thorthormi,4428,1.28,3.8
2024-04-26,4,-7.300000000000001,0.1,92.97970042384982,Thorthormi,4428,1.28,3.8
2024-04-27,4,-7.949999999999999,1.2,77.86163381536859,Thorthormi,4428,1.28,3.8
2024-04-28,4,-6.55,0.2,76.27000664125416,Thorthormi,4428,1.28,3.8
2024-04-29,4,-6.2,0.3,81.01974237702618,Thorthormi,4428,1.28,3.8
2024-04-30,4,-5.8,0.8,85.6382713089552,Thorthormi,4428,1.28,3.8
2024-05-01,5,-4.1,1.2,86.16651875464916,Thorthormi,4428,1.28,3.8
2024-05-02,5,-9.4,1.7,91.68160777359489,Thorthormi,4428,1.28,3.8
2024-05-03,5,-8.05,0.0,56.06300664648308,Thorthormi,4428,1.28,3.8
2024-05-04,5,-6.25,1.7,83.26617457282775,Thorthormi,4428,1.28,3.8
2024-05-05,5,-3.1,0.9,83.38523230670376,Thorthormi,4428,1.28,3.8
2024-05-06,5,-6.1499999999999995,0.0,46.98960486539855,Thorthormi,4428,1.28,3.8
2024-05-07,5,-6.05,0.0,62.70767015502051,Thorthormi,4428,1.28,3.8
2024-05-08,5,-4.8,0.0,58.94154773929819,Thorthormi,4428,1.28,3.8
2024-05-09,5,-3.65,0.0,45.905642112816466,Thorthormi,4428,1.28,3.8
2024-05-10,5,-4.55,0.2,80.17117433511154,Thorthormi,4428,1.28,3.8
2024-05-11,5,-5.199999999999999,0.1,93.93462291719833,Thorthormi,4428,1.28,3.8
2024-05-12,5,-4.25,0.1,80.40833111827953,Thorthormi,4428,1.28,3.8
2024-05-13,5,-1.2999999999999998,0.6,78.78580863517577,Thorthormi,4428,1.28,3.8
2024-05-14,5,-1.2000000000000002,0.0,65.61063586060946,Thorthormi,4428,1.28,3.8
2024-05-15,5,-1.4000000000000001,0.3,94.14760917281878,Thorthormi,4428,1.28,3.8
2024-05-16,5,0.0,0.8,82.96942879002002,Thorthormi,4428,1.28,3.8
2024-05-17,5,-1.4499999999999997,0.0,45.96240128084341,Thorthormi,4428,1.28,3.8
2024-05-18,5,-1.9,0.0,43.71811292327283,Thorthormi,4428,1.28,3.8
2024-05-19,5,-2.1,0.0,56.335797012266845,Thorthormi,4428,1.28,3.8
2024-05-20,5,-3.05,0.0,43.24891859639486,Thorthormi,4428,1.28,3.8
2024-05-21,5,-4.35,0.0,62.42743321606733,Thorthormi,4428,1.28,3.8
2024-05-22,5,-1.3499999999999999,0.0,59.043076791999795,Thorthormi,4428,1.28,3.8
2024-05-23,5,1.1,0.2,75.95113912768697,Thorthormi,4428,1.28,3.8
2024-05-24,5,0.6499999999999999,0.4,78.43731595436013,Thorthormi,4428,1.28,3.8
2024-05-25,5,1.2,0.0,57.466062975579085,Thorthormi,4428,1.28,3.8
2024-05-26,5,0.6999999999999997,0.0,61.4590943124698,Thorthormi,4428,1.28,3.8
2024-05-27,5,-1.35,2.6,79.289705846839,Thorthormi,4428,1.28,3.8
2024-05-28,5,3.15,4.7,86.52568844024483,Thorthormi,4428,1.28,3.8
2024-05-29,5,1.4500000000000002,1.5,93.74104902358195,Thorthormi,4428,1.28,3.8
2024-05-30,5,-1.25,0.1,77.90563492984238,Thorthormi,4428,1.28,3.8
2024-05-31,5,0.1499999999999999,2.8,94.84211466449327,Thorthormi,4428,1.28,3.8
2024-06-01,6,-1.4500000000000002,0.7,76.7010260950171,Thorthormi,4428,1.28,3.8
2024-06-02,6,-0.5500000000000003,0.0,67.22466607403943,Thorthormi,4428,1.28,3.8
2024-06-03,6,1.35,0.9,85.88868376537145,Thorthormi,4428,1.28,3.8
2024-06-04,6,0.85,0.4,79.54896987796118,Thorthormi,4428,1.28,3.8
2024-06-05,6,0.10000000000000009,0.6,86.98540295069735,Thorthormi,4428,1.28,3.8
2024-06-06,6,1.1,0.2,82.81966259875999,Thorthormi,4428,1.28,3.8
2024-06-07,6,0.3999999999999999,0.5,84.48377206812621,Thorthormi,4428,1.28,3.8
2024-06-08,6,1.7000000000000002,0.1,83.40804986359045,Thorthormi,4428,1.28,3.8
2024-06-09,6,1.4500000000000002,0.3,78.16307100538027,Thorthormi,4428,1.28,3.8
2024-06-10,6,1.2999999999999998,1.1,93.94422528435771,Thorthormi,4428,1.28,3.8
2024-06-11,6,4.7,1.2,80.77800396882097,Thorthormi,4428,1.28,3.8
2024-06-12,6,4.1499999999999995,2.0,85.73664323317182,Thorthormi,4428,1.28,3.8
2024-06-13,6,4.199999999999999,1.4,84.91410754329456,Thorthormi,4428,1.28,3.8
2024-06-14,6,3.5,1.2,80.04868864660756,Thorthormi,4428,1.28,3.8
2024-06-15,6,4.35,1.8,75.48113242157474,Thorthormi,4428,1.28,3.8
2024-06-16,6,4.9,3.4,94.05979287408924,Thorthormi,4428,1.28,3.8
2024-06-17,6,4.45,3.0,82.64947648071188,Thorthormi,4428,1.28,3.8
2024-06-18,6,4.25,1.4,83.10666455536999,Thorthormi,4428,1.28,3.8
2024-06-19,6,3.75,12.9,94.45634924420327,Thorthormi,4428,1.28,3.8
2024-06-20,6,5.5,7.1,82.24312556100804,Thorthormi,4428,1.28,3.8
2024-06-21,6,4.95,5.6,80.46172495234504,Thorthormi,4428,1.28,3.8
2024-06-22,6,4.85,1.0,94.61908056574389,Thorthormi,4428,1.28,3.8
2024-06-23,6,5.7,2.7,92.63556903727661,Thorthormi,4428,1.28,3.8
2024-06-24,6,5.75,3.9,91.66010378171723,Thorthormi,4428,1.28,3.8
2024-06-25,6,5.5,6.6,81.40947781354443,Thorthormi,4428,1.28,3.8
2024-06-26,6,5.35,3.6,92.50125004253024,Thorthormi,4428,1.28,3.8
2024-06-27,6,4.85,7.1,84.34023587610157,Thorthormi,4428,1.28,3.8
2024-06-28,6,3.8,23.8,86.82009892471577,Thorthormi,4428,1.28,3.8
2024-06-29,6,3.7,16.6,78.23630734043968,Thorthormi,4428,1.28,3.8
2024-06-30,6,5.699999999999999,8.0,92.49068839823722,Thorthormi,4428,1.28,3.8
2024-07-01,7,4.75,5.0,90.19211242388627,Thorthormi,4428,1.28,3.8
2024-07-02,7,5.9,4.2,93.66203134045277,Thorthormi,4428,1.28,3.8
2024-07-03,7,6.0,7.2,76.93113102679081,Thorthormi,4428,1.28,3.8
2024-07-04,7,6.05,6.0,91.93096689770464,Thorthormi,4428,1.28,3.8
2024-07-05,7,4.25,14.2,80.11989419887065,Thorthormi,4428,1.28,3.8
2024-07-06,7,3.95,13.0,89.44785863313521,Thorthormi,4428,1.28,3.8
2024-07-07,7,5.300000000000001,2.7,91.41074109211999,Thorthormi,4428,1.28,3.8
2024-07-08,7,5.8500000000000005,3.3,90.10281276840615,Thorthormi,4428,1.28,3.8
2024-07-09,7,6.199999999999999,9.5,76.41200194042379,Thorthormi,4428,1.28,3.8
2024-07-10,7,6.3,6.7,94.63227980883642,Thorthormi,4428,1.28,3.8
2024-07-11,7,6.85,6.1,82.3629793731528,Thorthormi,4428,1.28,3.8
2024-07-12,7,5.05,21.8,75.91841007520026,Thorthormi,4428,1.28,3.8
2024-07-13,7,5.95,6.1,87.48678404349427,Thorthormi,4428,1.28,3.8
2024-07-14,7,6.9,2.0,75.29876530916974,Thorthormi,4428,1.28,3.8
2024-07-15,7,5.949999999999999,2.5,89.73163411914709,Thorthormi,4428,1.28,3.8
2024-07-16,7,5.15,4.4,84.63427133614536,Thorthormi,4428,1.28,3.8
2024-07-17,7,6.0,2.7,91.15284204104509,Thorthormi,4428,1.28,3.8
2024-07-18,7,4.800000000000001,6.3,90.01997477543533,Thorthormi,4428,1.28,3.8
2024-07-19,7,5.75,2.3,78.4857515823814,Thorthormi,4428,1.28,3.8
2024-07-20,7,6.1,3.4,79.34053367937864,Thorthormi,4428,1.28,3.8
2024-07-21,7,6.550000000000001,3.1,81.65930424244603,Thorthormi,4428,1.28,3.8
2024-07-22,7,6.65,5.6,79.2585926528825,Thorthormi,4428,1.28,3.8
2024-07-23,7,7.1,2.3,78.67592559571632,Thorthormi,4428,1.28,3.8
2024-07-24,7,7.15,2.8,86.42638855347587,Thorthormi,4428,1.28,3.8
2024-07-25,7,8.2,7.3,79.94856273691241,Thorthormi,4428,1.28,3.8
2024-07-26,7,7.699999999999999,12.8,79.67138169603896,Thorthormi,4428,1.28,3.8
2024-07-27,7,6.7,5.2,91.39810912135643,Thorthormi,4428,1.28,3.8
2024-07-28,7,7.65,2.0,80.6075872222552,Thorthormi,4428,1.28,3.8
2024-07-29,7,7.75,2.8,79.62640289540768,Thorthormi,4428,1.28,3.8
2024-07-30,7,6.45,1.2,82.26973087732998,Thorthormi,4428,1.28,3.8
2024-07-31,7,5.05,5.7,84.58921613318608,Thorthormi,4428,1.28,3.8
2024-08-01,8,4.5,6.8,80.65170707457007,Thorthormi,4428,1.28,3.8
2024-08-02,8,3.3499999999999996,5.0,92.35343096193803,Thorthormi,4428,1.28,3.8
2024-08-03,8,4.75,6.7,90.0075537456278,Thorthormi,4428,1.28,3.8
2024-08-04,8,5.7,1.6,78.29748362891259,Thorthormi,4428,1.28,3.8
2024-08-05,8,6.5,5.4,84.75115862408174,Thorthormi,4428,1.28,3.8
2024-08-06,8,6.0,6.7,83.4544025371085,Thorthormi,4428,1.28,3.8
2024-08-07,8,6.2,3.9,77.80731504787414,Thorthormi,4428,1.28,3.8
2024-08-08,8,5.35,3.5,76.53367221182064,Thorthormi,4428,1.28,3.8
2024-08-09,8,5.25,4.4,77.44541647065905,Thorthormi,4428,1.28,3.8
2024-08-10,8,7.05,9.4,85.57274170757557,Thorthormi,4428,1.28,3.8
2024-08-11,8,5.800000000000001,6.6,84.12075513429693,Thorthormi,4428,1.28,3.8
2024-08-12,8,6.0,3.1,94.60373002085441,Thorthormi,4428,1.28,3.8
2024-08-13,8,5.0,2.5,93.5681643250572,Thorthormi,4428,1.28,3.8
2024-08-14,8,6.0,9.3,83.15256412330186,Thorthormi,4428,1.28,3.8
2024-08-15,8,6.300000000000001,2.4,94.07047478676645,Thorthormi,4428,1.28,3.8
2024-08-16,8,3.8499999999999996,2.7,82.47104027657305,Thorthormi,4428,1.28,3.8
2024-08-17,8,3.8000000000000003,5.1,86.22754869227384,Thorthormi,4428,1.28,3.8
2024-08-18,8,3.95,3.9,93.25111151549388,Thorthormi,4428,1.28,3.8
2024-08-19,8,1.9999999999999996,2.9,87.46364872639424,Thorthormi,4428,1.28,3.8
2024-08-20,8,3.0999999999999996,2.7,83.07257724043323,Thorthormi,4428,1.28,3.8
2024-08-21,8,4.5,3.6,81.12166876173966,Thorthormi,4428,1.28,3.8
2024-08-22,8,4.5,4.5,84.0435849964268,Thorthormi,4428,1.28,3.8
2024-08-23,8,3.9999999999999996,3.9,77.29132303169166,Thorthormi,4428,1.28,3.8
2024-08-24,8,2.6,2.0,81.45618474071327,Thorthormi,4428,1.28,3.8
2024-08-25,8,4.05,1.5,81.09042053955508,Thorthormi,4428,1.28,3.8
2024-08-26,8,0.6499999999999999,2.3,75.86054377417364,Thorthormi,4428,1.28,3.8
2024-08-27,8,2.9499999999999997,2.0,82.61009571245904,Thorthormi,4428,1.28,3.8
2024-08-28,8,2.6,1.3,81.20025369437882,Thorthormi,4428,1.28,3.8
2024-08-29,8,3.25,0.9,93.39986765461057,Thorthormi,4428,1.28,3.8
2024-08-30,8,2.25,0.3,79.10749051739148,Thorthormi,4428,1.28,3.8
2024-08-31,8,2.3,3.5,82.17480633623275,Thorthormi,4428,1.28,3.8
2024-09-01,9,4.15,7.1,78.94313131198007,Thorthormi,4428,1.28,3.8
2024-09-02,9,4.5,1.5,75.89218451895336,Thorthormi,4428,1.28,3.8
2024-09-03,9,5.95,4.2,82.29958783355758,Thorthormi,4428,1.28,3.8
2024-09-04,9,5.15,2.6,89.06741161026785,Thorthormi,4428,1.28,3.8
2024-09-05,9,4.4,2.6,89.98649901924585,Thorthormi,4428,1.28,3.8
2024-09-06,9,3.9499999999999997,1.7,76.8941178327988,Thorthormi,4428,1.28,3.8
2024-09-07,9,4.0,1.4,80.85652659155949,Thorthormi,4428,1.28,3.8
2024-09-08,9,4.75,1.9,84.19767149750089,Thorthormi,4428,1.28,3.8
2024-09-09,9,4.95,0.6,83.5382510766131,Thorthormi,4428,1.28,3.8
2024-09-10,9,3.0999999999999996,2.8,89.13767535208684,Thorthormi,4428,1.28,3.8
2024-09-11,9,3.8,2.8,85.59596090869084,Thorthormi,4428,1.28,3.8
2024-09-12,9,3.65,3.6,83.60266381852908,Thorthormi,4428,1.28,3.8
2024-09-13,9,2.8499999999999996,6.6,78.86573007292043,Thorthormi,4428,1.28,3.8
2024-09-14,9,2.85,4.3,92.40967748884675,Thorthormi,4428,1.28,3.8
2024-09-15,9,2.4,4.4,93.40420365703478,Thorthormi,4428,1.28,3.8
2024-09-16,9,1.85,3.3,87.14557673653144,Thorthormi,4428,1.28,3.8
2024-09-17,9,1.9499999999999997,1.1,81.47469147736616,Thorthormi,4428,1.28,3.8
2024-09-18,9,2.6500000000000004,0.5,92.72310414095651,Thorthormi,4428,1.28,3.8
2024-09-19,9,2.5999999999999996,2.0,78.17251659469787,Thorthormi,4428,1.28,3.8
2024-09-20,9,4.35,6.4,88.45742305973312,Thorthormi,4428,1.28,3.8
2024-09-21,9,4.15,7.9,77.71714112512208,Thorthormi,4428,1.28,3.8
2024-09-22,9,2.1999999999999997,0.9,80.04468862454091,Thorthormi,4428,1.28,3.8
2024-09-23,9,2.75,1.4,83.78026028527032,Thorthormi,4428,1.28,3.8
2024-09-24,9,2.3000000000000003,6.4,80.1085334594466,Thorthormi,4428,1.28,3.8
2024-09-25,9,2.35,4.5,78.87739186999038,Thorthormi,4428,1.28,3.8
2024-09-26,9,1.0,3.6,76.26574364565707,Thorthormi,4428,1.28,3.8
2024-09-27,9,0.75,6.2,83.67914623320308,Thorthormi,4428,1.28,3.8
2024-09-28,9,1.45,9.7,82.45096205545329,Thorthormi,4428,1.28,3.8
2024-09-29,9,-0.7499999999999996,0.0,49.765409317305526,Thorthormi,4428,1.28,3.8
2024-09-30,9,0.0,0.4,76.22171546994532,Thorthormi,4428,1.28,3.8
2024-10-01,10,-0.050000000000000266,1.1,86.64602839232539,Thorthormi,4428,1.28,3.8
2024-10-02,10,1.6,0.4,81.90002354457948,Thorthormi,4428,1.28,3.8
2024-10-03,10,3.25,3.0,88.54281583628688,Thorthormi,4428,1.28,3.8
2024-10-04,10,1.9000000000000001,10.1,79.2378903909892,Thorthormi,4428,1.28,3.8
2024-10-05,10,1.1,1.4,77.92661729720659,Thorthormi,4428,1.28,3.8
2024-10-06,10,-0.5499999999999998,0.0,55.573002382182864,Thorthormi,4428,1.28,3.8
2024-10-07,10,-1.75,0.3,82.41748870809234,Thorthormi,4428,1.28,3.8
2024-10-08,10,-0.7999999999999998,0.0,65.70129195083607,Thorthormi,4428,1.28,3.8
2024-10-09,10,-1.0499999999999998,0.9,80.98287953447928,Thorthormi,4428,1.28,3.8
2024-10-10,10,0.7000000000000002,1.4,77.64598012930249,Thorthormi,4428,1.28,3.8
2024-10-11,10,-0.25,0.9,85.29456346002577,Thorthormi,4428,1.28,3.8
2024-10-12,10,-3.65,0.3,89.3408816949559,Thorthormi,4428,1.28,3.8
2024-10-13,10,-3.4000000000000004,0.6,77.57538537370769,Thorthormi,4428,1.28,3.8
2024-10-14,10,-4.15,0.5,86.6407248876894,Thorthormi,4428,1.28,3.8
2024-10-15,10,-2.65,0.6,82.26475194134433,Thorthormi,4428,1.28,3.8
2024-10-16,10,-3.65,0.1,79.72819276980124,Thorthormi,4428,1.28,3.8
2024-10-17,10,-3.2,2.1,75.287752495448,Thorthormi,4428,1.28,3.8
2024-10-18,10,-3.3499999999999996,3.5,87.52303990969986,Thorthormi,4428,1.28,3.8
2024-10-19,10,-5.75,0.9,79.61870723637195,Thorthormi,4428,1.28,3.8
2024-10-20,10,-6.75,1.2,91.49877300145624,Thorthormi,4428,1.28,3.8
2024-10-21,10,-9.45,0.3,88.48907181689592,Thorthormi,4428,1.28,3.8
2024-10-22,10,-7.8,0.0,60.328139610385904,Thorthormi,4428,1.28,3.8
2024-10-23,10,-6.9,0.4,78.63319577757365,Thorthormi,4428,1.28,3.8
2024-10-24,10,-5.300000000000001,0.0,69.24992629017083,Thorthormi,4428,1.28,3.8
2024-10-25,10,-5.45,2.1,92.59552200601675,Thorthormi,4428,1.28,3.8
2024-10-26,10,-5.45,0.0,69.3198673211294,Thorthormi,4428,1.28,3.8
2024-10-27,10,-5.6,0.1,81.52698569123034,Thorthormi,4428,1.28,3.8
2024-10-28,10,-5.1,0.0,62.55996088384294,Thorthormi,4428,1.28,3.8
2024-10-29,10,-5.35,0.3,93.92336475861708,Thorthormi,4428,1.28,3.8
2024-10-30,10,-4.95,0.9,82.64794060811288,Thorthormi,4428,1.28,3.8
2024-10-31,10,-4.300000000000001,0.3,88.07321582037659,Thorthormi,4428,1.28,3.8
2024-11-01,11,-5.0,0.0,47.456592031968846,Thorthormi,4428,1.28,3.8
2024-11-02,11,-5.6,0.0,65.07380041811976,Thorthormi,4428,1.28,3.8
2024-11-03,11,-6.1,0.0,66.30562313101123,Thorthormi,4428,1.28,3.8
2024-11-04,11,-6.15,0.0,48.45016819023706,Thorthormi,4428,1.28,3.8
2024-11-05,11,-8.75,0.0,49.732405890280646,Thorthormi,4428,1.28,3.8
2024-11-06,11,-7.75,0.0,59.412009300205895,Thorthormi,4428,1.28,3.8
2024-11-07,11,-7.8,0.0,43.89703600241302,Thorthormi,4428,1.28,3.8
2024-11-08,11,-6.8500000000000005,0.0,49.193103720876216,Thorthormi,4428,1.28,3.8
2024-11-09,11,-5.6,0.0,59.481398611590166,Thorthormi,4428,1.28,3.8
2024-11-10,11,-6.6,0.0,45.78767119935218,Thorthormi,4428,1.28,3.8
2024-11-11,11,-6.8500000000000005,0.2,91.13379133451696,Thorthormi,4428,1.28,3.8
2024-11-12,11,-7.1,1.0,80.33516692494005,Thorthormi,4428,1.28,3.8
2024-11-13,11,-6.949999999999999,0.6,91.34384909569624,Thorthormi,4428,1.28,3.8
2024-11-14,11,-5.199999999999999,0.0,53.87234460809117,Thorthormi,4428,1.28,3.8
2024-11-15,11,-3.5,0.0,45.22925033782813,Thorthormi,4428,1.28,3.8
2024-11-16,11,-4.15,0.0,64.82744424502917,Thorthormi,4428,1.28,3.8
2024-11-17,11,-5.9,0.2,85.53996522858142,Thorthormi,4428,1.28,3.8
2024-11-18,11,-5.5,0.0,61.20612447553004,Thorthormi,4428,1.28,3.8
2024-11-19,11,-7.1000000000000005,0.7,77.94692589525978,Thorthormi,4428,1.28,3.8
2024-11-20,11,-12.100000000000001,0.3,83.63164407933358,Thorthormi,4428,1.28,3.8
2024-11-21,11,-13.0,0.3,75.4681754772404,Thorthormi,4428,1.28,3.8
2024-11-22,11,-13.8,0.5,78.01364814826498,Thorthormi,4428,1.28,3.8
2024-11-23,11,-9.7,0.5,85.92757279417017,Thorthormi,4428,1.28,3.8
2024-11-24,11,-9.05,0.1,88.57634698621057,Thorthormi,4428,1.28,3.8
2024-11-25,11,-7.8999999999999995,0.2,85.09823080858901,Thorthormi,4428,1.28,3.8
2024-11-26,11,-9.8,0.6,94.92370457079164,Thorthormi,4428,1.28,3.8
2024-11-27,11,-10.799999999999999,1.2,90.06504282993667,Thorthormi,4428,1.28,3.8
2024-11-28,11,-13.149999999999999,0.5,78.40186402542012,Thorthormi,4428,1.28,3.8
2024-11-29,11,-11.5,0.0,66.39192091404409,Thorthormi,4428,1.28,3.8
2024-11-30,11,-11.649999999999999,0.0,57.77248280223861,Thorthormi,4428,1.28,3.8
2024-12-01,12,-10.75,0.0,43.988028147409466,Thorthormi,4428,1.28,3.8
2024-12-02,12,-9.6,0.0,67.76535638053804,Thorthormi,4428,1.28,3.8
2024-12-03,12,-7.75,0.0,47.258503016069064,Thorthormi,4428,1.28,3.8
2024-12-04,12,-7.25,0.0,65.37089052469457,Thorthormi,4428,1.28,3.8
2024-12-05,12,-6.699999999999999,0.0,68.54755540669694,Thorthormi,4428,1.28,3.8
2024-12-06,12,-6.1,0.0,44.02969728480697,Thorthormi,4428,1.28,3.8
2024-12-07,12,-8.1,0.0,67.42223244283099,Thorthormi,4428,1.28,3.8
2024-12-08,12,-9.7,0.1,79.62647503657998,Thorthormi,4428,1.28,3.8
2024-12-09,12,-10.75,0.6,91.17537652504993,Thorthormi,4428,1.28,3.8
2024-12-10,12,-10.0,0.0,42.97993593639046,Thorthormi,4428,1.28,3.8
2024-12-11,12,-8.600000000000001,0.0,41.83836265802242,Thorthormi,4428,1.28,3.8
2024-12-12,12,-7.0,0.0,63.21989439171104,Thorthormi,4428,1.28,3.8
2024-12-13,12,-7.5,0.0,50.8830021387555,Thorthormi,4428,1.28,3.8
2024-12-14,12,-9.65,0.0,65.26543077305898,Thorthormi,4428,1.28,3.8
2024-12-15,12,-10.15,0.0,46.69467887726083,Thorthormi,4428,1.28,3.8
2024-12-16,12,-6.8,0.0,44.169689414507005,Thorthormi,4428,1.28,3.8
2024-12-17,12,-7.15,0.0,53.3075526984035,Thorthormi,4428,1.28,3.8
2024-12-18,12,-8.450000000000001,0.0,47.223294328566936,Thorthormi,4428,1.28,3.8
2024-12-19,12,-7.75,0.0,43.387683810831405,Thorthormi,4428,1.28,3.8
2024-12-20,12,-9.45,0.0,67.14564481606986,Thorthormi,4428,1.28,3.8
2024-12-21,12,-11.350000000000001,0.5,81.78006977790804,Thorthormi,4428,1.28,3.8
2024-12-22,12,-14.45,0.0,41.88951704964044,Thorthormi,4428,1.28,3.8
2024-12-23,12,-11.55,0.0,54.56476841421713,Thorthormi,4428,1.28,3.8
2024-12-24,12,-11.9,0.0,50.017472097849435,Thorthormi,4428,1.28,3.8
2024-12-25,12,-12.35,0.0,69.6287496047135,Thorthormi,4428,1.28,3.8
2024-12-26,12,-10.0,0.0,42.29978067155561,Thorthormi,4428,1.28,3.8
2024-12-27,12,-8.85,0.0,58.346851215393045,Thorthormi,4428,1.28,3.8
2024-12-28,12,-9.950000000000001,0.0,63.32848634192983,Thorthormi,4428,1.28,3.8
2024-12-29,12,-10.0,0.9,84.83780347036804,Thorthormi,4428,1.28,3.8
2024-12-30,12,-14.95,0.0,57.78537505861783,Thorthormi,4428,1.28,3.8
2024-12-31,12,-15.4,0.0,60.776567733133334,Thorthormi,4428,1.28,3.8
2025-01-01,1,-12.2,0.0,66.21143829676308,Thorthormi,4428,1.28,3.8
2025-01-02,1,-11.6,0.0,60.726502796057986,Thorthormi,4428,1.28,3.8
2025-01-03,1,-8.8,0.0,68.83750757743738,Thorthormi,4428,1.28,3.8
2025-01-04,1,-9.8,0.0,49.129578912147664,Thorthormi,4428,1.28,3.8
2025-01-05,1,-8.55,0.0,65.84699244195004,Thorthormi,4428,1.28,3.8
2025-01-06,1,-9.6,0.2,84.58384970267012,Thorthormi,4428,1.28,3.8
2025-01-07,1,-14.0,0.2,79.415251245063,Thorthormi,4428,1.28,3.8
2025-01-08,1,-15.350000000000001,0.0,41.395385586005226,Thorthormi,4428,1.28,3.8
2025-01-09,1,-12.1,0.0,41.68841228699345,Thorthormi,4428,1.28,3.8
2025-01-10,1,-9.4,0.0,44.41107894937344,Thorthormi,4428,1.28,3.8
2025-01-11,1,-11.6,0.0,56.43062986769604,Thorthormi,4428,1.28,3.8
2025-01-12,1,-12.05,0.8,93.8129096599129,Thorthormi,4428,1.28,3.8
2025-01-13,1,-16.8,0.6,78.42101984556687,Thorthormi,4428,1.28,3.8
2025-01-14,1,-16.15,0.0,69.01911904152769,Thorthormi,4428,1.28,3.8
2025-01-15,1,-8.200000000000001,0.0,66.40303452264264,Thorthormi,4428,1.28,3.8
2025-01-16,1,-9.75,0.0,57.639961932108164,Thorthormi,4428,1.28,3.8
2025-01-17,1,-10.100000000000001,0.0,41.16305500927657,Thorthormi,4428,1.28,3.8
2025-01-18,1,-11.65,0.0,43.33683936769471,Thorthormi,4428,1.28,3.8
2025-01-19,1,-10.05,0.0,69.64112818256649,Thorthormi,4428,1.28,3.8
2025-01-20,1,-7.85,0.0,61.19953936167826,Thorthormi,4428,1.28,3.8
2025-01-21,1,-7.35,0.0,57.40995923211038,Thorthormi,4428,1.28,3.8
2025-01-22,1,-6.75,0.0,69.92141657629452,Thorthormi,4428,1.28,3.8
2025-01-23,1,-9.700000000000001,0.0,68.70684783301714,Thorthormi,4428,1.28,3.8
2025-01-24,1,-10.1,0.0,65.45090711895797,Thorthormi,4428,1.28,3.8
2025-01-25,1,-10.1,0.0,51.992197357737076,Thorthormi,4428,1.28,3.8
2025-01-26,1,-11.05,0.2,86.00386482918438,Thorthormi,4428,1.28,3.8
2025-01-27,1,-8.549999999999999,0.0,51.961386818581005,Thorthormi,4428,1.28,3.8
2025-01-28,1,-9.65,0.0,57.93091857961492,Thorthormi,4428,1.28,3.8
2025-01-29,1,-8.85,0.0,56.47557899491837,Thorthormi,4428,1.28,3.8
2025-01-30,1,-9.05,0.1,88.50199467727452,Thorthormi,4428,1.28,3.8
2025-01-31,1,-7.2,0.0,64.46623285779204,Thorthormi,4428,1.28,3.8
2025-02-01,2,-6.050000000000001,0.0,48.144417151453936,Thorthormi,4428,1.28,3.8
2025-02-02,2,-5.4,0.0,67.44774728452619,Thorthormi,4428,1.28,3.8
2025-02-03,2,-5.3999999999999995,0.0,50.40566385207072,Thorthormi,4428,1.28,3.8
2025-02-04,2,-3.8500000000000005,0.0,43.15532387349544,Thorthormi,4428,1.28,3.8
2025-02-05,2,-4.85,0.0,50.54220299947305,Thorthormi,4428,1.28,3.8
2025-02-06,2,-7.25,0.4,82.55626713271799,Thorthormi,4428,1.28,3.8
2025-02-07,2,-7.8999999999999995,0.5,88.67730610966942,Thorthormi,4428,1.28,3.8
2025-02-08,2,-9.7,0.1,83.43455749152216,Thorthormi,4428,1.28,3.8
2025-02-09,2,-11.399999999999999,0.8,77.18742859680354,Thorthormi,4428,1.28,3.8
2025-02-10,2,-14.049999999999999,0.8,76.46197746779373,Thorthormi,4428,1.28,3.8
2025-02-11,2,-14.549999999999999,0.4,86.71716558987634,Thorthormi,4428,1.28,3.8
2025-02-12,2,-10.350000000000001,0.3,86.67284352737455,Thorthormi,4428,1.28,3.8
2025-02-13,2,-10.5,0.8,78.60531432165955,Thorthormi,4428,1.28,3.8
2025-02-14,2,-13.15,0.3,76.80718799754868,Thorthormi,4428,1.28,3.8
2025-02-15,2,-11.85,1.2,81.14367813497351,Thorthormi,4428,1.28,3.8
2025-02-16,2,-11.6,0.2,75.79881704358729,Thorthormi,4428,1.28,3.8
2025-02-17,2,-15.299999999999999,1.4,89.20872727257085,Thorthormi,4428,1.28,3.8
2025-02-18,2,-11.3,0.7,91.64261890589651,Thorthormi,4428,1.28,3.8
2025-02-19,2,-12.75,0.1,93.14035864368411,Thorthormi,4428,1.28,3.8
2025-02-20,2,-15.6,0.8,87.94023950989852,Thorthormi,4428,1.28,3.8
2025-02-21,2,-12.1,0.5,86.62506750015025,Thorthormi,4428,1.28,3.8
2025-02-22,2,-14.950000000000001,0.6,93.74800899939311,Thorthormi,4428,1.28,3.8
2025-02-23,2,-14.700000000000001,0.2,90.06841183178794,Thorthormi,4428,1.28,3.8
2025-02-24,2,-16.700000000000003,0.2,89.79958439919282,Thorthormi,4428,1.28,3.8
2025-02-25,2,-16.2,0.0,65.19096561915379,Thorthormi,4428,1.28,3.8
2025-02-26,2,-15.049999999999999,0.0,55.13530015227769,Thorthormi,4428,1.28,3.8
2025-02-27,2,-12.25,0.1,94.62700448139383,Thorthormi,4428,1.28,3.8
2025-02-28,2,-12.549999999999999,1.1,78.0295191022846,Thorthormi,4428,1.28,3.8
2025-03-01,3,-10.3,0.7,77.44968176771823,Thorthormi,4428,1.28,3.8
2025-03-02,3,-11.1,0.0,68.49864767148745,Thorthormi,4428,1.28,3.8
2025-03-03,3,-10.5,0.0,43.72815294676155,Thorthormi,4428,1.28,3.8
2025-03-04,3,-8.55,0.5,83.01130554845467,Thorthormi,4428,1.28,3.8
2025-03-05,3,-7.3,1.1,93.78555294426792,Thorthormi,4428,1.28,3.8
2025-03-06,3,-9.1,0.5,75.37780419127981,Thorthormi,4428,1.28,3.8
2025-03-07,3,-7.7,1.0,88.34805815078361,Thorthormi,4428,1.28,3.8
2025-03-08,3,-12.65,1.3,83.45674153663316,Thorthormi,4428,1.28,3.8
2025-03-09,3,-11.9,0.1,76.12541254290716,Thorthormi,4428,1.28,3.8
2025-03-10,3,-10.2,0.1,78.66113357550648,Thorthormi,4428,1.28,3.8
2025-03-11,3,-10.2,0.3,75.55846289204626,Thorthormi,4428,1.28,3.8
2025-03-12,3,-11.15,0.0,57.579657928217614,Thorthormi,4428,1.28,3.8
2025-03-13,3,-11.100000000000001,0.6,90.8911060923746,Thorthormi,4428,1.28,3.8
2025-03-14,3,-10.4,0.2,85.59511740497942,Thorthormi,4428,1.28,3.8
2025-03-15,3,-8.8,0.4,76.54459463117334,Thorthormi,4428,1.28,3.8
2025-03-16,3,-8.950000000000001,0.1,88.47389088409518,Thorthormi,4428,1.28,3.8
2025-03-17,3,-8.55,0.1,82.69996228323178,Thorthormi,4428,1.28,3.8
2025-03-18,3,-5.7,0.3,75.24988964813116,Thorthormi,4428,1.28,3.8
2025-03-19,3,-9.05,1.1,79.11187012895289,Thorthormi,4428,1.28,3.8
2025-03-20,3,-6.3,0.4,87.28958922391564,Thorthormi,4428,1.28,3.8
2025-03-21,3,-7.45,1.8,83.8334361199826,Thorthormi,4428,1.28,3.8
2025-03-22,3,-9.8,1.0,85.73326187287309,Thorthormi,4428,1.28,3.8
2025-03-23,3,-11.6,0.0,46.332698171813576,Thorthormi,4428,1.28,3.8
2025-03-24,3,-12.0,0.0,65.59313333414897,Thorthormi,4428,1.28,3.8
2025-03-25,3,-10.95,0.0,58.89430376635826,Thorthormi,4428,1.28,3.8
2025-03-26,3,-7.6499999999999995,0.0,54.15305802913465,Thorthormi,4428,1.28,3.8
2025-03-27,3,-5.25,0.0,50.63134346214639,Thorthormi,4428,1.28,3.8
2025-03-28,3,-4.550000000000001,2.1,76.17741546758253,Thorthormi,4428,1.28,3.8
2025-03-29,3,-4.6,1.3,84.3044281815418,Thorthormi,4428,1.28,3.8
2025-03-30,3,-3.4000000000000004,4.2,85.3554891928818,Thorthormi,4428,1.28,3.8
2025-03-31,3,-2.8499999999999996,1.3,82.78951588486525,Thorthormi,4428,1.28,3.8
2025-04-01,4,-5.3500000000000005,0.4,79.63486082826971,Thorthormi,4428,1.28,3.8
2025-04-02,4,-6.6,0.9,79.45799419031589,Thorthormi,4428,1.28,3.8
2025-04-03,4,-4.7,1.1,79.32678698639708,Thorthormi,4428,1.28,3.8
2025-04-04,4,-5.75,0.4,83.05236010345685,Thorthormi,4428,1.28,3.8
2025-04-05,4,-8.35,0.1,91.62948722182497,Thorthormi,4428,1.28,3.8
2025-04-06,4,-9.15,0.0,46.80449189249746,Thorthormi,4428,1.28,3.8
2025-04-07,4,-9.0,0.0,49.66113066574658,Thorthormi,4428,1.28,3.8
2025-04-08,4,-7.75,0.0,58.40835583469648,Thorthormi,4428,1.28,3.8
2025-04-09,4,-6.8500000000000005,0.0,67.00114493615295,Thorthormi,4428,1.28,3.8
2025-04-10,4,-6.05,0.2,83.98341803940092,Thorthormi,4428,1.28,3.8
2025-04-11,4,-2.9,1.3,82.32789139216126,Thorthormi,4428,1.28,3.8
2025-04-12,4,-5.6499999999999995,0.3,91.49693772761327,Thorthormi,4428,1.28,3.8
2025-04-13,4,-5.55,0.0,65.13622030852294,Thorthormi,4428,1.28,3.8
2025-04-14,4,-5.55,0.0,59.14027144292568,Thorthormi,4428,1.28,3.8
2025-04-15,4,-6.6499999999999995,0.0,62.01861051707584,Thorthormi,4428,1.28,3.8
2025-04-16,4,-6.85,0.0,51.58522273677092,Thorthormi,4428,1.28,3.8
2025-04-17,4,-6.4,0.0,44.50672290624998,Thorthormi,4428,1.28,3.8
2025-04-18,4,-4.15,0.0,60.915490681565515,Thorthormi,4428,1.28,3.8
2025-04-19,4,-4.25,0.0,60.910191452229896,Thorthormi,4428,1.28,3.8
2025-04-20,4,-2.9,0.2,82.33120232845377,Thorthormi,4428,1.28,3.8
2025-04-21,4,-4.5,0.0,67.00689719129457,Thorthormi,4428,1.28,3.8
2025-04-22,4,-3.0,0.2,90.44053372828174,Thorthormi,4428,1.28,3.8
2025-04-23,4,-2.0500000000000003,0.1,91.79822149637306,Thorthormi,4428,1.28,3.8
2025-04-24,4,-4.199999999999999,2.5,75.77459744065615,Thorthormi,4428,1.28,3.8
2025-04-25,4,-3.4000000000000004,1.9,78.16873101667423,Thorthormi,4428,1.28,3.8
2025-04-26,4,-3.5999999999999996,2.1,84.94023166307535,Thorthormi,4428,1.28,3.8
2025-04-27,4,-6.699999999999999,0.8,87.53371611645123,Thorthormi,4428,1.28,3.8
2025-04-28,4,-4.95,0.0,59.179379727105484,Thorthormi,4428,1.28,3.8
2025-04-29,4,-5.4,0.0,61.16392812142274,Thorthormi,4428,1.28,3.8
2025-04-30,4,-4.4,0.0,66.07072483794363,Thorthormi,4428,1.28,3.8
2025-05-01,5,-4.75,0.0,63.99910288778752,Thorthormi,4428,1.28,3.8
2025-05-02,5,-7.25,0.0,40.585377200313815,Thorthormi,4428,1.28,3.8
2025-05-03,5,-6.8500000000000005,1.0,92.57808999534299,Thorthormi,4428,1.28,3.8
2025-05-04,5,-5.199999999999999,0.1,89.99867309654418,Thorthormi,4428,1.28,3.8
2025-05-05,5,-3.25,0.0,57.32511095959761,Thorthormi,4428,1.28,3.8
2025-05-06,5,-3.9499999999999997,0.0,41.04554274127209,Thorthormi,4428,1.28,3.8
2025-05-07,5,-1.1500000000000001,0.6,85.26922236410707,Thorthormi,4428,1.28,3.8
2025-05-08,5,-2.15,0.0,57.0075867424366,Thorthormi,4428,1.28,3.8
2025-05-09,5,-3.4499999999999997,0.0,52.50252291532921,Thorthormi,4428,1.28,3.8
2025-05-10,5,-3.4,0.0,43.13792020750594,Thorthormi,4428,1.28,3.8
2025-05-11,5,-1.25,0.0,40.33154722230571,Thorthormi,4428,1.28,3.8
2025-05-12,5,-0.3999999999999999,0.3,88.96742442047216,Thorthormi,4428,1.28,3.8
2025-05-13,5,0.19999999999999996,2.5,87.02418012367768,Thorthormi,4428,1.28,3.8
2025-05-14,5,0.5,0.5,86.76550241539105,Thorthormi,4428,1.28,3.8
2025-05-15,5,0.30000000000000004,0.9,83.63475953327894,Thorthormi,4428,1.28,3.8
2025-05-16,5,0.7000000000000001,1.5,83.77676060267379,Thorthormi,4428,1.28,3.8
2025-05-17,5,-0.5,0.7,92.89235417317403,Thorthormi,4428,1.28,3.8
2025-05-18,5,-0.9500000000000002,0.1,90.87043979954754,Thorthormi,4428,1.28,3.8
2025-05-19,5,0.6499999999999999,1.6,83.22464058515381,Thorthormi,4428,1.28,3.8
2025-05-20,5,0.8,2.9,84.08304752265242,Thorthormi,4428,1.28,3.8
2025-05-21,5,-0.19999999999999996,0.0,45.71318000911502,Thorthormi,4428,1.28,3.8
2025-05-22,5,0.95,0.1,81.49559498067092,Thorthormi,4428,1.28,3.8
2025-05-23,5,1.4,0.5,75.76840226427008,Thorthormi,4428,1.28,3.8
2025-05-24,5,1.15,0.4,90.14084426555989,Thorthormi,4428,1.28,3.8
2025-05-25,5,1.45,1.4,91.73479016007485,Thorthormi,4428,1.28,3.8
2025-05-26,5,1.4,9.8,85.46777830215584,Thorthormi,4428,1.28,3.8
2025-05-27,5,2.6999999999999997,1.6,87.14935947419961,Thorthormi,4428,1.28,3.8
2025-05-28,5,1.5499999999999998,0.0,46.52880777878789,Thorthormi,4428,1.28,3.8
2025-05-29,5,2.4,5.3,90.1039723666838,Thorthormi,4428,1.28,3.8
2025-05-30,5,1.85,8.3,88.83030479583357,Thorthormi,4428,1.28,3.8
2025-05-31,5,1.5,15.0,88.69891961652519,Thorthormi,4428,1.28,3.8
2025-06-01,6,1.3499999999999999,6.3,93.50664821592825,Thorthormi,4428,1.28,3.8
2025-06-02,6,1.0,1.0,83.34081234586064,Thorthormi,4428,1.28,3.8
2025-06-03,6,0.9,2.1,75.5641309328504,Thorthormi,4428,1.28,3.8
2025-06-04,6,0.25,0.7,86.21061259827783,Thorthormi,4428,1.28,3.8
2025-06-05,6,1.15,0.8,92.46163889905634,Thorthormi,4428,1.28,3.8
2025-06-06,6,-0.6,0.0,56.75766374759622,Thorthormi,4428,1.28,3.8
2025-06-07,6,-2.1,0.0,56.59921898702383,Thorthormi,4428,1.28,3.8
2025-06-08,6,1.9500000000000002,0.0,55.58435843340408,Thorthormi,4428,1.28,3.8
2025-06-09,6,0.2999999999999998,0.0,67.68100026688836,Thorthormi,4428,1.28,3.8
2025-06-10,6,0.4500000000000002,0.1,83.75621257338777,Thorthormi,4428,1.28,3.8
2025-06-11,6,-0.050000000000000266,0.2,81.6478504051465,Thorthormi,4428,1.28,3.8
2025-06-12,6,3.6,3.5,88.50328375440922,Thorthormi,4428,1.28,3.8
2025-06-13,6,2.6,2.2,86.77867491427972,Thorthormi,4428,1.28,3.8
2025-06-14,6,3.5500000000000003,2.7,80.37904305819765,Thorthormi,4428,1.28,3.8
2025-06-15,6,3.25,7.7,75.91255302132873,Thorthormi,4428,1.28,3.8
2025-06-16,6,3.85,0.5,82.12825303196976,Thorthormi,4428,1.28,3.8
2025-06-17,6,3.6,0.6,90.81075505914082,Thorthormi,4428,1.28,3.8
2025-06-18,6,4.05,7.7,79.19225955331567,Thorthormi,4428,1.28,3.8
2025-06-19,6,3.3,9.8,81.56047732506312,Thorthormi,4428,1.28,3.8
2025-06-20,6,4.15,6.1,77.64403037444943,Thorthormi,4428,1.28,3.8
2025-06-21,6,4.05,5.1,83.94545661196634,Thorthormi,4428,1.28,3.8
2025-06-22,6,1.8499999999999996,1.4,92.31090529990298,Thorthormi,4428,1.28,3.8
2025-06-23,6,3.4,8.0,93.3434366308638,Thorthormi,4428,1.28,3.8
2025-06-24,6,3.6,9.2,94.63853736098469,Thorthormi,4428,1.28,3.8
2025-06-25,6,3.35,0.3,80.9038640349212,Thorthormi,4428,1.28,3.8
2025-06-26,6,4.0,0.9,89.39808128831515,Thorthormi,4428,1.28,3.8
2025-06-27,6,4.1499999999999995,2.2,87.5301694533293,Thorthormi,4428,1.28,3.8
2025-06-28,6,3.85,1.6,83.40879339181487,Thorthormi,4428,1.28,3.8
2025-06-29,6,5.3500000000000005,6.2,92.30251282327076,Thorthormi,4428,1.28,3.8
2025-06-30,6,3.9000000000000004,5.8,89.95098992022153,Thorthormi,4428,1.28,3.8
2025-07-01,7,5.5,3.8,90.6947079565793,Thorthormi,4428,1.28,3.8
2025-07-02,7,5.05,5.4,81.79007574976075,Thorthormi,4428,1.28,3.8
2025-07-03,7,5.0,8.1,84.98671820668189,Thorthormi,4428,1.28,3.8
2025-07-04,7,5.3,14.0,88.17539623694005,Thorthormi,4428,1.28,3.8
2025-07-05,7,5.7,4.9,87.71950202936587,Thorthormi,4428,1.28,3.8
2025-07-06,7,5.8999999999999995,3.2,86.4445507953846,Thorthormi,4428,1.28,3.8
2025-07-07,7,4.65,1.5,90.43269942341146,Thorthormi,4428,1.28,3.8
2025-07-08,7,2.25,5.5,84.9425874804149,Thorthormi,4428,1.28,3.8
2025-07-09,7,3.5,4.6,92.60249737228257,Thorthormi,4428,1.28,3.8
2025-07-10,7,3.4999999999999996,4.3,83.6598489940843,Thorthormi,4428,1.28,3.8
2025-07-11,7,3.5500000000000003,3.7,84.94290759447331,Thorthormi,4428,1.28,3.8
2025-07-12,7,4.45,3.6,78.65941337867926,Thorthormi,4428,1.28,3.8
2025-07-13,7,4.9,8.7,79.52174533912441,Thorthormi,4428,1.28,3.8
2025-07-14,7,3.4499999999999997,1.8,84.09566364105066,Thorthormi,4428,1.28,3.8
2025-07-15,7,5.45,7.6,80.08094114916149,Thorthormi,4428,1.28,3.8
2025-07-16,7,3.95,2.0,86.39601636361522,Thorthormi,4428,1.28,3.8
2025-07-17,7,3.1500000000000004,2.7,77.04579782924102,Thorthormi,4428,1.28,3.8
2025-07-18,7,4.55,0.1,89.23000069933899,Thorthormi,4428,1.28,3.8
2025-07-19,7,4.75,4.3,85.99920277545559,Thorthormi,4428,1.28,3.8
2025-07-20,7,5.449999999999999,7.8,86.89869033736281,Thorthormi,4428,1.28,3.8
2025-07-21,7,6.5,4.7,82.47886882768165,Thorthormi,4428,1.28,3.8
2025-07-22,7,6.15,5.2,91.39030861030598,Thorthormi,4428,1.28,3.8
2025-07-23,7,5.0,0.8,85.42785065674609,Thorthormi,4428,1.28,3.8
2025-07-24,7,4.95,3.6,94.89364683725275,Thorthormi,4428,1.28,3.8
2025-07-25,7,4.85,1.7,76.15524263433853,Thorthormi,4428,1.28,3.8
2025-07-26,7,6.050000000000001,3.9,79.364711724379,Thorthormi,4428,1.28,3.8
2025-07-27,7,7.800000000000001,8.1,76.6132170798841,Thorthormi,4428,1.28,3.8
2025-07-28,7,5.800000000000001,14.6,94.80569377898239,Thorthormi,4428,1.28,3.8
2025-07-29,7,6.050000000000001,8.1,84.87533418459708,Thorthormi,4428,1.28,3.8
2025-07-30,7,5.65,9.8,80.36462056557218,Thorthormi,4428,1.28,3.8
2025-07-31,7,4.8,4.7,80.60520243762481,Thorthormi,4428,1.28,3.8
2025-08-01,8,4.7,2.5,87.82433473487815,Thorthormi,4428,1.28,3.8
2025-08-02,8,6.199999999999999,5.4,77.61820009884437,Thorthormi,4428,1.28,3.8
2025-08-03,8,5.85,7.2,81.45807705074321,Thorthormi,4428,1.28,3.8
2025-08-04,8,6.65,5.8,79.80832589346424,Thorthormi,4428,1.28,3.8
2025-08-05,8,3.4000000000000004,2.5,93.3537891091488,Thorthormi,4428,1.28,3.8
2025-08-06,8,4.9,1.3,81.09143460763624,Thorthormi,4428,1.28,3.8
2025-08-07,8,6.5,3.2,93.26891155815039,Thorthormi,4428,1.28,3.8
2025-08-08,8,5.95,5.5,80.62881269162,Thorthormi,4428,1.28,3.8
2025-08-09,8,5.2,2.8,86.96866605488047,Thorthormi,4428,1.28,3.8
2025-08-10,8,6.15,7.3,76.31318685421432,Thorthormi,4428,1.28,3.8
2025-08-11,8,6.15,10.8,84.35784440825766,Thorthormi,4428,1.28,3.8
2025-08-12,8,7.949999999999999,6.2,86.18902474952412,Thorthormi,4428,1.28,3.8
2025-08-13,8,5.1499999999999995,11.4,76.84637905224362,Thorthormi,4428,1.28,3.8
2025-08-14,8,4.1000000000000005,3.8,93.21691323320465,Thorthormi,4428,1.28,3.8
2025-08-15,8,4.85,2.7,77.88677098797326,Thorthormi,4428,1.28,3.8
2025-08-16,8,4.1000000000000005,3.8,90.57122696142845,Thorthormi,4428,1.28,3.8
2025-08-17,8,4.75,5.3,87.19943735680448,Thorthormi,4428,1.28,3.8
2025-08-18,8,5.35,2.3,82.19095805632529,Thorthormi,4428,1.28,3.8
2025-08-19,8,5.4,1.9,90.50482778655388,Thorthormi,4428,1.28,3.8
2025-08-20,8,5.45,7.3,93.83523741387435,Thorthormi,4428,1.28,3.8
2025-08-21,8,5.65,2.9,81.06643881767582,Thorthormi,4428,1.28,3.8
2025-08-22,8,5.35,2.6,81.33502236825282,Thorthormi,4428,1.28,3.8
2025-08-23,8,5.550000000000001,8.9,84.22626601282295,Thorthormi,4428,1.28,3.8
2025-08-24,8,5.3,2.2,94.06289829866802,Thorthormi,4428,1.28,3.8
2025-08-25,8,5.0,2.1,78.81635073591333,Thorthormi,4428,1.28,3.8
2025-08-26,8,5.9,3.3,78.89551904099388,Thorthormi,4428,1.28,3.8
2025-08-27,8,5.449999999999999,3.3,81.36877023177743,Thorthormi,4428,1.28,3.8
2025-08-28,8,4.6,5.4,76.66952156825424,Thorthormi,4428,1.28,3.8
2025-08-29,8,3.9000000000000004,7.3,84.21881507222723,Thorthormi,4428,1.28,3.8
2025-08-30,8,4.65,4.1,81.71487134854262,Thorthormi,4428,1.28,3.8
2025-08-31,8,4.35,2.3,77.57677423643538,Thorthormi,4428,1.28,3.8
2025-09-01,9,4.0,2.9,85.82591477441477,Thorthormi,4428,1.28,3.8
2025-09-02,9,3.6500000000000004,0.7,86.65753146861172,Thorthormi,4428,1.28,3.8
2025-09-03,9,4.8999999999999995,3.1,80.92509194022588,Thorthormi,4428,1.28,3.8
2025-09-04,9,3.5500000000000003,0.8,79.51735935460934,Thorthormi,4428,1.28,3.8
2025-09-05,9,4.3500000000000005,3.7,86.10297759209348,Thorthormi,4428,1.28,3.8
2025-09-06,9,4.3999999999999995,2.7,86.50680080476475,Thorthormi,4428,1.28,3.8
2025-09-07,9,4.4,1.6,84.79999964013126,Thorthormi,4428,1.28,3.8
2025-09-08,9,4.05,1.2,91.17177351687032,Thorthormi,4428,1.28,3.8
2025-09-09,9,4.2,1.7,79.01628061857981,Thorthormi,4428,1.28,3.8
2025-09-10,9,4.35,1.7,84.91313848246871,Thorthormi,4428,1.28,3.8
2025-09-11,9,4.6,2.1,76.79545589557486,Thorthormi,4428,1.28,3.8
2025-09-12,9,4.75,4.5,76.77343226469229,Thorthormi,4428,1.28,3.8
2025-09-13,9,5.699999999999999,10.0,92.02885016254999,Thorthormi,4428,1.28,3.8
2025-09-14,9,4.7,6.1,89.7283864029641,Thorthormi,4428,1.28,3.8
2025-09-15,9,3.6999999999999997,6.3,75.6162095668413,Thorthormi,4428,1.28,3.8
2025-09-16,9,3.1,8.4,80.15026576060399,Thorthormi,4428,1.28,3.8
2025-09-17,9,4.1,4.1,94.84204295679052,Thorthormi,4428,1.28,3.8
2025-09-18,9,4.3500000000000005,3.0,92.75064680583098,Thorthormi,4428,1.28,3.8
2025-09-19,9,3.05,5.1,82.4075402618977,Thorthormi,4428,1.28,3.8
2025-09-20,9,4.55,4.5,92.4531697730641,Thorthormi,4428,1.28,3.8
2025-09-21,9,3.6500000000000004,1.9,93.5866176771361,Thorthormi,4428,1.28,3.8
2025-09-22,9,2.15,2.1,88.49981632481393,Thorthormi,4428,1.28,3.8
2025-09-23,9,3.1999999999999997,0.5,79.97151267395472,Thorthormi,4428,1.28,3.8
2025-09-24,9,1.5000000000000004,1.3,86.09157621255912,Thorthormi,4428,1.28,3.8
2025-09-25,9,2.15,0.8,85.54795928620773,Thorthormi,4428,1.28,3.8
2025-09-26,9,2.7,2.0,85.67866495704494,Thorthormi,4428,1.28,3.8
2025-09-27,9,3.45,1.5,78.31621543704375,Thorthormi,4428,1.28,3.8
2025-09-28,9,2.8499999999999996,4.2,79.12153532298636,Thorthormi,4428,1.28,3.8
2025-09-29,9,3.05,1.5,79.15540532323897,Thorthormi,4428,1.28,3.8
2025-09-30,9,3.6999999999999997,1.1,85.27458777915368,Thorthormi,4428,1.28,3.8
2025-10-01,10,2.2,1.4,80.5195383925958,Thorthormi,4428,1.28,3.8
2025-10-02,10,2.3,2.7,84.28890703638451,Thorthormi,4428,1.28,3.8
2025-10-03,10,1.6,3.4,79.6915591659009,Thorthormi,4428,1.28,3.8
2025-10-04,10,1.35,0.9,78.66107365354176,Thorthormi,4428,1.28,3.8
2025-10-05,10,-1.2,0.1,79.55662186690543,Thorthormi,4428,1.28,3.8
2025-10-06,10,-3.3000000000000003,0.0,41.83100630323153,Thorthormi,4428,1.28,3.8
2025-10-07,10,-4.050000000000001,0.0,61.28382055125502,Thorthormi,4428,1.28,3.8
2025-10-08,10,-0.75,0.0,46.971942508641966,Thorthormi,4428,1.28,3.8
2025-10-09,10,-2.4999999999999996,0.0,68.24629021268692,Thorthormi,4428,1.28,3.8
2025-10-10,10,-2.1500000000000004,0.0,67.50911959841443,Thorthormi,4428,1.28,3.8
2025-10-11,10,-3.85,0.0,44.06561576611914,Thorthormi,4428,1.28,3.8
2025-10-12,10,-5.800000000000001,0.0,42.920617579513966,Thorthormi,4428,1.28,3.8
2025-10-13,10,-5.05,0.0,43.67298718116182,Thorthormi,4428,1.28,3.8
2025-10-14,10,-3.2499999999999996,0.0,56.57355374834168,Thorthormi,4428,1.28,3.8
2025-10-15,10,-4.199999999999999,0.0,42.865152834199485,Thorthormi,4428,1.28,3.8
2025-10-16,10,-3.0500000000000003,0.0,53.40620528653282,Thorthormi,4428,1.28,3.8
2025-10-17,10,-2.0999999999999996,0.0,43.899009659131806,Thorthormi,4428,1.28,3.8
2025-10-18,10,-3.15,0.0,48.86486775735369,Thorthormi,4428,1.28,3.8
2025-10-19,10,-2.0,0.0,41.03786317694716,Thorthormi,4428,1.28,3.8
2025-10-20,10,-1.4499999999999997,0.0,63.05765170769672,Thorthormi,4428,1.28,3.8
2025-10-21,10,-1.0,0.0,57.50890808449255,Thorthormi,4428,1.28,3.8
2025-10-22,10,-1.4499999999999997,0.0,40.335728743782795,Thorthormi,4428,1.28,3.8
2025-10-23,10,-0.8500000000000001,0.0,69.88973548576847,Thorthormi,4428,1.28,3.8
2025-10-24,10,-4.3,0.7,80.88710483702833,Thorthormi,4428,1.28,3.8
2025-10-25,10,-4.9,0.2,79.44146113232549,Thorthormi,4428,1.28,3.8
2025-10-26,10,-4.050000000000001,0.9,81.05209385618949,Thorthormi,4428,1.28,3.8
2025-10-27,10,-4.699999999999999,0.4,76.87350385333754,Thorthormi,4428,1.28,3.8
2025-10-28,10,-1.7,3.3,81.70900742659813,Thorthormi,4428,1.28,3.8
2025-10-29,10,-0.55,2.6,81.16890212356657,Thorthormi,4428,1.28,3.8
2025-10-30,10,-0.8,3.2,80.17658433625355,Thorthormi,4428,1.28,3.8
2025-10-31,10,-0.6499999999999999,2.1,76.35149823405966,Thorthormi,4428,1.28,3.8
2025-11-01,11,-0.3,4.0,88.36237151640907,Thorthormi,4428,1.28,3.8
2025-11-02,11,-3.4499999999999997,1.9,77.3037858099036,Thorthormi,4428,1.28,3.8
2025-11-03,11,-8.149999999999999,0.0,69.38810272595182,Thorthormi,4428,1.28,3.8
2025-11-04,11,-5.85,0.0,51.28775966139832,Thorthormi,4428,1.28,3.8
2025-11-05,11,-4.55,0.0,68.28505298213015,Thorthormi,4428,1.28,3.8
2025-11-06,11,-7.9,0.0,59.61249605289058,Thorthormi,4428,1.28,3.8
2025-11-07,11,-7.3,0.0,67.66347154921414,Thorthormi,4428,1.28,3.8
2025-11-08,11,-5.8,0.0,49.2061129682906,Thorthormi,4428,1.28,3.8
2025-11-09,11,-7.0,0.4,91.50991884905542,Thorthormi,4428,1.28,3.8
2025-11-10,11,-6.8500000000000005,0.0,65.54999863454499,Thorthormi,4428,1.28,3.8
2025-11-11,11,-6.05,0.0,65.96361715286609,Thorthormi,4428,1.28,3.8
2025-11-12,11,-5.7,0.0,47.73804375692963,Thorthormi,4428,1.28,3.8
2025-11-13,11,-6.0,0.0,62.14935670941777,Thorthormi,4428,1.28,3.8
2025-11-14,11,-6.8,0.0,66.53591182278643,Thorthormi,4428,1.28,3.8
2025-11-15,11,-8.15,0.0,41.95084474794604,Thorthormi,4428,1.28,3.8
2025-11-16,11,-8.6,0.0,41.78270411169605,Thorthormi,4428,1.28,3.8
2025-11-17,11,-9.1,0.0,57.95232609431869,Thorthormi,4428,1.28,3.8
2025-11-18,11,-9.4,0.0,68.52966310852254,Thorthormi,4428,1.28,3.8
2025-11-19,11,-9.450000000000001,0.0,63.379436549685224,Thorthormi,4428,1.28,3.8
2025-11-20,11,-8.350000000000001,0.6,90.52425013302286,Thorthormi,4428,1.28,3.8
2025-11-21,11,-9.850000000000001,0.9,81.72072701608131,Thorthormi,4428,1.28,3.8
2025-11-22,11,-8.85,0.5,81.43089962766555,Thorthormi,4428,1.28,3.8
2025-11-23,11,-9.049999999999999,0.2,77.46971926641783,Thorthormi,4428,1.28,3.8
2025-11-24,11,-9.6,0.5,90.83351338352449,Thorthormi,4428,1.28,3.8
2025-11-25,11,-10.2,0.0,44.79812795453747,Thorthormi,4428,1.28,3.8
2025-11-26,11,-8.5,0.0,57.522493227334344,Thorthormi,4428,1.28,3.8
2025-11-27,11,-9.799999999999999,0.0,50.75440673993641,Thorthormi,4428,1.28,3.8
2025-11-28,11,-9.049999999999999,0.0,56.68093534534789,Thorthormi,4428,1.28,3.8
2025-11-29,11,-8.35,0.0,42.15514699789398,Thorthormi,4428,1.28,3.8
2025-11-30,11,-7.4,0.0,64.62978320322648,Thorthormi,4428,1.28,3.8
2025-12-01,12,-5.1,0.0,67.03302584924195,Thorthormi,4428,1.28,3.8
2025-12-02,12,-7.2,0.0,43.48774634444578,Thorthormi,4428,1.28,3.8
2025-12-03,12,-9.899999999999999,0.5,82.39157914211768,Thorthormi,4428,1.28,3.8
2025-12-04,12,-10.05,0.0,49.03090957105228,Thorthormi,4428,1.28,3.8
2025-12-05,12,-9.9,0.0,68.40701336880832,Thorthormi,4428,1.28,3.8
2025-12-06,12,-9.100000000000001,0.0,64.39288058832003,Thorthormi,4428,1.28,3.8
2025-12-07,12,-8.55,0.0,40.19237954545979,Thorthormi,4428,1.28,3.8
2025-12-08,12,-9.35,0.0,56.8832479605239,Thorthormi,4428,1.28,3.8
2025-12-09,12,-11.25,0.0,47.84390776603325,Thorthormi,4428,1.28,3.8
2025-12-10,12,-12.45,0.0,69.48166880633336,Thorthormi,4428,1.28,3.8
2025-12-11,12,-11.899999999999999,0.0,64.48183987567265,Thorthormi,4428,1.28,3.8
2025-12-12,12,-12.0,0.0,43.04615906505026,Thorthormi,4428,1.28,3.8
2025-12-13,12,-11.65,0.0,65.95998684576537,Thorthormi,4428,1.28,3.8
2025-12-14,12,-11.55,0.0,57.07015851716512,Thorthormi,4428,1.28,3.8
2025-12-15,12,-10.65,0.0,48.59541799588085,Thorthormi,4428,1.28,3.8
2025-12-16,12,-10.65,0.0,61.703143453922515,Thorthormi,4428,1.28,3.8
2025-12-17,12,-11.35,0.0,54.803613392362976,Thorthormi,4428,1.28,3.8
2025-12-18,12,-10.15,0.0,45.004360863994,Thorthormi,4428,1.28,3.8
2025-12-19,12,-7.45,0.0,45.070699695882425,Thorthormi,4428,1.28,3.8
2025-12-20,12,-7.05,0.0,52.916194842831075,Thorthormi,4428,1.28,3.8
2025-12-21,12,-5.7,0.0,57.90456269996132,Thorthormi,4428,1.28,3.8
2025-12-22,12,-5.7,0.0,45.87564366702318,Thorthormi,4428,1.28,3.8
2025-12-23,12,-5.4,0.0,50.81559439031103,Thorthormi,4428,1.28,3.8
2025-12-24,12,-7.15,0.0,60.34831536002017,Thorthormi,4428,1.28,3.8
2025-12-25,12,-8.799999999999999,0.0,57.53685840961652,Thorthormi,4428,1.28,3.8
2025-12-26,12,-8.25,0.0,55.42850782638568,Thorthormi,4428,1.28,3.8
2025-12-27,12,-8.350000000000001,0.0,43.36966153566626,Thorthormi,4428,1.28,3.8
2025-12-28,12,-9.2,0.0,68.745608403546,Thorthormi,4428,1.28,3.8
2025-12-29,12,-13.350000000000001,0.3,87.0754686555324,Thorthormi,4428,1.28,3.8
2025-12-30,12,-13.7,0.0,60.39741566935138,Thorthormi,4428,1.28,3.8
2025-12-31,12,-15.200000000000001,0.0,68.63594985136695,Thorthormi,4428,1.28,3.8
2026-01-01,1,-14.4,0.0,41.333013174948626,Thorthormi,4428,1.28,3.8
2026-01-02,1,-14.0,0.2,89.56706895377917,Thorthormi,4428,1.28,3.8
2026-01-03,1,-15.0,0.1,90.9145040237022,Thorthormi,4428,1.28,3.8
2026-01-04,1,-15.600000000000001,0.0,41.97702316760887,Thorthormi,4428,1.28,3.8
2026-01-05,1,-13.6,0.0,62.05681496095279,Thorthormi,4428,1.28,3.8
2026-01-06,1,-13.8,0.0,42.98809132068859,Thorthormi,4428,1.28,3.8
2026-01-07,1,-14.1,0.0,65.20301782940788,Thorthormi,4428,1.28,3.8
2026-01-08,1,-10.6,0.0,41.03151326441215,Thorthormi,4428,1.28,3.8
2026-01-09,1,-10.049999999999999,0.0,62.89849947032473,Thorthormi,4428,1.28,3.8
2026-01-10,1,-10.6,0.0,52.980793052455695,Thorthormi,4428,1.28,3.8
2026-01-11,1,-12.45,0.0,46.73735156843272,Thorthormi,4428,1.28,3.8
2026-01-12,1,-12.0,0.0,65.04937516713382,Thorthormi,4428,1.28,3.8
2026-01-13,1,-10.9,0.0,52.328402011378614,Thorthormi,4428,1.28,3.8
2026-01-14,1,-11.7,0.0,50.024737231410285,Thorthormi,4428,1.28,3.8
2026-01-15,1,-14.25,0.1,80.7452201125095,Thorthormi,4428,1.28,3.8
2026-01-16,1,-15.55,0.0,47.94075264633023,Thorthormi,4428,1.28,3.8
2026-01-17,1,-10.8,0.0,40.58316149024622,Thorthormi,4428,1.28,3.8
2026-01-18,1,-11.55,0.0,46.56987461152465,Thorthormi,4428,1.28,3.8
2026-01-19,1,-13.4,0.0,52.03460993467716,Thorthormi,4428,1.28,3.8
2026-01-20,1,-12.1,0.0,41.49587169125093,Thorthormi,4428,1.28,3.8
2026-01-21,1,-11.0,0.1,94.56213288449081,Thorthormi,4428,1.28,3.8
2026-01-22,1,-12.05,0.0,58.093237433124344,Thorthormi,4428,1.28,3.8
2026-01-23,1,-12.1,0.0,59.54017844379244,Thorthormi,4428,1.28,3.8
2026-01-24,1,-13.35,0.0,52.76856295935062,Thorthormi,4428,1.28,3.8
2026-01-25,1,-12.6,0.1,80.2345765397686,Thorthormi,4428,1.28,3.8
2026-01-26,1,-13.9,0.0,69.29987366574863,Thorthormi,4428,1.28,3.8
2026-01-27,1,-12.25,0.0,68.17656611507071,Thorthormi,4428,1.28,3.8
2026-01-28,1,-13.5,0.4,89.38220377665428,Thorthormi,4428,1.28,3.8
2026-01-29,1,-12.25,0.9,84.18672589931363,Thorthormi,4428,1.28,3.8
2026-01-30,1,-14.549999999999999,0.0,69.63620400662889,Thorthormi,4428,1.28,3.8
2026-01-31,1,-12.5,0.0,49.59131051524918,Thorthormi,4428,1.28,3.8
2026-02-01,2,-12.299999999999999,0.0,58.58220818922782,Thorthormi,4428,1.28,3.8
2026-02-02,2,-13.600000000000001,0.1,89.89366274621757,Thorthormi,4428,1.28,3.8
2026-02-03,2,-11.9,0.1,77.15094237421741,Thorthormi,4428,1.28,3.8
2026-02-04,2,-13.35,0.9,76.2622012294476,Thorthormi,4428,1.28,3.8
2026-02-05,2,-14.6,0.1,83.07537004143018,Thorthormi,4428,1.28,3.8
2026-02-06,2,-13.3,0.0,41.69554962914773,Thorthormi,4428,1.28,3.8
2026-02-07,2,-13.85,0.3,92.59937992105174,Thorthormi,4428,1.28,3.8
2026-02-08,2,-12.450000000000001,0.5,91.78729758272799,Thorthormi,4428,1.28,3.8
2026-02-09,2,-12.75,0.8,79.83875185959121,Thorthormi,4428,1.28,3.8
2026-02-10,2,-11.600000000000001,0.5,81.86085934479976,Thorthormi,4428,1.28,3.8
2026-02-11,2,-11.7,0.3,75.24339559940796,Thorthormi,4428,1.28,3.8
2026-02-12,2,-12.5,0.0,56.95876207331471,Thorthormi,4428,1.28,3.8
2026-02-13,2,-13.7,0.1,89.23831538832565,Thorthormi,4428,1.28,3.8
2026-02-14,2,-10.2,0.3,91.40065964778316,Thorthormi,4428,1.28,3.8
2026-02-15,2,-10.9,0.1,86.19911827853029,Thorthormi,4428,1.28,3.8
2026-02-16,2,-11.65,0.0,46.541812683017696,Thorthormi,4428,1.28,3.8
2026-02-17,2,-11.5,0.0,51.609020419826095,Thorthormi,4428,1.28,3.8
2026-02-18,2,-11.65,0.0,56.91873499741875,Thorthormi,4428,1.28,3.8
2026-02-19,2,-12.950000000000001,0.6,78.82467988399176,Thorthormi,4428,1.28,3.8
2026-02-20,2,-12.100000000000001,0.0,52.56765251887253,Thorthormi,4428,1.28,3.8
2026-02-21,2,-12.55,0.0,47.72729593070485,Thorthormi,4428,1.28,3.8
2026-02-22,2,-13.0,0.0,64.25606453980475,Thorthormi,4428,1.28,3.8
2026-02-23,2,-13.45,0.0,58.77199693260289,Thorthormi,4428,1.28,3.8
2026-02-24,2,-15.45,0.0,42.09347536196308,Thorthormi,4428,1.28,3.8
2026-02-25,2,-12.25,0.1,89.0095107843316,Thorthormi,4428,1.28,3.8
2026-02-26,2,-11.85,0.3,87.9643051635235,Thorthormi,4428,1.28,3.8
2026-02-27,2,-10.5,1.1,89.86060252019935,Thorthormi,4428,1.28,3.8
2026-02-28,2,-11.0,0.8,93.20520375634001,Thorthormi,4428,1.28,3.8
2026-03-01,3,-11.4,0.7,94.59632962927992,Thorthormi,4428,1.28,3.8
2026-03-02,3,-11.049999999999999,0.2,77.07191777692985,Thorthormi,4428,1.28,3.8
2026-03-03,3,-8.4,0.1,81.5723053470602,Thorthormi,4428,1.28,3.8
2026-03-04,3,-8.4,0.0,43.699204921264844,Thorthormi,4428,1.28,3.8
2026-03-05,3,-7.05,0.0,59.099686699625536,Thorthormi,4428,1.28,3.8
2026-03-06,3,-5.7,0.0,43.90441051095882,Thorthormi,4428,1.28,3.8
2026-03-07,3,-5.55,0.0,61.50943451388294,Thorthormi,4428,1.28,3.8
2026-03-08,3,-4.800000000000001,0.1,90.71931688231126,Thorthormi,4428,1.28,3.8
2026-03-09,3,-8.1,0.6,85.40562347662224,Thorthormi,4428,1.28,3.8
2026-03-10,3,-9.1,0.0,50.20674856875183,Thorthormi,4428,1.28,3.8
2026-03-11,3,-9.05,0.8,89.57324810213461,Thorthormi,4428,1.28,3.8
2026-03-12,3,-8.25,0.3,83.76997559416303,Thorthormi,4428,1.28,3.8
2026-03-13,3,-7.3500000000000005,0.9,80.65442497057764,Thorthormi,4428,1.28,3.8
2026-03-14,3,-9.95,0.3,94.52614458483747,Thorthormi,4428,1.28,3.8
2026-03-15,3,-9.1,0.3,85.53339877786405,Thorthormi,4428,1.28,3.8
2026-03-16,3,-12.5,0.7,84.93739917005213,Thorthormi,4428,1.28,3.8
2026-03-17,3,-13.0,0.2,87.8795737601626,Thorthormi,4428,1.28,3.8
2026-03-18,3,-13.15,0.0,43.36331803518418,Thorthormi,4428,1.28,3.8
2026-03-19,3,-12.2,0.0,44.9953172434336,Thorthormi,4428,1.28,3.8
2026-03-20,3,-10.4,0.1,79.30418718385505,Thorthormi,4428,1.28,3.8
2026-03-21,3,-8.05,0.0,56.052075404787004,Thorthormi,4428,1.28,3.8
2026-03-22,3,-9.7,0.1,86.22977942304577,Thorthormi,4428,1.28,3.8
2026-03-23,3,-6.6499999999999995,0.2,85.09351627659476,Thorthormi,4428,1.28,3.8
2026-03-24,3,-8.2,1.2,76.83646212980759,Thorthormi,4428,1.28,3.8
2026-03-25,3,-10.049999999999999,0.1,83.48099989400771,Thorthormi,4428,1.28,3.8
2026-03-26,3,-10.35,0.4,91.5557078875686,Thorthormi,4428,1.28,3.8
2026-03-27,3,-7.35,0.4,89.69420489619574,Thorthormi,4428,1.28,3.8
2026-03-28,3,-8.9,0.4,89.94015130920897,Thorthormi,4428,1.28,3.8
2026-03-29,3,-9.450000000000001,0.0,46.571038163104944,Thorthormi,4428,1.28,3.8
2026-03-30,3,-7.5,0.0,61.18974347806311,Thorthormi,4428,1.28,3.8
2026-03-31,3,-7.6000000000000005,0.4,84.38570259013945,Thorthormi,4428,1.28,3.8
2026-04-01,4,-4.0,0.4,89.81930412057262,Thorthormi,4428,1.28,3.8
2026-04-02,4,-6.949999999999999,0.0,49.341910054224385,Thorthormi,4428,1.28,3.8
2026-04-03,4,-4.4,0.3,93.66888622926979,Thorthormi,4428,1.28,3.8
2026-04-04,4,-4.5,0.3,85.99320468002539,Thorthormi,4428,1.28,3.8
2026-04-05,4,-5.7,0.6,87.65548371585258,Thorthormi,4428,1.28,3.8
2026-04-06,4,-8.3,0.5,90.1392734771571,Thorthormi,4428,1.28,3.8
2026-04-07,4,-9.2,0.2,76.94059744864708,Thorthormi,4428,1.28,3.8
2026-04-08,4,-10.4,0.1,91.36907962117215,Thorthormi,4428,1.28,3.8
2026-04-09,4,-6.4,0.7,84.51995678650374,Thorthormi,4428,1.28,3.8
2026-04-10,4,-6.1,0.8,92.6881231893975,Thorthormi,4428,1.28,3.8
2026-04-11,4,-8.6,0.6,93.90023206702011,Thorthormi,4428,1.28,3.8
2026-04-12,4,-5.699999999999999,1.4,94.66849827642265,Thorthormi,4428,1.28,3.8
2026-04-13,4,-4.75,1.5,78.08298271944646,Thorthormi,4428,1.28,3.8
2026-04-14,4,-6.4,1.7,86.00904534225013,Thorthormi,4428,1.28,3.8
2026-04-15,4,-6.5,0.2,76.55583782308858,Thorthormi,4428,1.28,3.8
2026-04-16,4,-8.45,0.1,87.95086195897275,Thorthormi,4428,1.28,3.8
2026-04-17,4,-4.3999999999999995,0.3,85.05584799325526,Thorthormi,4428,1.28,3.8
2026-04-18,4,-5.25,0.4,87.05643702450774,Thorthormi,4428,1.28,3.8
2026-04-19,4,-5.85,0.0,44.332067770630616,Thorthormi,4428,1.28,3.8
2026-04-20,4,-5.45,0.8,82.98469131650297,Thorthormi,4428,1.28,3.8
2026-04-21,4,-6.5,0.0,47.636845779639735,Thorthormi,4428,1.28,3.8
2026-04-22,4,-7.0,0.0,69.14643154293077,Thorthormi,4428,1.28,3.8
2026-04-23,4,-4.5,0.0,41.55605471389259,Thorthormi,4428,1.28,3.8
2026-04-24,4,-3.4,0.0,51.84076669360617,Thorthormi,4428,1.28,3.8
2026-04-25,4,-7.050000000000001,0.2,81.2561583932064,Thorthormi,4428,1.28,3.8
2026-04-26,4,-4.550000000000001,0.1,85.0825533378213,Thorthormi,4428,1.28,3.8
2026-04-27,4,-4.0,0.1,80.11728087540591,Thorthormi,4428,1.28,3.8
2026-04-28,4,-3.2499999999999996,0.0,52.64313153004458,Thorthormi,4428,1.28,3.8
2026-04-29,4,-4.5,0.1,89.26101544323696,Thorthormi,4428,1.28,3.8
2026-04-30,4,-3.1500000000000004,0.7,76.32337676675508,Thorthormi,4428,1.28,3.8
2026-05-01,5,-3.6,0.0,41.38706243677367,Thorthormi,4428,1.28,3.8
2026-05-02,5,-5.6,0.0,44.131400550038826,Thorthormi,4428,1.28,3.8
2026-05-03,5,-2.15,0.6,81.28201758006017,Thorthormi,4428,1.28,3.8
2026-05-04,5,-3.2,1.2,89.93759573106834,Thorthormi,4428,1.28,3.8
2026-05-05,5,-2.25,0.5,94.42124650175217,Thorthormi,4428,1.28,3.8
2026-05-06,5,-2.95,1.4,78.70392544660261,Thorthormi,4428,1.28,3.8
2026-05-07,5,-5.3,0.2,94.34049247715768,Thorthormi,4428,1.28,3.8
2026-05-08,5,-6.3,0.0,68.14242489857611,Thorthormi,4428,1.28,3.8
2026-05-09,5,-5.1,0.0,54.130391961687046,Thorthormi,4428,1.28,3.8
2026-05-10,5,-4.2,0.1,83.68970569436539,Thorthormi,4428,1.28,3.8
2026-05-11,5,-3.1500000000000004,0.0,65.43222163003674,Thorthormi,4428,1.28,3.8
2026-05-12,5,-4.300000000000001,0.0,41.420226033562535,Thorthormi,4428,1.28,3.8
2026-05-13,5,-4.8,0.3,84.5186945596022,Thorthormi,4428,1.28,3.8
2026-05-14,5,-0.7000000000000002,1.5,77.49733127400668,Thorthormi,4428,1.28,3.8
2026-05-15,5,0.25,1.4,87.54564005770133,Thorthormi,4428,1.28,3.8
2026-05-16,5,-0.050000000000000044,2.3,85.31533859870834,Thorthormi,4428,1.28,3.8
2026-05-17,5,-3.8000000000000003,0.3,84.00912372538329,Thorthormi,4428,1.28,3.8
2026-05-18,5,-3.55,0.0,48.37127469145415,Thorthormi,4428,1.28,3.8
2026-05-19,5,-2.1500000000000004,0.0,55.84437432302064,Thorthormi,4428,1.28,3.8
2026-05-20,5,-1.6,0.0,51.261675158332515,Thorthormi,4428,1.28,3.8
2026-05-21,5,-2.8000000000000003,0.4,93.69256251403586,Thorthormi,4428,1.28,3.8
2026-05-22,5,-0.6499999999999999,0.7,82.79497312033014,Thorthormi,4428,1.28,3.8
2026-05-23,5,-0.8999999999999999,1.0,75.48142149575428,Thorthormi,4428,1.28,3.8
2026-05-24,5,0.55,2.5,94.97785233043228,Thorthormi,4428,1.28,3.8
2026-05-25,5,-1.0499999999999998,0.3,87.54184525527764,Thorthormi,4428,1.28,3.8
2026-05-26,5,0.050000000000000044,2.0,77.93030846200105,Thorthormi,4428,1.28,3.8
2026-05-27,5,-0.7000000000000002,0.0,68.1971764704423,Thorthormi,4428,1.28,3.8
2026-05-28,5,-0.4999999999999999,0.0,51.89446565494446,Thorthormi,4428,1.28,3.8
2026-05-29,5,-2.05,0.0,46.50758038959944,Thorthormi,4428,1.28,3.8
2026-05-30,5,-2.45,0.0,51.72802859387939,Thorthormi,4428,1.28,3.8
2026-05-31,5,-2.0500000000000003,0.0,50.005561050083756,Thorthormi,4428,1.28,3.8
2026-06-01,6,-1.4999999999999996,0.0,54.68037441527041,Thorthormi,4428,1.28,3.8
2026-06-02,6,-1.2000000000000002,0.5,91.61292889519785,Thorthormi,4428,1.28,3.8
2026-06-03,6,0.30000000000000027,0.5,77.78557194202484,Thorthormi,4428,1.28,3.8
2026-06-04,6,1.35,0.2,90.99243856123294,Thorthormi,4428,1.28,3.8
2026-06-05,6,-1.1999999999999997,0.3,94.74797885685373,Thorthormi,4428,1.28,3.8
2026-06-06,6,1.5999999999999999,0.7,77.44727926698388,Thorthormi,4428,1.28,3.8
2026-06-07,6,1.4000000000000001,1.4,88.46593918815786,Thorthormi,4428,1.28,3.8
2026-06-08,6,1.0499999999999998,0.4,87.48527246354519,Thorthormi,4428,1.28,3.8
2026-06-09,6,1.55,1.4,80.83713813233116,Thorthormi,4428,1.28,3.8
2026-06-10,6,1.2999999999999998,0.2,79.09068451302524,Thorthormi,4428,1.28,3.8
2026-06-11,6,0.75,0.9,76.85217129918553,Thorthormi,4428,1.28,3.8
2026-06-12,6,1.3,0.0,66.01184809731483,Thorthormi,4428,1.28,3.8
2026-06-13,6,-0.6499999999999999,0.0,48.13040049162424,Thorthormi,4428,1.28,3.8
2026-06-14,6,0.8500000000000001,0.4,80.91604090065088,Thorthormi,4428,1.28,3.8
2026-06-15,6,1.45,0.2,86.13265688495245,Thorthormi,4428,1.28,3.8
2023-06-16,6,6.25,5.2,94.24160655415756,Lugge Tsho,4350,1.1,3.2
2023-06-17,6,7.1,4.1,77.81940707478188,Lugge Tsho,4350,1.1,3.2
2023-06-18,6,7.1,1.9,84.57412394258992,Lugge Tsho,4350,1.1,3.2
2023-06-19,6,7.6000000000000005,2.3,88.18903815241264,Lugge Tsho,4350,1.1,3.2
2023-06-20,6,8.15,2.8,90.5062602219908,Lugge Tsho,4350,1.1,3.2
2023-06-21,6,6.949999999999999,4.1,77.08333894694746,Lugge Tsho,4350,1.1,3.2
2023-06-22,6,4.05,2.9,79.40507385719891,Lugge Tsho,4350,1.1,3.2
2023-06-23,6,7.3,1.4,79.67957664202858,Lugge Tsho,4350,1.1,3.2
2023-06-24,6,7.45,2.1,76.5337561904342,Lugge Tsho,4350,1.1,3.2
2023-06-25,6,7.4,8.8,78.1822649323515,Lugge Tsho,4350,1.1,3.2
2023-06-26,6,5.8999999999999995,9.7,86.24694927183684,Lugge Tsho,4350,1.1,3.2
2023-06-27,6,8.0,14.3,87.85107410622678,Lugge Tsho,4350,1.1,3.2
2023-06-28,6,6.300000000000001,4.6,94.04670952874399,Lugge Tsho,4350,1.1,3.2
2023-06-29,6,7.199999999999999,2.4,94.35215280973597,Lugge Tsho,4350,1.1,3.2
2023-06-30,6,7.8,1.4,86.8055362056945,Lugge Tsho,4350,1.1,3.2
2023-07-01,7,8.35,2.1,75.4035650019297,Lugge Tsho,4350,1.1,3.2
2023-07-02,7,8.45,2.4,85.16258911401121,Lugge Tsho,4350,1.1,3.2
2023-07-03,7,8.5,4.6,75.23792277225624,Lugge Tsho,4350,1.1,3.2
2023-07-04,7,8.0,3.3,84.46738778631479,Lugge Tsho,4350,1.1,3.2
2023-07-05,7,7.800000000000001,4.5,93.6647957762051,Lugge Tsho,4350,1.1,3.2
2023-07-06,7,8.4,4.9,92.96525417208036,Lugge Tsho,4350,1.1,3.2
2023-07-07,7,8.15,3.7,86.40626971452089,Lugge Tsho,4350,1.1,3.2
2023-07-08,7,8.6,5.1,85.85623254498155,Lugge Tsho,4350,1.1,3.2
2023-07-09,7,9.2,6.9,91.59700709596935,Lugge Tsho,4350,1.1,3.2
2023-07-10,7,9.45,2.0,92.50255246062841,Lugge Tsho,4350,1.1,3.2
2023-07-11,7,9.2,5.3,82.13077367468628,Lugge Tsho,4350,1.1,3.2
2023-07-12,7,6.75,26.8,86.03113925492029,Lugge Tsho,4350,1.1,3.2
2023-07-13,7,7.0,12.8,89.29029842813353,Lugge Tsho,4350,1.1,3.2
2023-07-14,7,8.7,8.3,78.71159130736928,Lugge Tsho,4350,1.1,3.2
2023-07-15,7,9.4,13.8,86.86966484851915,Lugge Tsho,4350,1.1,3.2
2023-07-16,7,8.9,7.9,85.40905260152167,Lugge Tsho,4350,1.1,3.2
2023-07-17,7,8.05,13.8,88.48226694836376,Lugge Tsho,4350,1.1,3.2
2023-07-18,7,7.5,4.8,75.68506660923069,Lugge Tsho,4350,1.1,3.2
2023-07-19,7,8.25,14.9,84.83776733038958,Lugge Tsho,4350,1.1,3.2
2023-07-20,7,9.3,9.0,85.10061797907099,Lugge Tsho,4350,1.1,3.2
2023-07-21,7,6.5,12.8,85.32347629684698,Lugge Tsho,4350,1.1,3.2
2023-07-22,7,8.75,17.7,75.76510725787222,Lugge Tsho,4350,1.1,3.2
2023-07-23,7,8.1,6.4,88.84079196857239,Lugge Tsho,4350,1.1,3.2
2023-07-24,7,6.85,7.6,90.96668140333898,Lugge Tsho,4350,1.1,3.2
2023-07-25,7,6.7,5.8,94.85393483696402,Lugge Tsho,4350,1.1,3.2
2023-07-26,7,7.65,3.5,78.88582528416478,Lugge Tsho,4350,1.1,3.2
2023-07-27,7,7.35,7.3,94.18923784963624,Lugge Tsho,4350,1.1,3.2
2023-07-28,7,7.6,15.4,87.09712980204236,Lugge Tsho,4350,1.1,3.2
2023-07-29,7,9.0,2.7,90.85043317207187,Lugge Tsho,4350,1.1,3.2
2023-07-30,7,9.100000000000001,0.1,82.63436665446653,Lugge Tsho,4350,1.1,3.2
2023-07-31,7,9.05,0.8,78.01683901232165,Lugge Tsho,4350,1.1,3.2
2023-08-01,8,8.6,17.4,93.24884196347531,Lugge Tsho,4350,1.1,3.2
2023-08-02,8,9.65,15.0,86.81774451401574,Lugge Tsho,4350,1.1,3.2
2023-08-03,8,8.75,2.0,93.4844607926153,Lugge Tsho,4350,1.1,3.2
2023-08-04,8,8.0,4.5,81.28080607453369,Lugge Tsho,4350,1.1,3.2
2023-08-05,8,8.25,12.1,92.12685181836763,Lugge Tsho,4350,1.1,3.2
2023-08-06,8,8.850000000000001,9.2,83.74307146286876,Lugge Tsho,4350,1.1,3.2
2023-08-07,8,9.899999999999999,20.2,85.55076971873325,Lugge Tsho,4350,1.1,3.2
2023-08-08,8,10.0,15.8,81.18215339395357,Lugge Tsho,4350,1.1,3.2
2023-08-09,8,9.7,10.4,81.78004456550525,Lugge Tsho,4350,1.1,3.2
2023-08-10,8,8.1,7.5,89.83465967274287,Lugge Tsho,4350,1.1,3.2
2023-08-11,8,8.0,1.2,87.96919915793333,Lugge Tsho,4350,1.1,3.2
2023-08-12,8,8.600000000000001,3.4,80.15288509584444,Lugge Tsho,4350,1.1,3.2
2023-08-13,8,8.15,19.7,91.99498597563608,Lugge Tsho,4350,1.1,3.2
2023-08-14,8,9.350000000000001,0.7,83.13184993055069,Lugge Tsho,4350,1.1,3.2
2023-08-15,8,8.25,0.8,77.37654629593325,Lugge Tsho,4350,1.1,3.2
2023-08-16,8,8.65,14.9,86.4500738003771,Lugge Tsho,4350,1.1,3.2
2023-08-17,8,8.35,11.4,93.5371806670063,Lugge Tsho,4350,1.1,3.2
2023-08-18,8,8.5,17.0,79.98743506233234,Lugge Tsho,4350,1.1,3.2
2023-08-19,8,9.899999999999999,1.2,80.24403936301941,Lugge Tsho,4350,1.1,3.2
2023-08-20,8,9.2,7.7,84.6331706780691,Lugge Tsho,4350,1.1,3.2
2023-08-21,8,9.55,3.7,91.25523329459652,Lugge Tsho,4350,1.1,3.2
2023-08-22,8,7.45,3.5,76.72007145335556,Lugge Tsho,4350,1.1,3.2
2023-08-23,8,7.45,8.4,93.64376755467327,Lugge Tsho,4350,1.1,3.2
2023-08-24,8,6.3999999999999995,32.2,75.56364826215044,Lugge Tsho,4350,1.1,3.2
2023-08-25,8,6.800000000000001,14.6,79.68887979834867,Lugge Tsho,4350,1.1,3.2
2023-08-26,8,7.6499999999999995,9.6,84.21160927336797,Lugge Tsho,4350,1.1,3.2
2023-08-27,8,8.05,2.9,88.26692691479143,Lugge Tsho,4350,1.1,3.2
2023-08-28,8,7.45,4.6,90.70287054064062,Lugge Tsho,4350,1.1,3.2
2023-08-29,8,7.85,0.9,80.30673935470325,Lugge Tsho,4350,1.1,3.2
2023-08-30,8,7.550000000000001,1.1,88.45063206251983,Lugge Tsho,4350,1.1,3.2
2023-08-31,8,6.7,3.1,93.36192870751354,Lugge Tsho,4350,1.1,3.2
2023-09-01,9,6.5,0.6,85.7877123140991,Lugge Tsho,4350,1.1,3.2
2023-09-02,9,6.7,0.7,83.82598298674418,Lugge Tsho,4350,1.1,3.2
2023-09-03,9,5.3500000000000005,8.2,80.50636256947892,Lugge Tsho,4350,1.1,3.2
2023-09-04,9,5.8,2.5,87.54174518211435,Lugge Tsho,4350,1.1,3.2
2023-09-05,9,5.25,2.4,78.93869451755546,Lugge Tsho,4350,1.1,3.2
2023-09-06,9,6.05,6.3,92.49075490494867,Lugge Tsho,4350,1.1,3.2
2023-09-07,9,7.45,6.3,91.082955778138,Lugge Tsho,4350,1.1,3.2
2023-09-08,9,6.5,9.0,93.47604271693478,Lugge Tsho,4350,1.1,3.2
2023-09-09,9,7.1,2.3,81.37786517550886,Lugge Tsho,4350,1.1,3.2
2023-09-10,9,6.1000000000000005,0.6,90.23420665449314,Lugge Tsho,4350,1.1,3.2
2023-09-11,9,7.25,1.4,77.08225230680898,Lugge Tsho,4350,1.1,3.2
2023-09-12,9,7.1000000000000005,11.8,89.82775016910837,Lugge Tsho,4350,1.1,3.2
2023-09-13,9,7.3999999999999995,0.3,79.29791170234611,Lugge Tsho,4350,1.1,3.2
2023-09-14,9,7.25,4.5,87.1705496866648,Lugge Tsho,4350,1.1,3.2
2023-09-15,9,5.949999999999999,7.2,79.53006531430762,Lugge Tsho,4350,1.1,3.2
2023-09-16,9,4.5,0.3,79.46949092379815,Lugge Tsho,4350,1.1,3.2
2023-09-17,9,5.25,0.3,94.42139857297619,Lugge Tsho,4350,1.1,3.2
2023-09-18,9,4.15,0.0,62.11598520835623,Lugge Tsho,4350,1.1,3.2
2023-09-19,9,5.75,1.4,85.12191138493412,Lugge Tsho,4350,1.1,3.2
2023-09-20,9,6.3500000000000005,1.0,75.38875082609798,Lugge Tsho,4350,1.1,3.2
2023-09-21,9,5.050000000000001,8.8,80.57938582765368,Lugge Tsho,4350,1.1,3.2
2023-09-22,9,5.05,9.8,90.21348719609121,Lugge Tsho,4350,1.1,3.2
2023-09-23,9,4.5,15.7,82.58864771919212,Lugge Tsho,4350,1.1,3.2
2023-09-24,9,4.4,10.6,83.62606650245499,Lugge Tsho,4350,1.1,3.2
2023-09-25,9,5.0,2.7,88.23077468729522,Lugge Tsho,4350,1.1,3.2
2023-09-26,9,5.300000000000001,0.5,81.01698801344321,Lugge Tsho,4350,1.1,3.2
2023-09-27,9,3.95,0.6,80.26092956091478,Lugge Tsho,4350,1.1,3.2
2023-09-28,9,4.65,0.4,76.96243107028715,Lugge Tsho,4350,1.1,3.2
2023-09-29,9,4.25,0.5,81.5601820457141,Lugge Tsho,4350,1.1,3.2
2023-09-30,9,4.05,2.5,78.97751815656711,Lugge Tsho,4350,1.1,3.2
2023-10-01,10,5.8999999999999995,4.0,86.8762177102355,Lugge Tsho,4350,1.1,3.2
2023-10-02,10,7.05,9.0,79.08109011381785,Lugge Tsho,4350,1.1,3.2
2023-10-03,10,6.65,7.7,86.58144405386308,Lugge Tsho,4350,1.1,3.2
2023-10-04,10,3.5999999999999996,9.2,75.36534483819572,Lugge Tsho,4350,1.1,3.2
2023-10-05,10,5.050000000000001,6.6,91.49140866295586,Lugge Tsho,4350,1.1,3.2
2023-10-06,10,5.199999999999999,3.4,75.02546804083848,Lugge Tsho,4350,1.1,3.2
2023-10-07,10,3.3000000000000003,4.2,93.9054011753476,Lugge Tsho,4350,1.1,3.2
2023-10-08,10,5.3500000000000005,0.8,87.45744799375187,Lugge Tsho,4350,1.1,3.2
2023-10-09,10,4.75,4.6,75.82187133647483,Lugge Tsho,4350,1.1,3.2
2023-10-10,10,2.55,2.7,76.58635520385162,Lugge Tsho,4350,1.1,3.2
2023-10-11,10,1.9,3.1,86.05639099437306,Lugge Tsho,4350,1.1,3.2
2023-10-12,10,-1.35,0.5,91.43120228865683,Lugge Tsho,4350,1.1,3.2
2023-10-13,10,-1.7999999999999998,0.0,40.23324717470626,Lugge Tsho,4350,1.1,3.2
2023-10-14,10,-2.0999999999999996,0.0,44.435211649323676,Lugge Tsho,4350,1.1,3.2
2023-10-15,10,-1.0,0.4,91.98255609591342,Lugge Tsho,4350,1.1,3.2
2023-10-16,10,-1.65,0.0,48.56284674124247,Lugge Tsho,4350,1.1,3.2
2023-10-17,10,-0.55,0.0,42.13432052206619,Lugge Tsho,4350,1.1,3.2
2023-10-18,10,-3.6,0.2,86.32897642647612,Lugge Tsho,4350,1.1,3.2
2023-10-19,10,-1.7999999999999998,0.4,94.0805333423732,Lugge Tsho,4350,1.1,3.2
2023-10-20,10,-4.75,0.2,75.02274465007243,Lugge Tsho,4350,1.1,3.2
2023-10-21,10,-5.1499999999999995,0.0,59.385384557953806,Lugge Tsho,4350,1.1,3.2
2023-10-22,10,-6.6499999999999995,0.0,41.644359890284754,Lugge Tsho,4350,1.1,3.2
2023-10-23,10,-7.0,0.0,65.20957790931107,Lugge Tsho,4350,1.1,3.2
2023-10-24,10,-7.450000000000001,0.0,42.06670364705987,Lugge Tsho,4350,1.1,3.2
2023-10-25,10,-5.7,0.1,83.85868171392778,Lugge Tsho,4350,1.1,3.2
2023-10-26,10,-7.200000000000001,0.0,48.62955469645634,Lugge Tsho,4350,1.1,3.2
2023-10-27,10,-7.199999999999999,0.0,58.82666341037388,Lugge Tsho,4350,1.1,3.2
2023-10-28,10,-6.05,0.0,46.463159186781795,Lugge Tsho,4350,1.1,3.2
2023-10-29,10,-6.5,0.0,54.715740628320624,Lugge Tsho,4350,1.1,3.2
2023-10-30,10,-4.25,0.1,87.45166531322455,Lugge Tsho,4350,1.1,3.2
2023-10-31,10,-6.0,0.0,50.17674129463808,Lugge Tsho,4350,1.1,3.2
2023-11-01,11,-5.8,0.0,47.711720148255786,Lugge Tsho,4350,1.1,3.2
2023-11-02,11,-6.15,0.1,85.18833436035725,Lugge Tsho,4350,1.1,3.2
2023-11-03,11,-7.449999999999999,0.1,88.31604162848606,Lugge Tsho,4350,1.1,3.2
2023-11-04,11,-8.3,1.3,91.08325969318017,Lugge Tsho,4350,1.1,3.2
2023-11-05,11,-9.25,0.0,45.69590182978906,Lugge Tsho,4350,1.1,3.2
2023-11-06,11,-8.05,0.2,79.81555272567006,Lugge Tsho,4350,1.1,3.2
2023-11-07,11,-8.5,0.0,48.62095047512037,Lugge Tsho,4350,1.1,3.2
2023-11-08,11,-8.2,0.2,84.30628890123641,Lugge Tsho,4350,1.1,3.2
2023-11-09,11,-8.450000000000001,0.2,83.87975852841655,Lugge Tsho,4350,1.1,3.2
2023-11-10,11,-9.0,0.1,86.72864192423351,Lugge Tsho,4350,1.1,3.2
2023-11-11,11,-6.300000000000001,0.0,69.26864444679683,Lugge Tsho,4350,1.1,3.2
2023-11-12,11,-8.5,0.0,49.64131541885223,Lugge Tsho,4350,1.1,3.2
2023-11-13,11,-9.450000000000001,0.0,44.924143463997574,Lugge Tsho,4350,1.1,3.2
2023-11-14,11,-8.1,0.0,59.67953404281613,Lugge Tsho,4350,1.1,3.2
2023-11-15,11,-5.550000000000001,0.0,46.702349609062324,Lugge Tsho,4350,1.1,3.2
2023-11-16,11,-6.5,0.0,47.12229161292252,Lugge Tsho,4350,1.1,3.2
2023-11-17,11,-7.749999999999999,0.0,48.72562216865431,Lugge Tsho,4350,1.1,3.2
2023-11-18,11,-7.0,0.0,46.62906739373963,Lugge Tsho,4350,1.1,3.2
2023-11-19,11,-7.1,0.0,41.049434932130815,Lugge Tsho,4350,1.1,3.2
2023-11-20,11,-4.8999999999999995,0.0,41.7839778666713,Lugge Tsho,4350,1.1,3.2
2023-11-21,11,-6.2,0.1,86.66187820832005,Lugge Tsho,4350,1.1,3.2
2023-11-22,11,-9.1,0.0,42.51781710630803,Lugge Tsho,4350,1.1,3.2
2023-11-23,11,-10.4,0.0,47.60910097255271,Lugge Tsho,4350,1.1,3.2
2023-11-24,11,-10.2,0.0,57.020680942901976,Lugge Tsho,4350,1.1,3.2
2023-11-25,11,-9.75,0.0,57.38468211875506,Lugge Tsho,4350,1.1,3.2
2023-11-26,11,-7.8999999999999995,0.0,47.2462906009486,Lugge Tsho,4350,1.1,3.2
2023-11-27,11,-6.750000000000001,0.0,68.32143030910996,Lugge Tsho,4350,1.1,3.2
2023-11-28,11,-6.2,0.0,58.51884948262295,Lugge Tsho,4350,1.1,3.2
2023-11-29,11,-7.75,0.0,45.31855956938822,Lugge Tsho,4350,1.1,3.2
2023-11-30,11,-9.95,0.0,65.40790061526071,Lugge Tsho,4350,1.1,3.2
2023-12-01,12,-7.35,0.4,92.34874377620673,Lugge Tsho,4350,1.1,3.2
2023-12-02,12,-6.050000000000001,0.9,78.13695874755821,Lugge Tsho,4350,1.1,3.2
2023-12-03,12,-10.25,0.0,50.13735927796479,Lugge Tsho,4350,1.1,3.2
2023-12-04,12,-8.75,0.0,58.38442684268597,Lugge Tsho,4350,1.1,3.2
2023-12-05,12,-8.0,0.1,93.24363410764916,Lugge Tsho,4350,1.1,3.2
2023-12-06,12,-7.6,0.1,93.65144777679532,Lugge Tsho,4350,1.1,3.2
2023-12-07,12,-8.799999999999999,0.0,43.93358886154791,Lugge Tsho,4350,1.1,3.2
2023-12-08,12,-3.95,1.2,80.18742899288016,Lugge Tsho,4350,1.1,3.2
2023-12-09,12,-9.149999999999999,0.0,65.49423699924884,Lugge Tsho,4350,1.1,3.2
2023-12-10,12,-8.4,0.0,69.85274941174931,Lugge Tsho,4350,1.1,3.2
2023-12-11,12,-9.5,0.1,84.42167667916011,Lugge Tsho,4350,1.1,3.2
2023-12-12,12,-8.299999999999999,0.2,92.55300937429278,Lugge Tsho,4350,1.1,3.2
2023-12-13,12,-13.8,0.0,56.04632357790023,Lugge Tsho,4350,1.1,3.2
2023-12-14,12,-10.1,0.0,48.2008576338665,Lugge Tsho,4350,1.1,3.2
2023-12-15,12,-5.35,0.0,43.417966168345224,Lugge Tsho,4350,1.1,3.2
2023-12-16,12,-6.250000000000001,0.0,69.7020668021951,Lugge Tsho,4350,1.1,3.2
2023-12-17,12,-7.1000000000000005,0.0,45.70486098341746,Lugge Tsho,4350,1.1,3.2
2023-12-18,12,-9.15,0.0,60.49972207980564,Lugge Tsho,4350,1.1,3.2
2023-12-19,12,-8.25,0.0,66.35777477235777,Lugge Tsho,4350,1.1,3.2
2023-12-20,12,-10.1,0.0,42.06742203256077,Lugge Tsho,4350,1.1,3.2
2023-12-21,12,-10.0,0.0,51.42939512685915,Lugge Tsho,4350,1.1,3.2
2023-12-22,12,-8.9,0.0,55.60877206069789,Lugge Tsho,4350,1.1,3.2
2023-12-23,12,-9.1,0.1,93.61315036431294,Lugge Tsho,4350,1.1,3.2
2023-12-24,12,-11.0,0.0,62.3622221503186,Lugge Tsho,4350,1.1,3.2
2023-12-25,12,-10.85,0.0,51.98107836085028,Lugge Tsho,4350,1.1,3.2
2023-12-26,12,-11.3,0.0,51.624825474875564,Lugge Tsho,4350,1.1,3.2
2023-12-27,12,-11.15,0.0,45.50356561121149,Lugge Tsho,4350,1.1,3.2
2023-12-28,12,-11.05,0.0,68.63511631697054,Lugge Tsho,4350,1.1,3.2
2023-12-29,12,-13.5,0.0,64.83527829473118,Lugge Tsho,4350,1.1,3.2
2023-12-30,12,-13.9,0.0,54.32085265415549,Lugge Tsho,4350,1.1,3.2
2023-12-31,12,-13.0,0.0,45.13165837483791,Lugge Tsho,4350,1.1,3.2
2024-01-01,1,-13.6,0.1,87.27382722767791,Lugge Tsho,4350,1.1,3.2
2024-01-02,1,-15.25,0.0,45.92646839079681,Lugge Tsho,4350,1.1,3.2
2024-01-03,1,-15.7,0.1,87.92171565569882,Lugge Tsho,4350,1.1,3.2
2024-01-04,1,-14.350000000000001,0.0,54.535691777346784,Lugge Tsho,4350,1.1,3.2
2024-01-05,1,-14.05,0.0,50.02584097897078,Lugge Tsho,4350,1.1,3.2
2024-01-06,1,-12.9,0.0,60.034426728992045,Lugge Tsho,4350,1.1,3.2
2024-01-07,1,-12.65,0.0,48.03014263865326,Lugge Tsho,4350,1.1,3.2
2024-01-08,1,-12.45,0.0,51.89495941740258,Lugge Tsho,4350,1.1,3.2
2024-01-09,1,-8.549999999999999,0.0,40.111749010900155,Lugge Tsho,4350,1.1,3.2
2024-01-10,1,-8.2,0.0,66.04761426080583,Lugge Tsho,4350,1.1,3.2
2024-01-11,1,-12.3,0.0,51.113785781887785,Lugge Tsho,4350,1.1,3.2
2024-01-12,1,-14.5,0.0,48.81437525483583,Lugge Tsho,4350,1.1,3.2
2024-01-13,1,-12.2,0.0,53.692357238519115,Lugge Tsho,4350,1.1,3.2
2024-01-14,1,-12.950000000000001,0.0,59.08277040347757,Lugge Tsho,4350,1.1,3.2
2024-01-15,1,-15.100000000000001,0.0,54.529550174767394,Lugge Tsho,4350,1.1,3.2
2024-01-16,1,-13.450000000000001,0.0,45.38935133283077,Lugge Tsho,4350,1.1,3.2
2024-01-17,1,-10.75,0.0,68.54365376588969,Lugge Tsho,4350,1.1,3.2
2024-01-18,1,-13.55,0.1,80.28200836948449,Lugge Tsho,4350,1.1,3.2
2024-01-19,1,-14.9,0.0,50.255911631206665,Lugge Tsho,4350,1.1,3.2
2024-01-20,1,-12.85,0.0,40.87870967350582,Lugge Tsho,4350,1.1,3.2
2024-01-21,1,-13.299999999999999,0.0,43.877812723462455,Lugge Tsho,4350,1.1,3.2
2024-01-22,1,-13.9,0.0,57.983962497342716,Lugge Tsho,4350,1.1,3.2
2024-01-23,1,-13.3,0.0,68.51277756092767,Lugge Tsho,4350,1.1,3.2
2024-01-24,1,-12.600000000000001,0.0,56.14506057281737,Lugge Tsho,4350,1.1,3.2
2024-01-25,1,-13.0,0.0,61.74528522026085,Lugge Tsho,4350,1.1,3.2
2024-01-26,1,-15.799999999999999,0.0,48.43481570509356,Lugge Tsho,4350,1.1,3.2
2024-01-27,1,-13.8,0.1,87.69383567885035,Lugge Tsho,4350,1.1,3.2
2024-01-28,1,-16.75,0.0,50.02629690838458,Lugge Tsho,4350,1.1,3.2
2024-01-29,1,-14.3,0.0,41.241080455576856,Lugge Tsho,4350,1.1,3.2
2024-01-30,1,-12.75,0.1,88.58641324769683,Lugge Tsho,4350,1.1,3.2
2024-01-31,1,-14.399999999999999,0.0,61.553052811774904,Lugge Tsho,4350,1.1,3.2
2024-02-01,2,-12.95,0.5,80.35737975631837,Lugge Tsho,4350,1.1,3.2
2024-02-02,2,-10.1,0.2,90.10195003609246,Lugge Tsho,4350,1.1,3.2
2024-02-03,2,-8.85,0.0,57.9546748766006,Lugge Tsho,4350,1.1,3.2
2024-02-04,2,-13.3,0.4,89.11779594919399,Lugge Tsho,4350,1.1,3.2
2024-02-05,2,-8.25,0.2,86.54041227018747,Lugge Tsho,4350,1.1,3.2
2024-02-06,2,-10.05,0.2,84.2484415386036,Lugge Tsho,4350,1.1,3.2
2024-02-07,2,-8.1,0.0,64.38211061552344,Lugge Tsho,4350,1.1,3.2
2024-02-08,2,-12.3,0.1,86.60544246549263,Lugge Tsho,4350,1.1,3.2
2024-02-09,2,-12.75,0.0,66.50357097713953,Lugge Tsho,4350,1.1,3.2
2024-02-10,2,-14.85,0.0,68.31175111913306,Lugge Tsho,4350,1.1,3.2
2024-02-11,2,-15.05,0.0,63.518200926043875,Lugge Tsho,4350,1.1,3.2
2024-02-12,2,-15.100000000000001,0.0,48.130192600069904,Lugge Tsho,4350,1.1,3.2
2024-02-13,2,-11.8,0.0,60.61640036347968,Lugge Tsho,4350,1.1,3.2
2024-02-14,2,-11.149999999999999,0.8,85.77469741901875,Lugge Tsho,4350,1.1,3.2
2024-02-15,2,-9.15,1.1,84.18865258270216,Lugge Tsho,4350,1.1,3.2
2024-02-16,2,-13.850000000000001,0.0,57.355331015919106,Lugge Tsho,4350,1.1,3.2
2024-02-17,2,-12.7,0.0,58.855695760071185,Lugge Tsho,4350,1.1,3.2
2024-02-18,2,-11.6,0.0,57.1818106489157,Lugge Tsho,4350,1.1,3.2
2024-02-19,2,-9.8,0.4,84.15515871518457,Lugge Tsho,4350,1.1,3.2
2024-02-20,2,-7.75,0.2,94.72415853081813,Lugge Tsho,4350,1.1,3.2
2024-02-21,2,-9.899999999999999,0.4,89.82686891621768,Lugge Tsho,4350,1.1,3.2
2024-02-22,2,-7.8999999999999995,0.1,84.4469969658957,Lugge Tsho,4350,1.1,3.2
2024-02-23,2,-8.85,0.0,43.67187499650112,Lugge Tsho,4350,1.1,3.2
2024-02-24,2,-11.15,0.0,55.89403962727892,Lugge Tsho,4350,1.1,3.2
2024-02-25,2,-10.35,0.1,81.52398820725817,Lugge Tsho,4350,1.1,3.2
2024-02-26,2,-11.45,0.0,58.09694914297302,Lugge Tsho,4350,1.1,3.2
2024-02-27,2,-10.6,0.8,77.47804564994043,Lugge Tsho,4350,1.1,3.2
2024-02-28,2,-7.65,0.7,83.1830503465465,Lugge Tsho,4350,1.1,3.2
2024-02-29,2,-10.4,0.3,79.61807079227538,Lugge Tsho,4350,1.1,3.2
2024-03-01,3,-10.200000000000001,0.0,48.76741111733056,Lugge Tsho,4350,1.1,3.2
2024-03-02,3,-7.45,0.1,84.91496096416408,Lugge Tsho,4350,1.1,3.2
2024-03-03,3,-9.6,2.6,93.09897825890039,Lugge Tsho,4350,1.1,3.2
2024-03-04,3,-4.1499999999999995,1.9,84.78054372668203,Lugge Tsho,4350,1.1,3.2
2024-03-05,3,-7.0,0.0,55.772246400040935,Lugge Tsho,4350,1.1,3.2
2024-03-06,3,-9.100000000000001,0.2,81.5385867126446,Lugge Tsho,4350,1.1,3.2
2024-03-07,3,-6.8,0.3,90.63483823764872,Lugge Tsho,4350,1.1,3.2
2024-03-08,3,-5.6,0.2,82.977754261982,Lugge Tsho,4350,1.1,3.2
2024-03-09,3,-10.75,0.2,77.80996447866534,Lugge Tsho,4350,1.1,3.2
2024-03-10,3,-7.3500000000000005,0.0,56.08727472559542,Lugge Tsho,4350,1.1,3.2
2024-03-11,3,-6.199999999999999,0.2,94.38802266365177,Lugge Tsho,4350,1.1,3.2
2024-03-12,3,-5.1000000000000005,0.5,78.5245356811139,Lugge Tsho,4350,1.1,3.2
2024-03-13,3,-7.65,0.4,90.78258781782291,Lugge Tsho,4350,1.1,3.2
2024-03-14,3,-3.45,0.8,81.00990915897302,Lugge Tsho,4350,1.1,3.2
2024-03-15,3,-8.149999999999999,0.2,91.5173901446638,Lugge Tsho,4350,1.1,3.2
2024-03-16,3,-5.45,0.2,90.1796907338453,Lugge Tsho,4350,1.1,3.2
2024-03-17,3,-7.1000000000000005,0.2,91.58434154953919,Lugge Tsho,4350,1.1,3.2
2024-03-18,3,-10.6,0.0,48.912502113400265,Lugge Tsho,4350,1.1,3.2
2024-03-19,3,-5.4,0.0,64.84436472032162,Lugge Tsho,4350,1.1,3.2
2024-03-20,3,-6.65,0.0,50.22990747704351,Lugge Tsho,4350,1.1,3.2
2024-03-21,3,-3.35,0.0,44.98273015515493,Lugge Tsho,4350,1.1,3.2
2024-03-22,3,-8.950000000000001,0.0,56.95042842823969,Lugge Tsho,4350,1.1,3.2
2024-03-23,3,-5.800000000000001,0.0,44.07872229993426,Lugge Tsho,4350,1.1,3.2
2024-03-24,3,-7.85,0.0,68.2109149334764,Lugge Tsho,4350,1.1,3.2
2024-03-25,3,-6.4,0.0,51.045883264332645,Lugge Tsho,4350,1.1,3.2
2024-03-26,3,-7.45,0.1,78.76036157775954,Lugge Tsho,4350,1.1,3.2
2024-03-27,3,-6.95,0.0,46.655323547093204,Lugge Tsho,4350,1.1,3.2
2024-03-28,3,-6.25,0.0,61.356112760703816,Lugge Tsho,4350,1.1,3.2
2024-03-29,3,-2.3499999999999996,0.1,94.58786647807268,Lugge Tsho,4350,1.1,3.2
2024-03-30,3,-4.35,0.2,80.29380595931138,Lugge Tsho,4350,1.1,3.2
2024-03-31,3,-6.050000000000001,0.1,93.5415382758344,Lugge Tsho,4350,1.1,3.2
2024-04-01,4,-6.1,0.0,65.04470353783401,Lugge Tsho,4350,1.1,3.2
2024-04-02,4,-5.25,0.3,87.52023979684482,Lugge Tsho,4350,1.1,3.2
2024-04-03,4,-5.1499999999999995,0.6,76.88811643890747,Lugge Tsho,4350,1.1,3.2
2024-04-04,4,-4.85,0.8,84.16664480276043,Lugge Tsho,4350,1.1,3.2
2024-04-05,4,-5.15,1.7,89.21860133988106,Lugge Tsho,4350,1.1,3.2
2024-04-06,4,-2.05,0.7,79.10323422151853,Lugge Tsho,4350,1.1,3.2
2024-04-07,4,-0.85,2.0,90.81451584975378,Lugge Tsho,4350,1.1,3.2
2024-04-08,4,-2.4,0.8,84.99087427601931,Lugge Tsho,4350,1.1,3.2
2024-04-09,4,-6.95,0.3,88.50889228677653,Lugge Tsho,4350,1.1,3.2
2024-04-10,4,-9.55,0.0,52.032814670559816,Lugge Tsho,4350,1.1,3.2
2024-04-11,4,-9.2,0.0,58.58410407053559,Lugge Tsho,4350,1.1,3.2
2024-04-12,4,-6.25,0.0,54.35417630975057,Lugge Tsho,4350,1.1,3.2
2024-04-13,4,-6.95,0.0,50.956053983241155,Lugge Tsho,4350,1.1,3.2
2024-04-14,4,-5.65,0.0,59.924641714219455,Lugge Tsho,4350,1.1,3.2
2024-04-15,4,-4.9,0.1,76.82692536229901,Lugge Tsho,4350,1.1,3.2
2024-04-16,4,-3.3000000000000003,0.3,80.30946704676617,Lugge Tsho,4350,1.1,3.2
2024-04-17,4,-1.1500000000000004,0.2,78.9111328974409,Lugge Tsho,4350,1.1,3.2
2024-04-18,4,-3.8499999999999996,0.5,80.76993303084141,Lugge Tsho,4350,1.1,3.2
2024-04-19,4,-1.7499999999999996,0.0,45.38341469137127,Lugge Tsho,4350,1.1,3.2
2024-04-20,4,-3.6500000000000004,0.0,63.423060479243986,Lugge Tsho,4350,1.1,3.2
2024-04-21,4,-3.75,1.1,81.48118620344765,Lugge Tsho,4350,1.1,3.2
2024-04-22,4,-3.4499999999999997,0.9,79.04720795853964,Lugge Tsho,4350,1.1,3.2
2024-04-23,4,-4.5,0.2,75.97855838462233,Lugge Tsho,4350,1.1,3.2
2024-04-24,4,-5.15,0.0,44.013469479723184,Lugge Tsho,4350,1.1,3.2
2024-04-25,4,-5.25,0.1,83.61705874919477,Lugge Tsho,4350,1.1,3.2
2024-04-26,4,-4.75,0.0,65.04604176278644,Lugge Tsho,4350,1.1,3.2
2024-04-27,4,-4.75,1.0,76.24214124039734,Lugge Tsho,4350,1.1,3.2
2024-04-28,4,-3.4000000000000004,0.1,77.70574669575684,Lugge Tsho,4350,1.1,3.2
2024-04-29,4,-3.5999999999999996,0.3,84.58310021988464,Lugge Tsho,4350,1.1,3.2
2024-04-30,4,-2.95,0.4,77.57540681999703,Lugge Tsho,4350,1.1,3.2
2024-05-01,5,-1.2999999999999998,0.9,83.47678098668005,Lugge Tsho,4350,1.1,3.2
2024-05-02,5,-6.050000000000001,0.9,85.95336341497298,Lugge Tsho,4350,1.1,3.2
2024-05-03,5,-5.1,0.0,40.47650605435373,Lugge Tsho,4350,1.1,3.2
2024-05-04,5,-4.25,0.8,81.01601611643056,Lugge Tsho,4350,1.1,3.2
2024-05-05,5,0.10000000000000009,0.7,82.3911887754296,Lugge Tsho,4350,1.1,3.2
2024-05-06,5,-4.1,0.0,42.36888877845338,Lugge Tsho,4350,1.1,3.2
2024-05-07,5,-2.65,0.0,66.2563214402298,Lugge Tsho,4350,1.1,3.2
2024-05-08,5,-1.05,0.1,85.72350517400375,Lugge Tsho,4350,1.1,3.2
2024-05-09,5,-0.5499999999999998,0.0,67.97585810165323,Lugge Tsho,4350,1.1,3.2
2024-05-10,5,-1.7000000000000002,0.0,49.84358738841587,Lugge Tsho,4350,1.1,3.2
2024-05-11,5,-2.05,0.0,59.30287593152122,Lugge Tsho,4350,1.1,3.2
2024-05-12,5,-1.5499999999999998,0.3,81.76403122671401,Lugge Tsho,4350,1.1,3.2
2024-05-13,5,1.0,0.3,82.15832904809315,Lugge Tsho,4350,1.1,3.2
2024-05-14,5,1.2999999999999998,0.0,50.88740984968627,Lugge Tsho,4350,1.1,3.2
2024-05-15,5,0.8999999999999999,0.7,92.90663188429335,Lugge Tsho,4350,1.1,3.2
2024-05-16,5,2.75,1.3,94.56514196981628,Lugge Tsho,4350,1.1,3.2
2024-05-17,5,0.6999999999999997,1.2,76.69876081062353,Lugge Tsho,4350,1.1,3.2
2024-05-18,5,0.7000000000000002,0.9,93.80551987001611,Lugge Tsho,4350,1.1,3.2
2024-05-19,5,1.75,1.1,89.12767679501225,Lugge Tsho,4350,1.1,3.2
2024-05-20,5,0.1499999999999999,0.1,85.97070863213597,Lugge Tsho,4350,1.1,3.2
2024-05-21,5,-0.7000000000000002,0.2,81.21570313992845,Lugge Tsho,4350,1.1,3.2
2024-05-22,5,1.7500000000000002,0.4,75.91456985604573,Lugge Tsho,4350,1.1,3.2
2024-05-23,5,4.25,1.1,94.10420015509659,Lugge Tsho,4350,1.1,3.2
2024-05-24,5,3.4499999999999997,0.3,78.11902769445352,Lugge Tsho,4350,1.1,3.2
2024-05-25,5,3.9499999999999997,0.0,50.07219734703732,Lugge Tsho,4350,1.1,3.2
2024-05-26,5,3.6500000000000004,0.0,51.1072078657467,Lugge Tsho,4350,1.1,3.2
2024-05-27,5,2.1000000000000005,5.4,88.29128812269317,Lugge Tsho,4350,1.1,3.2
2024-05-28,5,6.0,4.2,91.32358018022111,Lugge Tsho,4350,1.1,3.2
2024-05-29,5,3.55,0.4,79.92891597221416,Lugge Tsho,4350,1.1,3.2
2024-05-30,5,1.5499999999999998,0.0,51.56590387493846,Lugge Tsho,4350,1.1,3.2
2024-05-31,5,2.75,1.3,88.53672169790113,Lugge Tsho,4350,1.1,3.2
2024-06-01,6,4.15,1.7,93.30205053559632,Lugge Tsho,4350,1.1,3.2
2024-06-02,6,4.8,0.0,68.02178354486313,Lugge Tsho,4350,1.1,3.2
2024-06-03,6,6.0,3.6,93.50601646527917,Lugge Tsho,4350,1.1,3.2
2024-06-04,6,5.2,2.2,85.86021497654131,Lugge Tsho,4350,1.1,3.2
2024-06-05,6,4.6,0.7,84.92090461201337,Lugge Tsho,4350,1.1,3.2
2024-06-06,6,6.1000000000000005,0.4,77.55874748244766,Lugge Tsho,4350,1.1,3.2
2024-06-07,6,4.6000000000000005,0.5,77.56200147003173,Lugge Tsho,4350,1.1,3.2
2024-06-08,6,6.45,0.8,94.61440359643795,Lugge Tsho,4350,1.1,3.2
2024-06-09,6,6.300000000000001,0.5,78.9640787365107,Lugge Tsho,4350,1.1,3.2
2024-06-10,6,6.8,0.7,76.03321781041703,Lugge Tsho,4350,1.1,3.2
2024-06-11,6,8.35,0.7,82.64636262385899,Lugge Tsho,4350,1.1,3.2
2024-06-12,6,8.05,0.5,89.8238420933211,Lugge Tsho,4350,1.1,3.2
2024-06-13,6,7.35,0.4,94.62808247822332,Lugge Tsho,4350,1.1,3.2
2024-06-14,6,7.3,1.1,92.98533507850726,Lugge Tsho,4350,1.1,3.2
2024-06-15,6,7.699999999999999,1.6,77.6956529043379,Lugge Tsho,4350,1.1,3.2
2024-06-16,6,8.45,4.1,86.65292654823693,Lugge Tsho,4350,1.1,3.2
2024-06-17,6,7.8999999999999995,2.8,86.49757910772398,Lugge Tsho,4350,1.1,3.2
2024-06-18,6,8.0,1.7,83.19828058987005,Lugge Tsho,4350,1.1,3.2
2024-06-19,6,7.1000000000000005,8.8,79.84265365538442,Lugge Tsho,4350,1.1,3.2
2024-06-20,6,8.55,5.7,79.26390189266561,Lugge Tsho,4350,1.1,3.2
2024-06-21,6,8.1,2.4,76.67658068437558,Lugge Tsho,4350,1.1,3.2
2024-06-22,6,7.75,0.6,81.73882990821122,Lugge Tsho,4350,1.1,3.2
2024-06-23,6,8.8,6.3,93.07370525632578,Lugge Tsho,4350,1.1,3.2
2024-06-24,6,8.7,5.7,79.17950216881991,Lugge Tsho,4350,1.1,3.2
2024-06-25,6,9.05,3.5,77.05277281661746,Lugge Tsho,4350,1.1,3.2
2024-06-26,6,8.75,1.0,89.98778652284358,Lugge Tsho,4350,1.1,3.2
2024-06-27,6,8.0,2.5,77.9346071598408,Lugge Tsho,4350,1.1,3.2
2024-06-28,6,6.6499999999999995,24.5,80.64580221585062,Lugge Tsho,4350,1.1,3.2
2024-06-29,6,6.9,15.3,87.52802681855081,Lugge Tsho,4350,1.1,3.2
2024-06-30,6,9.05,7.7,77.48798341487043,Lugge Tsho,4350,1.1,3.2
2024-07-01,7,7.9,11.4,76.98503989506425,Lugge Tsho,4350,1.1,3.2
2024-07-02,7,8.65,4.4,87.48484243144706,Lugge Tsho,4350,1.1,3.2
2024-07-03,7,9.55,15.7,91.3259227524909,Lugge Tsho,4350,1.1,3.2
2024-07-04,7,9.3,5.5,81.68432110418057,Lugge Tsho,4350,1.1,3.2
2024-07-05,7,6.95,14.5,81.53667541792731,Lugge Tsho,4350,1.1,3.2
2024-07-06,7,6.9,13.5,77.11496612524654,Lugge Tsho,4350,1.1,3.2
2024-07-07,7,8.75,1.7,85.83567141770098,Lugge Tsho,4350,1.1,3.2
2024-07-08,7,9.3,3.0,87.16205312149626,Lugge Tsho,4350,1.1,3.2
2024-07-09,7,8.5,6.6,82.85441634718676,Lugge Tsho,4350,1.1,3.2
2024-07-10,7,8.9,3.0,79.36075295878203,Lugge Tsho,4350,1.1,3.2
2024-07-11,7,9.7,6.7,87.64799353591812,Lugge Tsho,4350,1.1,3.2
2024-07-12,7,7.6,24.2,77.76364892964136,Lugge Tsho,4350,1.1,3.2
2024-07-13,7,8.75,1.8,84.1898077257544,Lugge Tsho,4350,1.1,3.2
2024-07-14,7,9.4,0.5,79.08219906885611,Lugge Tsho,4350,1.1,3.2
2024-07-15,7,9.35,2.9,82.99778318143622,Lugge Tsho,4350,1.1,3.2
2024-07-16,7,8.05,4.6,93.1894276178248,Lugge Tsho,4350,1.1,3.2
2024-07-17,7,8.649999999999999,1.0,94.59311848701086,Lugge Tsho,4350,1.1,3.2
2024-07-18,7,7.9,6.4,92.94244427144089,Lugge Tsho,4350,1.1,3.2
2024-07-19,7,8.7,0.8,88.92018383302022,Lugge Tsho,4350,1.1,3.2
2024-07-20,7,9.25,1.4,76.5396197195281,Lugge Tsho,4350,1.1,3.2
2024-07-21,7,9.8,1.0,94.37942407211244,Lugge Tsho,4350,1.1,3.2
2024-07-22,7,9.65,2.4,79.15734338572268,Lugge Tsho,4350,1.1,3.2
2024-07-23,7,9.95,1.2,83.22409723117998,Lugge Tsho,4350,1.1,3.2
2024-07-24,7,10.1,1.2,76.48534772212301,Lugge Tsho,4350,1.1,3.2
2024-07-25,7,10.75,8.5,85.31597295085159,Lugge Tsho,4350,1.1,3.2
2024-07-26,7,10.75,20.9,78.02133098299964,Lugge Tsho,4350,1.1,3.2
2024-07-27,7,10.15,16.7,77.12161713403371,Lugge Tsho,4350,1.1,3.2
2024-07-28,7,10.65,3.5,92.72612597501227,Lugge Tsho,4350,1.1,3.2
2024-07-29,7,10.85,11.9,94.92983252343086,Lugge Tsho,4350,1.1,3.2
2024-07-30,7,8.85,0.8,84.8093786493101,Lugge Tsho,4350,1.1,3.2
2024-07-31,7,7.6,8.3,82.51941565206123,Lugge Tsho,4350,1.1,3.2
2024-08-01,8,7.9,12.9,87.62809362462718,Lugge Tsho,4350,1.1,3.2
2024-08-02,8,7.25,16.1,81.81060114834554,Lugge Tsho,4350,1.1,3.2
2024-08-03,8,7.8500000000000005,9.5,90.80823539741459,Lugge Tsho,4350,1.1,3.2
2024-08-04,8,8.8,5.8,75.40937812613713,Lugge Tsho,4350,1.1,3.2
2024-08-05,8,9.25,4.2,88.74649816702829,Lugge Tsho,4350,1.1,3.2
2024-08-06,8,8.85,13.7,93.40674844281158,Lugge Tsho,4350,1.1,3.2
2024-08-07,8,9.2,9.4,84.3754354939014,Lugge Tsho,4350,1.1,3.2
2024-08-08,8,8.350000000000001,5.8,81.7923676960821,Lugge Tsho,4350,1.1,3.2
2024-08-09,8,8.100000000000001,3.1,94.4200996669091,Lugge Tsho,4350,1.1,3.2
2024-08-10,8,9.6,16.4,93.29586431960037,Lugge Tsho,4350,1.1,3.2
2024-08-11,8,9.5,12.0,80.91443922901745,Lugge Tsho,4350,1.1,3.2
2024-08-12,8,8.95,3.5,91.10337083757281,Lugge Tsho,4350,1.1,3.2
2024-08-13,8,8.15,5.1,75.76272371012499,Lugge Tsho,4350,1.1,3.2
2024-08-14,8,8.5,8.1,92.36344516367868,Lugge Tsho,4350,1.1,3.2
2024-08-15,8,9.9,4.7,79.91453251351408,Lugge Tsho,4350,1.1,3.2
2024-08-16,8,6.75,2.8,89.57022745593237,Lugge Tsho,4350,1.1,3.2
2024-08-17,8,6.449999999999999,4.6,83.0080035449715,Lugge Tsho,4350,1.1,3.2
2024-08-18,8,6.65,5.2,78.54841391224315,Lugge Tsho,4350,1.1,3.2
2024-08-19,8,5.6,8.2,84.1303893346309,Lugge Tsho,4350,1.1,3.2
2024-08-20,8,7.25,9.1,86.77784942844023,Lugge Tsho,4350,1.1,3.2
2024-08-21,8,8.45,6.0,87.08804567528686,Lugge Tsho,4350,1.1,3.2
2024-08-22,8,7.3,9.8,91.6075415794135,Lugge Tsho,4350,1.1,3.2
2024-08-23,8,7.85,17.1,90.46519380092768,Lugge Tsho,4350,1.1,3.2
2024-08-24,8,6.1,8.8,75.16314005289425,Lugge Tsho,4350,1.1,3.2
2024-08-25,8,7.9,9.6,85.55383995833158,Lugge Tsho,4350,1.1,3.2
2024-08-26,8,4.85,11.8,81.63203835830407,Lugge Tsho,4350,1.1,3.2
2024-08-27,8,6.3999999999999995,9.2,88.6786822917714,Lugge Tsho,4350,1.1,3.2
2024-08-28,8,5.65,6.5,79.93214851862719,Lugge Tsho,4350,1.1,3.2
2024-08-29,8,6.2,13.3,94.16423760013481,Lugge Tsho,4350,1.1,3.2
2024-08-30,8,6.1,12.3,77.60509675467817,Lugge Tsho,4350,1.1,3.2
2024-08-31,8,6.3999999999999995,3.1,75.08606706427148,Lugge Tsho,4350,1.1,3.2
2024-09-01,9,7.0,11.4,90.59788097377597,Lugge Tsho,4350,1.1,3.2
2024-09-02,9,7.3,2.0,86.39254562227175,Lugge Tsho,4350,1.1,3.2
2024-09-03,9,8.9,8.0,83.52132950960667,Lugge Tsho,4350,1.1,3.2
2024-09-04,9,8.600000000000001,6.0,87.536789206075,Lugge Tsho,4350,1.1,3.2
2024-09-05,9,7.6499999999999995,3.4,88.795316918194,Lugge Tsho,4350,1.1,3.2
2024-09-06,9,7.1,1.8,77.82480279356432,Lugge Tsho,4350,1.1,3.2
2024-09-07,9,7.1,4.9,91.26951309931522,Lugge Tsho,4350,1.1,3.2
2024-09-08,9,8.5,9.5,86.76122341550472,Lugge Tsho,4350,1.1,3.2
2024-09-09,9,9.05,1.2,79.38055559804573,Lugge Tsho,4350,1.1,3.2
2024-09-10,9,7.0,3.0,87.27712603880204,Lugge Tsho,4350,1.1,3.2
2024-09-11,9,7.55,1.8,78.88019555624534,Lugge Tsho,4350,1.1,3.2
2024-09-12,9,7.0,2.7,80.67731800926902,Lugge Tsho,4350,1.1,3.2
2024-09-13,9,6.1000000000000005,13.7,90.64385405974065,Lugge Tsho,4350,1.1,3.2
2024-09-14,9,6.75,14.5,81.29884992962766,Lugge Tsho,4350,1.1,3.2
2024-09-15,9,5.8500000000000005,10.9,91.11608187893239,Lugge Tsho,4350,1.1,3.2
2024-09-16,9,5.35,8.4,90.11446109873481,Lugge Tsho,4350,1.1,3.2
2024-09-17,9,5.3,4.7,91.0653302402809,Lugge Tsho,4350,1.1,3.2
2024-09-18,9,5.6000000000000005,2.4,86.34547399641549,Lugge Tsho,4350,1.1,3.2
2024-09-19,9,6.4,6.8,91.54553589242161,Lugge Tsho,4350,1.1,3.2
2024-09-20,9,7.8999999999999995,11.3,76.83698333610938,Lugge Tsho,4350,1.1,3.2
2024-09-21,9,7.1000000000000005,11.4,83.87786370529932,Lugge Tsho,4350,1.1,3.2
2024-09-22,9,5.05,4.8,76.63567058176689,Lugge Tsho,4350,1.1,3.2
2024-09-23,9,5.55,4.0,79.6036790659347,Lugge Tsho,4350,1.1,3.2
2024-09-24,9,5.75,9.8,84.64625538226538,Lugge Tsho,4350,1.1,3.2
2024-09-25,9,5.55,14.9,75.88457081197693,Lugge Tsho,4350,1.1,3.2
2024-09-26,9,4.25,16.3,85.02782961617007,Lugge Tsho,4350,1.1,3.2
2024-09-27,9,4.15,9.2,76.7219883410618,Lugge Tsho,4350,1.1,3.2
2024-09-28,9,4.800000000000001,12.8,79.02249823901785,Lugge Tsho,4350,1.1,3.2
2024-09-29,9,4.1,0.4,77.17503652144256,Lugge Tsho,4350,1.1,3.2
2024-09-30,9,5.449999999999999,2.2,75.88800680931931,Lugge Tsho,4350,1.1,3.2
2024-10-01,10,4.75,3.1,87.18636852899932,Lugge Tsho,4350,1.1,3.2
2024-10-02,10,5.5,0.9,88.84320605173055,Lugge Tsho,4350,1.1,3.2
2024-10-03,10,6.9,3.7,77.07298528779934,Lugge Tsho,4350,1.1,3.2
2024-10-04,10,5.4,9.8,92.21426474069784,Lugge Tsho,4350,1.1,3.2
2024-10-05,10,5.050000000000001,2.6,90.26079165628975,Lugge Tsho,4350,1.1,3.2
2024-10-06,10,3.9499999999999997,0.0,42.298995132998684,Lugge Tsho,4350,1.1,3.2
2024-10-07,10,2.2,0.5,92.20495074059562,Lugge Tsho,4350,1.1,3.2
2024-10-08,10,3.0999999999999996,0.4,84.26866237197686,Lugge Tsho,4350,1.1,3.2
2024-10-09,10,3.0,1.1,82.84078382490293,Lugge Tsho,4350,1.1,3.2
2024-10-10,10,4.2,1.5,88.16365759060784,Lugge Tsho,4350,1.1,3.2
2024-10-11,10,3.35,1.2,87.55534778952502,Lugge Tsho,4350,1.1,3.2
2024-10-12,10,1.25,0.9,81.66793859539865,Lugge Tsho,4350,1.1,3.2
2024-10-13,10,-1.35,1.2,75.36762663950768,Lugge Tsho,4350,1.1,3.2
2024-10-14,10,-1.1,0.8,79.1224181514828,Lugge Tsho,4350,1.1,3.2
2024-10-15,10,0.3500000000000001,1.2,90.62325393913392,Lugge Tsho,4350,1.1,3.2
2024-10-16,10,-2.0,0.5,88.81032849981516,Lugge Tsho,4350,1.1,3.2
2024-10-17,10,0.30000000000000027,3.3,75.45300569644044,Lugge Tsho,4350,1.1,3.2
2024-10-18,10,-0.5999999999999999,2.1,88.50835431803321,Lugge Tsho,4350,1.1,3.2
2024-10-19,10,-2.9,1.1,79.27072220670937,Lugge Tsho,4350,1.1,3.2
2024-10-20,10,-4.550000000000001,0.9,82.4384743209758,Lugge Tsho,4350,1.1,3.2
2024-10-21,10,-6.85,0.0,44.925454469881096,Lugge Tsho,4350,1.1,3.2
2024-10-22,10,-3.9999999999999996,0.0,58.02374754700516,Lugge Tsho,4350,1.1,3.2
2024-10-23,10,-3.55,0.1,84.04152840178823,Lugge Tsho,4350,1.1,3.2
2024-10-24,10,-3.55,0.0,51.952572858301814,Lugge Tsho,4350,1.1,3.2
2024-10-25,10,-2.3999999999999995,3.4,94.61092767889615,Lugge Tsho,4350,1.1,3.2
2024-10-26,10,-1.7000000000000002,0.3,77.60730049465637,Lugge Tsho,4350,1.1,3.2
2024-10-27,10,-1.6499999999999995,0.3,87.37618372728127,Lugge Tsho,4350,1.1,3.2
2024-10-28,10,0.8499999999999996,0.0,61.99419056390154,Lugge Tsho,4350,1.1,3.2
2024-10-29,10,0.19999999999999973,0.0,67.24648580163073,Lugge Tsho,4350,1.1,3.2
2024-10-30,10,-0.10000000000000053,0.1,93.75242899843443,Lugge Tsho,4350,1.1,3.2
2024-10-31,10,0.19999999999999973,0.2,75.52205488118628,Lugge Tsho,4350,1.1,3.2
2024-11-01,11,0.8999999999999999,0.2,89.83831021629678,Lugge Tsho,4350,1.1,3.2
2024-11-02,11,0.15000000000000036,0.3,78.41246035011962,Lugge Tsho,4350,1.1,3.2
2024-11-03,11,-0.3999999999999999,0.1,81.61872209339187,Lugge Tsho,4350,1.1,3.2
2024-11-04,11,-0.9000000000000001,0.0,42.48610326269678,Lugge Tsho,4350,1.1,3.2
2024-11-05,11,-3.95,0.0,67.31513635283618,Lugge Tsho,4350,1.1,3.2
2024-11-06,11,-2.75,0.0,47.459370765427806,Lugge Tsho,4350,1.1,3.2
2024-11-07,11,-0.75,0.0,43.4461264431757,Lugge Tsho,4350,1.1,3.2
2024-11-08,11,-0.04999999999999982,0.0,49.901117281494734,Lugge Tsho,4350,1.1,3.2
2024-11-09,11,-0.5499999999999998,0.0,64.49120225519934,Lugge Tsho,4350,1.1,3.2
2024-11-10,11,-0.9500000000000002,0.0,48.82430873168095,Lugge Tsho,4350,1.1,3.2
2024-11-11,11,-1.5,0.0,62.34447042995913,Lugge Tsho,4350,1.1,3.2
2024-11-12,11,-2.0500000000000003,0.0,42.30218464210707,Lugge Tsho,4350,1.1,3.2
2024-11-13,11,-2.8499999999999996,0.2,93.10205585200569,Lugge Tsho,4350,1.1,3.2
2024-11-14,11,-1.9499999999999997,0.1,82.90706051832305,Lugge Tsho,4350,1.1,3.2
2024-11-15,11,-0.39999999999999947,0.0,66.03371957125067,Lugge Tsho,4350,1.1,3.2
2024-11-16,11,-1.0500000000000003,0.0,41.580481377640105,Lugge Tsho,4350,1.1,3.2
2024-11-17,11,-1.55,0.0,42.09708234766259,Lugge Tsho,4350,1.1,3.2
2024-11-18,11,-1.35,0.0,47.05246630823489,Lugge Tsho,4350,1.1,3.2
2024-11-19,11,-2.95,0.2,85.74600514807392,Lugge Tsho,4350,1.1,3.2
2024-11-20,11,-8.1,0.4,83.18550094294903,Lugge Tsho,4350,1.1,3.2
2024-11-21,11,-9.6,0.2,79.5159010871961,Lugge Tsho,4350,1.1,3.2
2024-11-22,11,-10.700000000000001,0.6,88.86614877803679,Lugge Tsho,4350,1.1,3.2
2024-11-23,11,-5.75,0.6,86.11222989583723,Lugge Tsho,4350,1.1,3.2
2024-11-24,11,-5.25,0.4,84.8038966637117,Lugge Tsho,4350,1.1,3.2
2024-11-25,11,-4.3999999999999995,0.3,78.77959580562987,Lugge Tsho,4350,1.1,3.2
2024-11-26,11,-6.25,0.7,81.37694247774755,Lugge Tsho,4350,1.1,3.2
2024-11-27,11,-7.45,0.7,93.5530802255336,Lugge Tsho,4350,1.1,3.2
2024-11-28,11,-9.350000000000001,0.2,92.96985318452036,Lugge Tsho,4350,1.1,3.2
2024-11-29,11,-8.549999999999999,0.0,65.98754651393809,Lugge Tsho,4350,1.1,3.2
2024-11-30,11,-9.049999999999999,0.0,66.92989284792748,Lugge Tsho,4350,1.1,3.2
2024-12-01,12,-8.3,0.0,58.950789823265694,Lugge Tsho,4350,1.1,3.2
2024-12-02,12,-6.700000000000001,0.0,45.345233194700086,Lugge Tsho,4350,1.1,3.2
2024-12-03,12,-5.45,0.0,40.03518844967015,Lugge Tsho,4350,1.1,3.2
2024-12-04,12,-4.65,0.0,53.08411037067395,Lugge Tsho,4350,1.1,3.2
2024-12-05,12,-5.1,0.1,93.55773974119683,Lugge Tsho,4350,1.1,3.2
2024-12-06,12,-3.8499999999999996,0.0,46.53415241831627,Lugge Tsho,4350,1.1,3.2
2024-12-07,12,-4.75,0.0,57.99676706391674,Lugge Tsho,4350,1.1,3.2
2024-12-08,12,-5.8,0.0,56.35311248569969,Lugge Tsho,4350,1.1,3.2
2024-12-09,12,-6.8999999999999995,0.1,93.93899866888849,Lugge Tsho,4350,1.1,3.2
2024-12-10,12,-6.8,0.0,47.818301410328814,Lugge Tsho,4350,1.1,3.2
2024-12-11,12,-5.65,0.0,57.8690848466307,Lugge Tsho,4350,1.1,3.2
2024-12-12,12,-3.8,0.0,58.240221340536735,Lugge Tsho,4350,1.1,3.2
2024-12-13,12,-3.5999999999999996,0.0,59.141236961068934,Lugge Tsho,4350,1.1,3.2
2024-12-14,12,-6.2,0.0,68.59775020221353,Lugge Tsho,4350,1.1,3.2
2024-12-15,12,-6.65,0.0,61.925667157924224,Lugge Tsho,4350,1.1,3.2
2024-12-16,12,-3.6999999999999997,0.0,63.898505071951746,Lugge Tsho,4350,1.1,3.2
2024-12-17,12,-4.5,0.0,56.70022999070066,Lugge Tsho,4350,1.1,3.2
2024-12-18,12,-4.2,0.0,61.788139586085116,Lugge Tsho,4350,1.1,3.2
2024-12-19,12,-4.55,0.0,68.06942955528834,Lugge Tsho,4350,1.1,3.2
2024-12-20,12,-6.2,0.0,64.10715473774354,Lugge Tsho,4350,1.1,3.2
2024-12-21,12,-8.0,0.2,86.01072011347331,Lugge Tsho,4350,1.1,3.2
2024-12-22,12,-10.899999999999999,0.1,86.32257491385613,Lugge Tsho,4350,1.1,3.2
2024-12-23,12,-8.6,0.0,52.83720635674313,Lugge Tsho,4350,1.1,3.2
2024-12-24,12,-9.0,0.0,51.31810714304372,Lugge Tsho,4350,1.1,3.2
2024-12-25,12,-8.5,0.0,63.86795567150152,Lugge Tsho,4350,1.1,3.2
2024-12-26,12,-7.35,0.0,56.255744516602306,Lugge Tsho,4350,1.1,3.2
2024-12-27,12,-5.8500000000000005,0.0,55.18362653727275,Lugge Tsho,4350,1.1,3.2
2024-12-28,12,-6.300000000000001,0.0,51.45464714079617,Lugge Tsho,4350,1.1,3.2
2024-12-29,12,-5.5,0.3,80.34468806531925,Lugge Tsho,4350,1.1,3.2
2024-12-30,12,-11.4,0.0,40.09619858284163,Lugge Tsho,4350,1.1,3.2
2024-12-31,12,-12.65,0.0,49.081432149081465,Lugge Tsho,4350,1.1,3.2
2025-01-01,1,-9.7,0.0,54.67753595534991,Lugge Tsho,4350,1.1,3.2
2025-01-02,1,-7.950000000000001,0.0,61.96518882907085,Lugge Tsho,4350,1.1,3.2
2025-01-03,1,-5.5,0.0,53.430810933086065,Lugge Tsho,4350,1.1,3.2
2025-01-04,1,-6.499999999999999,0.0,46.29217963530894,Lugge Tsho,4350,1.1,3.2
2025-01-05,1,-6.1,0.0,46.27778696269587,Lugge Tsho,4350,1.1,3.2
2025-01-06,1,-6.5,0.0,63.75741475493544,Lugge Tsho,4350,1.1,3.2
2025-01-07,1,-10.55,0.1,91.9991467803928,Lugge Tsho,4350,1.1,3.2
2025-01-08,1,-13.4,0.0,46.40672511543389,Lugge Tsho,4350,1.1,3.2
2025-01-09,1,-9.15,0.0,51.809947506609156,Lugge Tsho,4350,1.1,3.2
2025-01-10,1,-7.300000000000001,0.0,56.34328869857874,Lugge Tsho,4350,1.1,3.2
2025-01-11,1,-8.8,0.0,44.965039064692924,Lugge Tsho,4350,1.1,3.2
2025-01-12,1,-8.95,0.7,92.2059968044188,Lugge Tsho,4350,1.1,3.2
2025-01-13,1,-13.649999999999999,0.4,92.45466810024936,Lugge Tsho,4350,1.1,3.2
2025-01-14,1,-12.6,0.0,40.77504031649424,Lugge Tsho,4350,1.1,3.2
2025-01-15,1,-6.2,0.0,56.0501606014202,Lugge Tsho,4350,1.1,3.2
2025-01-16,1,-7.45,0.0,69.10266982239521,Lugge Tsho,4350,1.1,3.2
2025-01-17,1,-7.5,0.0,68.05500352376426,Lugge Tsho,4350,1.1,3.2
2025-01-18,1,-8.45,0.0,44.857493577197516,Lugge Tsho,4350,1.1,3.2
2025-01-19,1,-7.35,0.0,46.33593204032059,Lugge Tsho,4350,1.1,3.2
2025-01-20,1,-4.95,0.0,66.89616217291592,Lugge Tsho,4350,1.1,3.2
2025-01-21,1,-4.4,0.0,52.290417000523874,Lugge Tsho,4350,1.1,3.2
2025-01-22,1,-4.3,0.0,64.670714781895,Lugge Tsho,4350,1.1,3.2
2025-01-23,1,-6.300000000000001,0.0,61.39341470983608,Lugge Tsho,4350,1.1,3.2
2025-01-24,1,-6.8999999999999995,0.0,47.30108264487883,Lugge Tsho,4350,1.1,3.2
2025-01-25,1,-5.35,0.0,63.798224748447225,Lugge Tsho,4350,1.1,3.2
2025-01-26,1,-8.35,0.0,65.2672230139844,Lugge Tsho,4350,1.1,3.2
2025-01-27,1,-5.0,0.0,69.1234923327248,Lugge Tsho,4350,1.1,3.2
2025-01-28,1,-6.699999999999999,0.0,56.58554202113686,Lugge Tsho,4350,1.1,3.2
2025-01-29,1,-5.699999999999999,0.0,46.6956456500358,Lugge Tsho,4350,1.1,3.2
2025-01-30,1,-4.65,0.8,86.5048405710371,Lugge Tsho,4350,1.1,3.2
2025-01-31,1,-3.7499999999999996,0.0,53.07853730787656,Lugge Tsho,4350,1.1,3.2
2025-02-01,2,-2.8499999999999996,0.0,50.75133982881706,Lugge Tsho,4350,1.1,3.2
2025-02-02,2,-2.3,0.0,60.42578891927609,Lugge Tsho,4350,1.1,3.2
2025-02-03,2,-2.6999999999999993,0.0,62.094423477429125,Lugge Tsho,4350,1.1,3.2
2025-02-04,2,-1.0999999999999996,0.0,45.83434877759143,Lugge Tsho,4350,1.1,3.2
2025-02-05,2,-2.4000000000000004,0.0,65.36591485512801,Lugge Tsho,4350,1.1,3.2
2025-02-06,2,-2.75,0.7,77.03280551864648,Lugge Tsho,4350,1.1,3.2
2025-02-07,2,-4.05,0.5,90.94097243124963,Lugge Tsho,4350,1.1,3.2
2025-02-08,2,-7.05,0.1,79.93284484633095,Lugge Tsho,4350,1.1,3.2
2025-02-09,2,-8.6,0.6,92.79449943858086,Lugge Tsho,4350,1.1,3.2
2025-02-10,2,-11.75,0.4,77.15382630406665,Lugge Tsho,4350,1.1,3.2
2025-02-11,2,-11.6,0.4,82.70757950037812,Lugge Tsho,4350,1.1,3.2
2025-02-12,2,-8.2,0.0,49.870442084962434,Lugge Tsho,4350,1.1,3.2
2025-02-13,2,-7.85,1.4,93.80349851888965,Lugge Tsho,4350,1.1,3.2
2025-02-14,2,-10.299999999999999,0.3,88.43008020108213,Lugge Tsho,4350,1.1,3.2
2025-02-15,2,-10.25,1.3,79.20244320707181,Lugge Tsho,4350,1.1,3.2
2025-02-16,2,-8.549999999999999,0.5,78.9336515280277,Lugge Tsho,4350,1.1,3.2
2025-02-17,2,-13.05,1.3,90.53253139505541,Lugge Tsho,4350,1.1,3.2
2025-02-18,2,-7.75,0.7,88.20859449044293,Lugge Tsho,4350,1.1,3.2
2025-02-19,2,-9.95,0.1,94.43307285859788,Lugge Tsho,4350,1.1,3.2
2025-02-20,2,-13.2,0.3,94.22565347953947,Lugge Tsho,4350,1.1,3.2
2025-02-21,2,-8.15,0.2,79.63592226347195,Lugge Tsho,4350,1.1,3.2
2025-02-22,2,-12.05,0.5,92.17748348155459,Lugge Tsho,4350,1.1,3.2
2025-02-23,2,-9.7,0.1,82.065588101158,Lugge Tsho,4350,1.1,3.2
2025-02-24,2,-13.4,0.2,93.99291136870454,Lugge Tsho,4350,1.1,3.2
2025-02-25,2,-12.6,0.0,56.361031383471435,Lugge Tsho,4350,1.1,3.2
2025-02-26,2,-11.75,0.0,48.78670581657639,Lugge Tsho,4350,1.1,3.2
2025-02-27,2,-9.0,0.0,64.2793521157351,Lugge Tsho,4350,1.1,3.2
2025-02-28,2,-11.049999999999999,0.5,94.94590091500329,Lugge Tsho,4350,1.1,3.2
2025-03-01,3,-8.299999999999999,0.3,83.37818237875179,Lugge Tsho,4350,1.1,3.2
2025-03-02,3,-8.9,0.0,52.75465324223377,Lugge Tsho,4350,1.1,3.2
2025-03-03,3,-7.050000000000001,0.0,50.92968252909743,Lugge Tsho,4350,1.1,3.2
2025-03-04,3,-5.7,0.3,79.74789107150417,Lugge Tsho,4350,1.1,3.2
2025-03-05,3,-4.3,0.4,87.19802956171114,Lugge Tsho,4350,1.1,3.2
2025-03-06,3,-6.3,0.3,79.95672498431445,Lugge Tsho,4350,1.1,3.2
2025-03-07,3,-4.55,0.8,77.30069248073019,Lugge Tsho,4350,1.1,3.2
2025-03-08,3,-9.799999999999999,1.6,82.79368518336062,Lugge Tsho,4350,1.1,3.2
2025-03-09,3,-9.4,0.0,49.173931956412424,Lugge Tsho,4350,1.1,3.2
2025-03-10,3,-8.399999999999999,0.0,64.00211963854551,Lugge Tsho,4350,1.1,3.2
2025-03-11,3,-6.8,0.3,78.59179718509489,Lugge Tsho,4350,1.1,3.2
2025-03-12,3,-8.75,0.0,60.832480202062484,Lugge Tsho,4350,1.1,3.2
2025-03-13,3,-8.85,0.3,80.68370886810452,Lugge Tsho,4350,1.1,3.2
2025-03-14,3,-8.25,0.3,94.92269113461023,Lugge Tsho,4350,1.1,3.2
2025-03-15,3,-6.200000000000001,0.0,45.938188311977235,Lugge Tsho,4350,1.1,3.2
2025-03-16,3,-6.6000000000000005,0.4,89.39959265076779,Lugge Tsho,4350,1.1,3.2
2025-03-17,3,-5.6,0.3,85.83755362961257,Lugge Tsho,4350,1.1,3.2
2025-03-18,3,-2.2,0.5,87.57469897762809,Lugge Tsho,4350,1.1,3.2
2025-03-19,3,-6.0,0.7,79.28215272771178,Lugge Tsho,4350,1.1,3.2
2025-03-20,3,-2.8999999999999995,0.6,82.23741508535073,Lugge Tsho,4350,1.1,3.2
2025-03-21,3,-4.25,0.6,88.72573789190898,Lugge Tsho,4350,1.1,3.2
2025-03-22,3,-7.2,1.0,85.1165633771057,Lugge Tsho,4350,1.1,3.2
2025-03-23,3,-8.65,0.0,53.843900886830866,Lugge Tsho,4350,1.1,3.2
2025-03-24,3,-9.6,0.0,68.47627986098347,Lugge Tsho,4350,1.1,3.2
2025-03-25,3,-8.45,0.0,61.799689839435175,Lugge Tsho,4350,1.1,3.2
2025-03-26,3,-5.050000000000001,0.0,63.696960754951704,Lugge Tsho,4350,1.1,3.2
2025-03-27,3,-2.4499999999999997,0.0,49.40710435195263,Lugge Tsho,4350,1.1,3.2
2025-03-28,3,-2.3500000000000005,1.8,91.20755501495958,Lugge Tsho,4350,1.1,3.2
2025-03-29,3,-1.9500000000000002,1.8,88.03565725188713,Lugge Tsho,4350,1.1,3.2
2025-03-30,3,-0.75,1.2,90.9695507356343,Lugge Tsho,4350,1.1,3.2
2025-03-31,3,-0.4500000000000002,0.4,78.19372676500278,Lugge Tsho,4350,1.1,3.2
2025-04-01,4,-2.6999999999999997,0.1,83.78297005959683,Lugge Tsho,4350,1.1,3.2
2025-04-02,4,-4.1499999999999995,0.3,75.84744354483023,Lugge Tsho,4350,1.1,3.2
2025-04-03,4,-0.1499999999999999,0.1,86.45466401479338,Lugge Tsho,4350,1.1,3.2
2025-04-04,4,-2.1,0.7,83.61209933026969,Lugge Tsho,4350,1.1,3.2
2025-04-05,4,-4.65,0.4,85.35263532786152,Lugge Tsho,4350,1.1,3.2
2025-04-06,4,-6.3,0.1,88.68703427723455,Lugge Tsho,4350,1.1,3.2
2025-04-07,4,-5.449999999999999,0.0,53.32949646839926,Lugge Tsho,4350,1.1,3.2
2025-04-08,4,-4.300000000000001,0.0,64.16898300074534,Lugge Tsho,4350,1.1,3.2
2025-04-09,4,-3.1999999999999997,0.0,50.56844670777358,Lugge Tsho,4350,1.1,3.2
2025-04-10,4,-2.5,0.1,87.85024163290785,Lugge Tsho,4350,1.1,3.2
2025-04-11,4,0.8,0.8,76.02411759648486,Lugge Tsho,4350,1.1,3.2
2025-04-12,4,-1.75,0.3,87.72449800174758,Lugge Tsho,4350,1.1,3.2
2025-04-13,4,-2.0500000000000003,0.0,49.20565210437856,Lugge Tsho,4350,1.1,3.2
2025-04-14,4,-1.5999999999999999,0.0,62.245796873303995,Lugge Tsho,4350,1.1,3.2
2025-04-15,4,-2.8999999999999995,0.0,69.05841845742746,Lugge Tsho,4350,1.1,3.2
2025-04-16,4,-3.55,0.0,42.958134052609154,Lugge Tsho,4350,1.1,3.2
2025-04-17,4,-2.95,0.0,42.985288983538084,Lugge Tsho,4350,1.1,3.2
2025-04-18,4,-0.5499999999999998,0.0,61.95571135533453,Lugge Tsho,4350,1.1,3.2
2025-04-19,4,-0.8500000000000001,0.0,55.76687251944243,Lugge Tsho,4350,1.1,3.2
2025-04-20,4,0.0,0.0,62.18586671556273,Lugge Tsho,4350,1.1,3.2
2025-04-21,4,-1.3499999999999996,0.0,65.56562897049953,Lugge Tsho,4350,1.1,3.2
2025-04-22,4,-0.09999999999999964,0.2,76.21160692335336,Lugge Tsho,4350,1.1,3.2
2025-04-23,4,1.0,0.0,43.531522583785595,Lugge Tsho,4350,1.1,3.2
2025-04-24,4,-1.0000000000000004,2.9,92.47339632013151,Lugge Tsho,4350,1.1,3.2
2025-04-25,4,-0.04999999999999982,1.0,82.91149053734416,Lugge Tsho,4350,1.1,3.2
2025-04-26,4,-1.1,0.4,87.9233810706418,Lugge Tsho,4350,1.1,3.2
2025-04-27,4,-3.7,0.1,86.54971622756933,Lugge Tsho,4350,1.1,3.2
2025-04-28,4,-1.35,0.0,63.14889973291571,Lugge Tsho,4350,1.1,3.2
2025-04-29,4,-2.2,0.0,44.99410416013343,Lugge Tsho,4350,1.1,3.2
2025-04-30,4,-1.4500000000000002,0.0,56.77935827418379,Lugge Tsho,4350,1.1,3.2
2025-05-01,5,-1.35,0.1,86.43798311975166,Lugge Tsho,4350,1.1,3.2
2025-05-02,5,-4.199999999999999,0.0,41.85155516810231,Lugge Tsho,4350,1.1,3.2
2025-05-03,5,-3.9000000000000004,0.1,84.19635170590018,Lugge Tsho,4350,1.1,3.2
2025-05-04,5,-2.0000000000000004,0.1,79.26719488067629,Lugge Tsho,4350,1.1,3.2
2025-05-05,5,0.050000000000000044,0.0,64.60056850824674,Lugge Tsho,4350,1.1,3.2
2025-05-06,5,-1.0,0.0,59.552294269201255,Lugge Tsho,4350,1.1,3.2
2025-05-07,5,1.8499999999999999,0.5,83.64423013742797,Lugge Tsho,4350,1.1,3.2
2025-05-08,5,0.6999999999999997,0.0,68.82144298176564,Lugge Tsho,4350,1.1,3.2
2025-05-09,5,-0.7999999999999998,0.0,49.73275266186046,Lugge Tsho,4350,1.1,3.2
2025-05-10,5,-0.1499999999999999,0.0,51.25946923977362,Lugge Tsho,4350,1.1,3.2
2025-05-11,5,1.45,0.0,47.088502225818566,Lugge Tsho,4350,1.1,3.2
2025-05-12,5,2.6,0.0,46.497359331164695,Lugge Tsho,4350,1.1,3.2
2025-05-13,5,2.9000000000000004,3.3,86.38497696243022,Lugge Tsho,4350,1.1,3.2
2025-05-14,5,2.95,0.5,85.53361071105925,Lugge Tsho,4350,1.1,3.2
2025-05-15,5,2.9499999999999997,1.4,77.30890122638667,Lugge Tsho,4350,1.1,3.2
2025-05-16,5,3.1,3.2,90.42261514991603,Lugge Tsho,4350,1.1,3.2
2025-05-17,5,2.1,0.6,88.50413670127779,Lugge Tsho,4350,1.1,3.2
2025-05-18,5,1.8000000000000003,0.3,77.85853956808387,Lugge Tsho,4350,1.1,3.2
2025-05-19,5,3.25,5.4,89.21716932248381,Lugge Tsho,4350,1.1,3.2
2025-05-20,5,3.4000000000000004,7.8,80.82739902900542,Lugge Tsho,4350,1.1,3.2
2025-05-21,5,2.1,0.7,86.42552358570872,Lugge Tsho,4350,1.1,3.2
2025-05-22,5,4.05,1.5,82.48771629823545,Lugge Tsho,4350,1.1,3.2
2025-05-23,5,4.15,4.2,88.35392549682128,Lugge Tsho,4350,1.1,3.2
2025-05-24,5,3.35,5.6,79.57156030674888,Lugge Tsho,4350,1.1,3.2
2025-05-25,5,4.1,7.9,91.96126714581558,Lugge Tsho,4350,1.1,3.2
2025-05-26,5,4.1,9.6,89.51546956430094,Lugge Tsho,4350,1.1,3.2
2025-05-27,5,5.699999999999999,0.6,76.9623417803632,Lugge Tsho,4350,1.1,3.2
2025-05-28,5,4.6499999999999995,0.3,93.9752324775679,Lugge Tsho,4350,1.1,3.2
2025-05-29,5,5.1,9.5,94.00419463692614,Lugge Tsho,4350,1.1,3.2
2025-05-30,5,4.1,17.2,83.50326525337411,Lugge Tsho,4350,1.1,3.2
2025-05-31,5,4.45,10.3,87.07062197069357,Lugge Tsho,4350,1.1,3.2
2025-06-01,6,4.05,3.4,91.10392699408838,Lugge Tsho,4350,1.1,3.2
2025-06-02,6,3.7,1.3,75.07548206888596,Lugge Tsho,4350,1.1,3.2
2025-06-03,6,3.9000000000000004,5.2,90.84548597978069,Lugge Tsho,4350,1.1,3.2
2025-06-04,6,3.0,2.2,89.49773955744965,Lugge Tsho,4350,1.1,3.2
2025-06-05,6,3.8,1.8,93.558336162323,Lugge Tsho,4350,1.1,3.2
2025-06-06,6,2.6,0.4,89.2980795234284,Lugge Tsho,4350,1.1,3.2
2025-06-07,6,1.25,0.0,47.99993007359143,Lugge Tsho,4350,1.1,3.2
2025-06-08,6,5.05,0.0,48.831494931717764,Lugge Tsho,4350,1.1,3.2
2025-06-09,6,4.6499999999999995,0.0,68.85547241652479,Lugge Tsho,4350,1.1,3.2
2025-06-10,6,4.85,0.0,55.400620237640524,Lugge Tsho,4350,1.1,3.2
2025-06-11,6,4.15,0.0,54.251583925579205,Lugge Tsho,4350,1.1,3.2
2025-06-12,6,7.7,1.2,80.45548032883002,Lugge Tsho,4350,1.1,3.2
2025-06-13,6,6.949999999999999,2.5,90.29125821824371,Lugge Tsho,4350,1.1,3.2
2025-06-14,6,7.85,3.3,79.71020546669448,Lugge Tsho,4350,1.1,3.2
2025-06-15,6,6.85,5.5,85.41027982000921,Lugge Tsho,4350,1.1,3.2
2025-06-16,6,8.35,0.6,85.34510604443632,Lugge Tsho,4350,1.1,3.2
2025-06-17,6,8.0,2.7,84.22405873426604,Lugge Tsho,4350,1.1,3.2
2025-06-18,6,8.4,15.0,75.40997237099774,Lugge Tsho,4350,1.1,3.2
2025-06-19,6,7.25,18.6,87.72799549215695,Lugge Tsho,4350,1.1,3.2
2025-06-20,6,8.8,9.2,78.22461287659206,Lugge Tsho,4350,1.1,3.2
2025-06-21,6,9.2,2.3,93.97743788199683,Lugge Tsho,4350,1.1,3.2
2025-06-22,6,6.7,4.0,91.74568826040772,Lugge Tsho,4350,1.1,3.2
2025-06-23,6,7.9,6.7,78.55155007761462,Lugge Tsho,4350,1.1,3.2
2025-06-24,6,7.300000000000001,21.2,84.19528805130079,Lugge Tsho,4350,1.1,3.2
2025-06-25,6,8.0,3.0,85.56676381756122,Lugge Tsho,4350,1.1,3.2
2025-06-26,6,8.05,7.0,92.66094114892513,Lugge Tsho,4350,1.1,3.2
2025-06-27,6,7.6,2.3,76.1533566435226,Lugge Tsho,4350,1.1,3.2
2025-06-28,6,7.55,2.5,84.16446845992895,Lugge Tsho,4350,1.1,3.2
2025-06-29,6,7.9,6.1,78.13646283950143,Lugge Tsho,4350,1.1,3.2
2025-06-30,6,6.35,9.1,85.36577179980354,Lugge Tsho,4350,1.1,3.2
2025-07-01,7,8.45,2.7,82.32716703743533,Lugge Tsho,4350,1.1,3.2
2025-07-02,7,8.0,2.8,90.17666353336945,Lugge Tsho,4350,1.1,3.2
2025-07-03,7,8.1,5.6,75.1068592839306,Lugge Tsho,4350,1.1,3.2
2025-07-04,7,8.15,10.7,94.01060310089125,Lugge Tsho,4350,1.1,3.2
2025-07-05,7,8.700000000000001,10.2,80.17684058684397,Lugge Tsho,4350,1.1,3.2
2025-07-06,7,8.5,0.4,93.05975181474,Lugge Tsho,4350,1.1,3.2
2025-07-07,7,7.05,0.3,81.61849012673245,Lugge Tsho,4350,1.1,3.2
2025-07-08,7,5.65,1.6,84.23952315859489,Lugge Tsho,4350,1.1,3.2
2025-07-09,7,6.95,10.9,79.54334260614094,Lugge Tsho,4350,1.1,3.2
2025-07-10,7,7.2,6.1,85.34889933817345,Lugge Tsho,4350,1.1,3.2
2025-07-11,7,6.95,8.9,91.83429097979105,Lugge Tsho,4350,1.1,3.2
2025-07-12,7,7.4,11.1,82.35930789550473,Lugge Tsho,4350,1.1,3.2
2025-07-13,7,8.350000000000001,23.5,86.31471013592751,Lugge Tsho,4350,1.1,3.2
2025-07-14,7,7.5,13.9,76.54415768052505,Lugge Tsho,4350,1.1,3.2
2025-07-15,7,9.15,13.8,94.60459045211192,Lugge Tsho,4350,1.1,3.2
2025-07-16,7,7.199999999999999,5.6,79.29920407062137,Lugge Tsho,4350,1.1,3.2
2025-07-17,7,6.1499999999999995,11.3,80.0887979656414,Lugge Tsho,4350,1.1,3.2
2025-07-18,7,7.6499999999999995,4.1,75.88152277241292,Lugge Tsho,4350,1.1,3.2
2025-07-19,7,8.35,5.3,82.9199942014639,Lugge Tsho,4350,1.1,3.2
2025-07-20,7,8.05,13.9,81.06483110571864,Lugge Tsho,4350,1.1,3.2
2025-07-21,7,9.649999999999999,7.2,94.99095694070905,Lugge Tsho,4350,1.1,3.2
2025-07-22,7,9.0,10.4,87.21854136263607,Lugge Tsho,4350,1.1,3.2
2025-07-23,7,8.2,1.7,89.48626106455458,Lugge Tsho,4350,1.1,3.2
2025-07-24,7,8.65,14.9,81.3853866814121,Lugge Tsho,4350,1.1,3.2
2025-07-25,7,8.4,3.2,91.4559178090853,Lugge Tsho,4350,1.1,3.2
2025-07-26,7,9.85,14.5,77.97580773069275,Lugge Tsho,4350,1.1,3.2
2025-07-27,7,10.3,10.2,92.7743517405653,Lugge Tsho,4350,1.1,3.2
2025-07-28,7,8.8,27.0,87.01989146725982,Lugge Tsho,4350,1.1,3.2
2025-07-29,7,9.25,18.7,82.62266144180124,Lugge Tsho,4350,1.1,3.2
2025-07-30,7,8.4,11.8,79.66687404631179,Lugge Tsho,4350,1.1,3.2
2025-07-31,7,8.55,13.8,92.18657707832806,Lugge Tsho,4350,1.1,3.2
2025-08-01,8,7.6499999999999995,3.6,88.49693957071077,Lugge Tsho,4350,1.1,3.2
2025-08-02,8,9.65,3.1,75.70051770327377,Lugge Tsho,4350,1.1,3.2
2025-08-03,8,8.75,4.6,84.39338539809454,Lugge Tsho,4350,1.1,3.2
2025-08-04,8,9.45,6.2,86.88912257346229,Lugge Tsho,4350,1.1,3.2
2025-08-05,8,6.8999999999999995,7.4,90.31853428431431,Lugge Tsho,4350,1.1,3.2
2025-08-06,8,8.5,4.1,88.16240978032708,Lugge Tsho,4350,1.1,3.2
2025-08-07,8,9.7,16.8,92.27243820670864,Lugge Tsho,4350,1.1,3.2
2025-08-08,8,8.4,15.7,77.0988388172242,Lugge Tsho,4350,1.1,3.2
2025-08-09,8,8.05,4.3,83.7773464075747,Lugge Tsho,4350,1.1,3.2
2025-08-10,8,8.95,3.0,91.75672332255623,Lugge Tsho,4350,1.1,3.2
2025-08-11,8,8.95,9.4,88.55014087132498,Lugge Tsho,4350,1.1,3.2
2025-08-12,8,10.35,7.5,81.35776665460209,Lugge Tsho,4350,1.1,3.2
2025-08-13,8,8.35,13.8,81.6666252871371,Lugge Tsho,4350,1.1,3.2
2025-08-14,8,7.550000000000001,5.2,79.98517212585614,Lugge Tsho,4350,1.1,3.2
2025-08-15,8,8.2,6.9,81.19749056587388,Lugge Tsho,4350,1.1,3.2
2025-08-16,8,7.5,10.2,88.18420247267909,Lugge Tsho,4350,1.1,3.2
2025-08-17,8,7.8500000000000005,19.5,92.91230140931523,Lugge Tsho,4350,1.1,3.2
2025-08-18,8,8.25,4.1,89.38295301420803,Lugge Tsho,4350,1.1,3.2
2025-08-19,8,8.6,0.9,82.22218989779024,Lugge Tsho,4350,1.1,3.2
2025-08-20,8,8.6,2.4,94.2768087811146,Lugge Tsho,4350,1.1,3.2
2025-08-21,8,8.75,0.5,89.69091486636788,Lugge Tsho,4350,1.1,3.2
2025-08-22,8,8.65,4.4,77.96185085082719,Lugge Tsho,4350,1.1,3.2
2025-08-23,8,9.0,16.4,90.4092628681257,Lugge Tsho,4350,1.1,3.2
2025-08-24,8,7.8,6.9,83.6045245099553,Lugge Tsho,4350,1.1,3.2
2025-08-25,8,8.15,2.9,81.63025842038168,Lugge Tsho,4350,1.1,3.2
2025-08-26,8,9.100000000000001,4.3,85.36961924774181,Lugge Tsho,4350,1.1,3.2
2025-08-27,8,8.3,0.5,77.24180467411766,Lugge Tsho,4350,1.1,3.2
2025-08-28,8,7.1000000000000005,3.4,86.77587981709625,Lugge Tsho,4350,1.1,3.2
2025-08-29,8,6.800000000000001,7.0,76.33737594331707,Lugge Tsho,4350,1.1,3.2
2025-08-30,8,7.7,2.2,85.44110640867432,Lugge Tsho,4350,1.1,3.2
2025-08-31,8,7.1,2.5,81.3733434289046,Lugge Tsho,4350,1.1,3.2
2025-09-01,9,7.25,2.4,89.96098534858281,Lugge Tsho,4350,1.1,3.2
2025-09-02,9,7.6000000000000005,0.7,81.6241194863327,Lugge Tsho,4350,1.1,3.2
2025-09-03,9,8.4,10.6,77.39217632109846,Lugge Tsho,4350,1.1,3.2
2025-09-04,9,6.7,0.2,91.44963123304495,Lugge Tsho,4350,1.1,3.2
2025-09-05,9,7.95,4.1,93.75870095510214,Lugge Tsho,4350,1.1,3.2
2025-09-06,9,7.8999999999999995,4.1,78.88232546358178,Lugge Tsho,4350,1.1,3.2
2025-09-07,9,7.6,3.2,83.91803004069914,Lugge Tsho,4350,1.1,3.2
2025-09-08,9,7.15,0.7,84.18003471210966,Lugge Tsho,4350,1.1,3.2
2025-09-09,9,7.25,1.9,91.06138355964639,Lugge Tsho,4350,1.1,3.2
2025-09-10,9,7.35,0.4,84.88823661665162,Lugge Tsho,4350,1.1,3.2
2025-09-11,9,7.6000000000000005,0.8,79.75956028950195,Lugge Tsho,4350,1.1,3.2
2025-09-12,9,8.0,1.5,94.53897504326187,Lugge Tsho,4350,1.1,3.2
2025-09-13,9,8.3,6.4,90.29313514692791,Lugge Tsho,4350,1.1,3.2
2025-09-14,9,7.3,9.4,86.02795607353087,Lugge Tsho,4350,1.1,3.2
2025-09-15,9,6.5,8.7,88.76071913302553,Lugge Tsho,4350,1.1,3.2
2025-09-16,9,6.0,5.2,86.97677928151681,Lugge Tsho,4350,1.1,3.2
2025-09-17,9,6.85,2.2,87.77096181725688,Lugge Tsho,4350,1.1,3.2
2025-09-18,9,7.15,5.0,84.15647125210766,Lugge Tsho,4350,1.1,3.2
2025-09-19,9,6.55,8.8,86.9357295399234,Lugge Tsho,4350,1.1,3.2
2025-09-20,9,7.3,2.5,88.1397757870171,Lugge Tsho,4350,1.1,3.2
2025-09-21,9,6.65,1.3,85.98200575136647,Lugge Tsho,4350,1.1,3.2
2025-09-22,9,4.9,3.4,77.81101098907843,Lugge Tsho,4350,1.1,3.2
2025-09-23,9,6.7,1.1,90.19254604336582,Lugge Tsho,4350,1.1,3.2
2025-09-24,9,4.85,1.9,90.88562038113211,Lugge Tsho,4350,1.1,3.2
2025-09-25,9,5.5,7.1,85.96052248034212,Lugge Tsho,4350,1.1,3.2
2025-09-26,9,5.8,9.2,82.32855403559208,Lugge Tsho,4350,1.1,3.2
2025-09-27,9,6.4,2.0,81.48779200003277,Lugge Tsho,4350,1.1,3.2
2025-09-28,9,6.45,4.0,85.28243149059332,Lugge Tsho,4350,1.1,3.2
2025-09-29,9,6.55,4.2,77.81495693337966,Lugge Tsho,4350,1.1,3.2
2025-09-30,9,6.45,1.0,80.83202312682305,Lugge Tsho,4350,1.1,3.2
2025-10-01,10,5.949999999999999,2.5,89.43198412813857,Lugge Tsho,4350,1.1,3.2
2025-10-02,10,6.050000000000001,6.7,83.67462499389691,Lugge Tsho,4350,1.1,3.2
2025-10-03,10,4.45,7.9,79.55087924137642,Lugge Tsho,4350,1.1,3.2
2025-10-04,10,4.4,1.7,92.99327831692159,Lugge Tsho,4350,1.1,3.2
2025-10-05,10,1.1500000000000001,2.6,86.02431370020308,Lugge Tsho,4350,1.1,3.2
2025-10-06,10,-0.6999999999999997,0.0,47.91457919613847,Lugge Tsho,4350,1.1,3.2
2025-10-07,10,-1.9499999999999997,0.1,84.96035910920746,Lugge Tsho,4350,1.1,3.2
2025-10-08,10,1.4999999999999998,0.4,81.45560314353199,Lugge Tsho,4350,1.1,3.2
2025-10-09,10,1.0500000000000003,0.0,40.76401865840156,Lugge Tsho,4350,1.1,3.2
2025-10-10,10,2.5000000000000004,0.0,60.64682274561903,Lugge Tsho,4350,1.1,3.2
2025-10-11,10,1.5999999999999996,0.0,52.52414903836484,Lugge Tsho,4350,1.1,3.2
2025-10-12,10,-0.25,0.1,85.52407662366743,Lugge Tsho,4350,1.1,3.2
2025-10-13,10,0.20000000000000018,0.1,90.6369707014075,Lugge Tsho,4350,1.1,3.2
2025-10-14,10,0.8000000000000003,0.0,42.58063009681385,Lugge Tsho,4350,1.1,3.2
2025-10-15,10,1.2999999999999998,0.3,76.0429128918783,Lugge Tsho,4350,1.1,3.2
2025-10-16,10,0.6499999999999999,0.0,53.783158528495534,Lugge Tsho,4350,1.1,3.2
2025-10-17,10,1.6999999999999997,0.4,79.70983889379349,Lugge Tsho,4350,1.1,3.2
2025-10-18,10,0.6999999999999997,0.1,76.11034601154493,Lugge Tsho,4350,1.1,3.2
2025-10-19,10,1.6999999999999997,0.0,61.764410559873056,Lugge Tsho,4350,1.1,3.2
2025-10-20,10,2.0500000000000003,0.0,42.27442879622125,Lugge Tsho,4350,1.1,3.2
2025-10-21,10,2.8500000000000005,0.0,57.62532504814753,Lugge Tsho,4350,1.1,3.2
2025-10-22,10,2.6,0.0,62.14872161040708,Lugge Tsho,4350,1.1,3.2
2025-10-23,10,2.9,0.0,47.30965790518201,Lugge Tsho,4350,1.1,3.2
2025-10-24,10,0.3500000000000001,0.0,64.61520965397594,Lugge Tsho,4350,1.1,3.2
2025-10-25,10,-0.5499999999999998,0.1,75.56872373689058,Lugge Tsho,4350,1.1,3.2
2025-10-26,10,0.4500000000000002,0.5,84.44928693639282,Lugge Tsho,4350,1.1,3.2
2025-10-27,10,-0.25,0.2,90.62483844535387,Lugge Tsho,4350,1.1,3.2
2025-10-28,10,0.7999999999999999,4.6,88.64327670742247,Lugge Tsho,4350,1.1,3.2
2025-10-29,10,2.1,1.8,81.92232348365025,Lugge Tsho,4350,1.1,3.2
2025-10-30,10,1.3,5.9,83.7585022343089,Lugge Tsho,4350,1.1,3.2
2025-10-31,10,1.0,4.2,77.8946060588106,Lugge Tsho,4350,1.1,3.2
2025-11-01,11,1.65,4.8,90.4147954951522,Lugge Tsho,4350,1.1,3.2
2025-11-02,11,-0.25,2.1,90.55994631256598,Lugge Tsho,4350,1.1,3.2
2025-11-03,11,-5.65,0.0,67.19041562178991,Lugge Tsho,4350,1.1,3.2
2025-11-04,11,-3.1000000000000005,0.0,58.545194823482106,Lugge Tsho,4350,1.1,3.2
2025-11-05,11,-1.0,0.0,51.27752925462466,Lugge Tsho,4350,1.1,3.2
2025-11-06,11,-4.6,0.0,62.77773139500408,Lugge Tsho,4350,1.1,3.2
2025-11-07,11,-4.0,0.0,46.86258092887727,Lugge Tsho,4350,1.1,3.2
2025-11-08,11,-1.1999999999999997,0.0,68.36135552198922,Lugge Tsho,4350,1.1,3.2
2025-11-09,11,-2.95,0.0,51.56022671242813,Lugge Tsho,4350,1.1,3.2
2025-11-10,11,-2.25,0.0,68.23359122230993,Lugge Tsho,4350,1.1,3.2
2025-11-11,11,-0.9999999999999996,0.0,61.09669647118004,Lugge Tsho,4350,1.1,3.2
2025-11-12,11,-0.6999999999999993,0.0,52.25317789911527,Lugge Tsho,4350,1.1,3.2
2025-11-13,11,-0.5499999999999998,0.0,55.95145225924104,Lugge Tsho,4350,1.1,3.2
2025-11-14,11,-1.25,0.0,59.61495141640704,Lugge Tsho,4350,1.1,3.2
2025-11-15,11,-1.75,0.0,54.51061737070883,Lugge Tsho,4350,1.1,3.2
2025-11-16,11,-2.4000000000000004,0.0,42.623065129822415,Lugge Tsho,4350,1.1,3.2
2025-11-17,11,-3.0999999999999996,0.0,42.65138357362754,Lugge Tsho,4350,1.1,3.2
2025-11-18,11,-3.3,0.0,51.77796655417083,Lugge Tsho,4350,1.1,3.2
2025-11-19,11,-4.75,0.0,44.48417321998583,Lugge Tsho,4350,1.1,3.2
2025-11-20,11,-3.75,0.0,64.87286264574026,Lugge Tsho,4350,1.1,3.2
2025-11-21,11,-5.550000000000001,0.5,92.56454476145774,Lugge Tsho,4350,1.1,3.2
2025-11-22,11,-4.3,0.2,94.09971333473742,Lugge Tsho,4350,1.1,3.2
2025-11-23,11,-3.3999999999999995,0.9,83.09825911075436,Lugge Tsho,4350,1.1,3.2
2025-11-24,11,-4.75,0.7,94.48593146318396,Lugge Tsho,4350,1.1,3.2
2025-11-25,11,-4.699999999999999,0.1,80.96397400782953,Lugge Tsho,4350,1.1,3.2
2025-11-26,11,-4.300000000000001,0.1,83.2754421919847,Lugge Tsho,4350,1.1,3.2
2025-11-27,11,-5.7,0.0,52.23677815020672,Lugge Tsho,4350,1.1,3.2
2025-11-28,11,-5.2,0.0,67.39327352137306,Lugge Tsho,4350,1.1,3.2
2025-11-29,11,-4.949999999999999,0.0,45.074763837404504,Lugge Tsho,4350,1.1,3.2
2025-11-30,11,-3.5,0.0,62.395845971021195,Lugge Tsho,4350,1.1,3.2
2025-12-01,12,-1.1,0.0,60.92335191156974,Lugge Tsho,4350,1.1,3.2
2025-12-02,12,-3.0,0.0,61.8356978223463,Lugge Tsho,4350,1.1,3.2
2025-12-03,12,-5.4,1.3,80.89417859181938,Lugge Tsho,4350,1.1,3.2
2025-12-04,12,-5.9,0.2,94.67518632071898,Lugge Tsho,4350,1.1,3.2
2025-12-05,12,-5.65,0.0,58.2588924264094,Lugge Tsho,4350,1.1,3.2
2025-12-06,12,-5.0,0.0,68.76073803219951,Lugge Tsho,4350,1.1,3.2
2025-12-07,12,-4.25,0.0,61.87836868681658,Lugge Tsho,4350,1.1,3.2
2025-12-08,12,-5.0,0.0,40.744668466201,Lugge Tsho,4350,1.1,3.2
2025-12-09,12,-6.6,0.0,56.85504198208041,Lugge Tsho,4350,1.1,3.2
2025-12-10,12,-7.450000000000001,0.0,57.041857914862184,Lugge Tsho,4350,1.1,3.2
2025-12-11,12,-6.6499999999999995,0.0,56.91886002298588,Lugge Tsho,4350,1.1,3.2
2025-12-12,12,-7.000000000000001,0.0,66.29644436033149,Lugge Tsho,4350,1.1,3.2
2025-12-13,12,-6.249999999999999,0.0,49.325597069814606,Lugge Tsho,4350,1.1,3.2
2025-12-14,12,-6.15,0.0,48.475650962498435,Lugge Tsho,4350,1.1,3.2
2025-12-15,12,-5.5,0.0,48.210972048164756,Lugge Tsho,4350,1.1,3.2
2025-12-16,12,-4.949999999999999,0.0,53.33682691782347,Lugge Tsho,4350,1.1,3.2
2025-12-17,12,-6.3500000000000005,0.0,65.34198649339585,Lugge Tsho,4350,1.1,3.2
2025-12-18,12,-5.3,0.0,54.00270211353376,Lugge Tsho,4350,1.1,3.2
2025-12-19,12,-2.55,0.0,66.05773752571339,Lugge Tsho,4350,1.1,3.2
2025-12-20,12,-2.4499999999999997,0.0,62.09368898004109,Lugge Tsho,4350,1.1,3.2
2025-12-21,12,0.0,0.0,64.25552311924838,Lugge Tsho,4350,1.1,3.2
2025-12-22,12,0.09999999999999964,0.0,45.38408553516328,Lugge Tsho,4350,1.1,3.2
2025-12-23,12,0.20000000000000018,0.0,46.93183829437001,Lugge Tsho,4350,1.1,3.2
2025-12-24,12,-1.2000000000000002,0.2,88.46907762876741,Lugge Tsho,4350,1.1,3.2
2025-12-25,12,-5.050000000000001,0.1,89.71246834918715,Lugge Tsho,4350,1.1,3.2
2025-12-26,12,-4.6,0.0,41.34637057589163,Lugge Tsho,4350,1.1,3.2
2025-12-27,12,-4.65,0.0,44.56540041505895,Lugge Tsho,4350,1.1,3.2
2025-12-28,12,-4.9,0.2,94.77731036603524,Lugge Tsho,4350,1.1,3.2
2025-12-29,12,-9.75,0.2,78.7094021452037,Lugge Tsho,4350,1.1,3.2
2025-12-30,12,-10.5,0.0,43.16850223704081,Lugge Tsho,4350,1.1,3.2
2025-12-31,12,-11.55,0.0,46.23941538312205,Lugge Tsho,4350,1.1,3.2
2026-01-01,1,-10.55,0.0,57.890627355476596,Lugge Tsho,4350,1.1,3.2
2026-01-02,1,-9.4,0.3,84.00796374429505,Lugge Tsho,4350,1.1,3.2
2026-01-03,1,-11.049999999999999,0.0,44.830906847686215,Lugge Tsho,4350,1.1,3.2
2026-01-04,1,-12.149999999999999,0.0,41.77242373032697,Lugge Tsho,4350,1.1,3.2
2026-01-05,1,-10.8,0.0,50.31499399195425,Lugge Tsho,4350,1.1,3.2
2026-01-06,1,-11.399999999999999,0.0,51.91031573148732,Lugge Tsho,4350,1.1,3.2
2026-01-07,1,-11.55,0.0,50.96358079571719,Lugge Tsho,4350,1.1,3.2
2026-01-08,1,-8.049999999999999,0.0,47.6040244191864,Lugge Tsho,4350,1.1,3.2
2026-01-09,1,-7.4,0.0,67.2794146166228,Lugge Tsho,4350,1.1,3.2
2026-01-10,1,-8.15,0.0,45.15674831609628,Lugge Tsho,4350,1.1,3.2
2026-01-11,1,-10.0,0.0,61.34789240639856,Lugge Tsho,4350,1.1,3.2
2026-01-12,1,-8.7,0.0,58.28820593850698,Lugge Tsho,4350,1.1,3.2
2026-01-13,1,-8.2,0.0,50.06289002229805,Lugge Tsho,4350,1.1,3.2
2026-01-14,1,-8.35,0.0,58.32303746286642,Lugge Tsho,4350,1.1,3.2
2026-01-15,1,-10.450000000000001,0.1,84.09703164639801,Lugge Tsho,4350,1.1,3.2
2026-01-16,1,-12.15,0.0,63.33925110988987,Lugge Tsho,4350,1.1,3.2
2026-01-17,1,-7.949999999999999,0.0,49.699803356830216,Lugge Tsho,4350,1.1,3.2
2026-01-18,1,-8.299999999999999,0.0,56.776434724667375,Lugge Tsho,4350,1.1,3.2
2026-01-19,1,-9.75,0.1,79.8910222323147,Lugge Tsho,4350,1.1,3.2
2026-01-20,1,-9.4,0.0,63.3871877729136,Lugge Tsho,4350,1.1,3.2
2026-01-21,1,-8.25,0.0,49.5966160554338,Lugge Tsho,4350,1.1,3.2
2026-01-22,1,-8.9,0.0,66.85480457345419,Lugge Tsho,4350,1.1,3.2
2026-01-23,1,-8.799999999999999,0.0,44.2680534485459,Lugge Tsho,4350,1.1,3.2
2026-01-24,1,-9.799999999999999,0.0,41.95727333343254,Lugge Tsho,4350,1.1,3.2
2026-01-25,1,-7.5,0.0,40.319768185422966,Lugge Tsho,4350,1.1,3.2
2026-01-26,1,-9.85,0.0,49.6871504957618,Lugge Tsho,4350,1.1,3.2
2026-01-27,1,-9.399999999999999,0.0,50.17789946199379,Lugge Tsho,4350,1.1,3.2
2026-01-28,1,-9.9,0.2,78.26447651764136,Lugge Tsho,4350,1.1,3.2
2026-01-29,1,-8.3,0.1,85.74273933331023,Lugge Tsho,4350,1.1,3.2
2026-01-30,1,-10.4,0.0,42.392849444045765,Lugge Tsho,4350,1.1,3.2
2026-01-31,1,-9.600000000000001,0.0,47.618860636235326,Lugge Tsho,4350,1.1,3.2
2026-02-01,2,-9.0,0.0,41.534397531119204,Lugge Tsho,4350,1.1,3.2
2026-02-02,2,-10.450000000000001,0.0,49.637655236755705,Lugge Tsho,4350,1.1,3.2
2026-02-03,2,-8.2,0.0,49.154848129752914,Lugge Tsho,4350,1.1,3.2
2026-02-04,2,-9.2,0.7,76.54236047591196,Lugge Tsho,4350,1.1,3.2
2026-02-05,2,-11.450000000000001,0.0,44.18724142232534,Lugge Tsho,4350,1.1,3.2
2026-02-06,2,-10.7,0.0,49.597087997981504,Lugge Tsho,4350,1.1,3.2
2026-02-07,2,-10.8,0.4,86.1605058257831,Lugge Tsho,4350,1.1,3.2
2026-02-08,2,-8.95,0.7,94.07806296182855,Lugge Tsho,4350,1.1,3.2
2026-02-09,2,-10.75,0.3,88.66745772885947,Lugge Tsho,4350,1.1,3.2
2026-02-10,2,-8.85,0.4,93.07771445443566,Lugge Tsho,4350,1.1,3.2
2026-02-11,2,-8.7,0.3,77.78552818825143,Lugge Tsho,4350,1.1,3.2
2026-02-12,2,-9.25,0.0,45.398190861238724,Lugge Tsho,4350,1.1,3.2
2026-02-13,2,-10.549999999999999,0.0,46.10935718621953,Lugge Tsho,4350,1.1,3.2
2026-02-14,2,-6.6499999999999995,0.2,81.64986427236636,Lugge Tsho,4350,1.1,3.2
2026-02-15,2,-6.75,0.0,49.7272057218746,Lugge Tsho,4350,1.1,3.2
2026-02-16,2,-9.15,0.0,67.9936750454012,Lugge Tsho,4350,1.1,3.2
2026-02-17,2,-9.200000000000001,0.0,43.12921216680663,Lugge Tsho,4350,1.1,3.2
2026-02-18,2,-9.4,0.0,65.62987972965652,Lugge Tsho,4350,1.1,3.2
2026-02-19,2,-10.100000000000001,0.2,85.5808062234847,Lugge Tsho,4350,1.1,3.2
2026-02-20,2,-8.75,0.0,55.22817817084251,Lugge Tsho,4350,1.1,3.2
2026-02-21,2,-9.399999999999999,0.0,47.01362372798998,Lugge Tsho,4350,1.1,3.2
2026-02-22,2,-10.1,0.0,48.3517924099681,Lugge Tsho,4350,1.1,3.2
2026-02-23,2,-10.65,0.0,55.26553608018939,Lugge Tsho,4350,1.1,3.2
2026-02-24,2,-12.8,0.0,52.545813166457336,Lugge Tsho,4350,1.1,3.2
2026-02-25,2,-9.25,0.0,43.70992429961345,Lugge Tsho,4350,1.1,3.2
2026-02-26,2,-9.7,0.1,81.3545667881393,Lugge Tsho,4350,1.1,3.2
2026-02-27,2,-8.3,0.0,54.78204226286658,Lugge Tsho,4350,1.1,3.2
2026-02-28,2,-8.25,0.0,57.81555880847847,Lugge Tsho,4350,1.1,3.2
2026-03-01,3,-9.100000000000001,0.7,92.4019064509153,Lugge Tsho,4350,1.1,3.2
2026-03-02,3,-9.5,0.0,50.613709146755696,Lugge Tsho,4350,1.1,3.2
2026-03-03,3,-5.85,0.0,66.38342595123699,Lugge Tsho,4350,1.1,3.2
2026-03-04,3,-4.999999999999999,0.0,58.83028876387496,Lugge Tsho,4350,1.1,3.2
2026-03-05,3,-4.25,0.0,68.14370472877943,Lugge Tsho,4350,1.1,3.2
2026-03-06,3,-2.95,0.0,53.84025030654956,Lugge Tsho,4350,1.1,3.2
2026-03-07,3,-3.6,0.0,61.705606300891816,Lugge Tsho,4350,1.1,3.2
2026-03-08,3,-2.65,0.1,84.81371390099858,Lugge Tsho,4350,1.1,3.2
2026-03-09,3,-3.55,0.4,84.05949383350799,Lugge Tsho,4350,1.1,3.2
2026-03-10,3,-5.65,0.0,59.653965793000225,Lugge Tsho,4350,1.1,3.2
2026-03-11,3,-5.95,0.0,49.33420151932889,Lugge Tsho,4350,1.1,3.2
2026-03-12,3,-4.7,0.1,85.04465114855243,Lugge Tsho,4350,1.1,3.2
2026-03-13,3,-4.05,0.6,85.04549023753617,Lugge Tsho,4350,1.1,3.2
2026-03-14,3,-7.35,0.2,85.39801671933407,Lugge Tsho,4350,1.1,3.2
2026-03-15,3,-5.85,0.0,57.4917012748884,Lugge Tsho,4350,1.1,3.2
2026-03-16,3,-8.9,0.7,84.26287606646818,Lugge Tsho,4350,1.1,3.2
2026-03-17,3,-9.7,0.2,92.32102409441936,Lugge Tsho,4350,1.1,3.2
2026-03-18,3,-10.55,0.0,55.27936270891084,Lugge Tsho,4350,1.1,3.2
2026-03-19,3,-9.75,0.0,58.02129972820673,Lugge Tsho,4350,1.1,3.2
2026-03-20,3,-7.699999999999999,0.0,51.65696521706302,Lugge Tsho,4350,1.1,3.2
2026-03-21,3,-4.6,0.0,68.00846695145901,Lugge Tsho,4350,1.1,3.2
2026-03-22,3,-6.7,0.0,62.91702069263182,Lugge Tsho,4350,1.1,3.2
2026-03-23,3,-3.7,0.1,91.4783977235001,Lugge Tsho,4350,1.1,3.2
2026-03-24,3,-4.15,0.5,90.85645190318408,Lugge Tsho,4350,1.1,3.2
2026-03-25,3,-8.299999999999999,0.0,62.280069868332106,Lugge Tsho,4350,1.1,3.2
2026-03-26,3,-8.25,0.2,81.38368897778247,Lugge Tsho,4350,1.1,3.2
2026-03-27,3,-4.7,0.3,79.76022357807092,Lugge Tsho,4350,1.1,3.2
2026-03-28,3,-5.75,0.5,80.48033578313508,Lugge Tsho,4350,1.1,3.2
2026-03-29,3,-7.199999999999999,0.0,48.55759157095546,Lugge Tsho,4350,1.1,3.2
2026-03-30,3,-5.55,0.0,51.85082164579686,Lugge Tsho,4350,1.1,3.2
2026-03-31,3,-5.25,0.1,93.7837605404128,Lugge Tsho,4350,1.1,3.2
2026-04-01,4,-0.3999999999999999,0.1,90.84150303087408,Lugge Tsho,4350,1.1,3.2
2026-04-02,4,-4.300000000000001,0.0,57.98780311374434,Lugge Tsho,4350,1.1,3.2
2026-04-03,4,-1.4500000000000002,0.0,67.9976895371349,Lugge Tsho,4350,1.1,3.2
2026-04-04,4,-1.5500000000000003,0.4,92.47135489861698,Lugge Tsho,4350,1.1,3.2
2026-04-05,4,-2.05,0.2,83.44630397223763,Lugge Tsho,4350,1.1,3.2
2026-04-06,4,-5.15,0.5,91.32702472142807,Lugge Tsho,4350,1.1,3.2
2026-04-07,4,-6.0,0.1,76.59564041894431,Lugge Tsho,4350,1.1,3.2
2026-04-08,4,-7.550000000000001,0.1,92.54468268046764,Lugge Tsho,4350,1.1,3.2
2026-04-09,4,-3.3000000000000003,0.2,91.34459442840219,Lugge Tsho,4350,1.1,3.2
2026-04-10,4,-3.15,0.7,77.43981470886612,Lugge Tsho,4350,1.1,3.2
2026-04-11,4,-6.3,0.2,81.92929435929062,Lugge Tsho,4350,1.1,3.2
2026-04-12,4,-2.1,1.0,84.09438012312941,Lugge Tsho,4350,1.1,3.2
2026-04-13,4,-1.0999999999999999,0.6,82.49802511938104,Lugge Tsho,4350,1.1,3.2
2026-04-14,4,-3.5,0.3,86.17611253371697,Lugge Tsho,4350,1.1,3.2
2026-04-15,4,-4.6,0.2,83.65769380941026,Lugge Tsho,4350,1.1,3.2
2026-04-16,4,-5.85,0.2,84.67475438072394,Lugge Tsho,4350,1.1,3.2
2026-04-17,4,-0.6000000000000001,0.0,61.170481824690285,Lugge Tsho,4350,1.1,3.2
2026-04-18,4,-1.75,0.0,64.13588840308924,Lugge Tsho,4350,1.1,3.2
2026-04-19,4,-2.75,0.1,88.42457958912686,Lugge Tsho,4350,1.1,3.2
2026-04-20,4,-2.4999999999999996,0.8,91.08917125238993,Lugge Tsho,4350,1.1,3.2
2026-04-21,4,-3.7,0.0,50.53030806878633,Lugge Tsho,4350,1.1,3.2
2026-04-22,4,-4.15,0.0,60.180826805626154,Lugge Tsho,4350,1.1,3.2
2026-04-23,4,-1.8000000000000007,0.0,49.82229001367327,Lugge Tsho,4350,1.1,3.2
2026-04-24,4,-0.8499999999999996,0.0,48.480109873657206,Lugge Tsho,4350,1.1,3.2
2026-04-25,4,-3.0999999999999996,0.0,44.545238536504314,Lugge Tsho,4350,1.1,3.2
2026-04-26,4,-0.7999999999999998,0.0,49.27738336855438,Lugge Tsho,4350,1.1,3.2
2026-04-27,4,-0.6499999999999999,0.2,81.65278693529702,Lugge Tsho,4350,1.1,3.2
2026-04-28,4,-0.4500000000000002,0.0,61.45676837907669,Lugge Tsho,4350,1.1,3.2
2026-04-29,4,-0.8999999999999999,0.1,82.67280262489176,Lugge Tsho,4350,1.1,3.2
2026-04-30,4,-0.2,0.3,91.97461962766037,Lugge Tsho,4350,1.1,3.2
2026-05-01,5,-0.30000000000000004,0.0,57.957505306206656,Lugge Tsho,4350,1.1,3.2
2026-05-02,5,-2.85,0.0,60.19369232339554,Lugge Tsho,4350,1.1,3.2
2026-05-03,5,0.7,0.7,91.80664184175788,Lugge Tsho,4350,1.1,3.2
2026-05-04,5,-0.09999999999999987,0.3,91.81943715131595,Lugge Tsho,4350,1.1,3.2
2026-05-05,5,0.55,0.4,87.28038325231765,Lugge Tsho,4350,1.1,3.2
2026-05-06,5,-0.19999999999999996,0.5,93.47537125770849,Lugge Tsho,4350,1.1,3.2
2026-05-07,5,-2.4000000000000004,0.1,78.10466907197723,Lugge Tsho,4350,1.1,3.2
2026-05-08,5,-2.9000000000000004,0.0,68.55154020212849,Lugge Tsho,4350,1.1,3.2
2026-05-09,5,-2.0,0.0,59.307971934574994,Lugge Tsho,4350,1.1,3.2
2026-05-10,5,-1.2499999999999998,0.0,42.39455795243453,Lugge Tsho,4350,1.1,3.2
2026-05-11,5,-1.4,0.1,82.46248295025414,Lugge Tsho,4350,1.1,3.2
2026-05-12,5,-1.9000000000000004,0.0,65.62901692839186,Lugge Tsho,4350,1.1,3.2
2026-05-13,5,-1.9499999999999997,0.2,75.39549144966182,Lugge Tsho,4350,1.1,3.2
2026-05-14,5,1.95,2.4,82.77215983510331,Lugge Tsho,4350,1.1,3.2
2026-05-15,5,3.15,3.9,81.34120214814871,Lugge Tsho,4350,1.1,3.2
2026-05-16,5,2.6999999999999997,8.4,82.49588438296291,Lugge Tsho,4350,1.1,3.2
2026-05-17,5,-0.7499999999999996,2.2,89.67167960377839,Lugge Tsho,4350,1.1,3.2
2026-05-18,5,0.19999999999999973,0.8,89.79888565392363,Lugge Tsho,4350,1.1,3.2
2026-05-19,5,0.5499999999999998,0.0,68.50814121177982,Lugge Tsho,4350,1.1,3.2
2026-05-20,5,1.2000000000000002,0.3,93.72536690329255,Lugge Tsho,4350,1.1,3.2
2026-05-21,5,0.7499999999999996,0.5,79.05473788889265,Lugge Tsho,4350,1.1,3.2
2026-05-22,5,2.0,1.1,86.97384285144554,Lugge Tsho,4350,1.1,3.2
2026-05-23,5,2.8000000000000003,1.2,93.04792800611706,Lugge Tsho,4350,1.1,3.2
2026-05-24,5,3.2,3.6,78.45520039978585,Lugge Tsho,4350,1.1,3.2
2026-05-25,5,2.4000000000000004,0.6,77.52340670297687,Lugge Tsho,4350,1.1,3.2
2026-05-26,5,2.95,2.8,83.79805993227862,Lugge Tsho,4350,1.1,3.2
2026-05-27,5,2.75,1.1,85.98606182171655,Lugge Tsho,4350,1.1,3.2
2026-05-28,5,2.85,2.3,91.48001765637518,Lugge Tsho,4350,1.1,3.2
2026-05-29,5,0.8999999999999999,1.1,81.3053583567315,Lugge Tsho,4350,1.1,3.2
2026-05-30,5,1.3499999999999999,1.8,84.035684822593,Lugge Tsho,4350,1.1,3.2
2026-05-31,5,1.3499999999999996,0.1,82.50951762589341,Lugge Tsho,4350,1.1,3.2
2026-06-01,6,1.85,0.0,64.12899418569862,Lugge Tsho,4350,1.1,3.2
2026-06-02,6,3.1500000000000004,0.1,91.24836742210057,Lugge Tsho,4350,1.1,3.2
2026-06-03,6,3.8999999999999995,1.2,78.80699801992407,Lugge Tsho,4350,1.1,3.2
2026-06-04,6,4.15,0.4,78.14980757467934,Lugge Tsho,4350,1.1,3.2
2026-06-05,6,1.9499999999999997,0.0,52.177676266221454,Lugge Tsho,4350,1.1,3.2
2026-06-06,6,4.65,1.4,94.7920553491182,Lugge Tsho,4350,1.1,3.2
2026-06-07,6,4.4,2.0,80.74829930692805,Lugge Tsho,4350,1.1,3.2
2026-06-08,6,4.1000000000000005,0.3,93.61570757759316,Lugge Tsho,4350,1.1,3.2
2026-06-09,6,4.65,1.2,88.50886017174115,Lugge Tsho,4350,1.1,3.2
2026-06-10,6,4.5,1.0,94.20347141145481,Lugge Tsho,4350,1.1,3.2
2026-06-11,6,4.25,1.6,75.60282748216532,Lugge Tsho,4350,1.1,3.2
2026-06-12,6,4.45,0.4,78.62719482042836,Lugge Tsho,4350,1.1,3.2
2026-06-13,6,2.8499999999999996,0.0,51.4516385696529,Lugge Tsho,4350,1.1,3.2
2026-06-14,6,3.8000000000000003,0.4,94.26563542114224,Lugge Tsho,4350,1.1,3.2
2026-06-15,6,4.95,0.0,65.23743050472305,Lugge Tsho,4350,1.1,3.2
2023-06-16,6,-6.9,0.0,61.66099727554534,Chungar,4800,0.8,4.2
2023-06-17,6,-7.1,0.0,48.64260867778866,Chungar,4800,0.8,4.2
2023-06-18,6,-6.1000000000000005,0.0,64.4435879855223,Chungar,4800,0.8,4.2
2023-06-19,6,-7.6499999999999995,0.0,49.64535526053062,Chungar,4800,0.8,4.2
2023-06-20,6,-5.95,0.0,59.80070453115184,Chungar,4800,0.8,4.2
2023-06-21,6,-5.35,0.0,61.738516174408325,Chungar,4800,0.8,4.2
2023-06-22,6,-5.6,0.0,50.45230559520478,Chungar,4800,0.8,4.2
2023-06-23,6,-3.05,0.0,46.28792878375652,Chungar,4800,0.8,4.2
2023-06-24,6,-5.4,0.0,69.37759655411324,Chungar,4800,0.8,4.2
2023-06-25,6,-8.2,0.0,52.42397283692086,Chungar,4800,0.8,4.2
2023-06-26,6,-7.3999999999999995,0.0,57.38436187699269,Chungar,4800,0.8,4.2
2023-06-27,6,-9.0,0.3,78.01514415910353,Chungar,4800,0.8,4.2
2023-06-28,6,-6.95,0.0,52.41533871187083,Chungar,4800,0.8,4.2
2023-06-29,6,-5.2,0.5,81.81539040562771,Chungar,4800,0.8,4.2
2023-06-30,6,-4.55,0.2,79.05857785515423,Chungar,4800,0.8,4.2
2023-07-01,7,-4.35,0.0,48.33262940348469,Chungar,4800,0.8,4.2
2023-07-02,7,-4.55,0.0,40.056297415408146,Chungar,4800,0.8,4.2
2023-07-03,7,-4.55,0.2,78.66578966068118,Chungar,4800,0.8,4.2
2023-07-04,7,-4.3,0.2,85.38251270536539,Chungar,4800,0.8,4.2
2023-07-05,7,-5.35,0.1,79.43483548578598,Chungar,4800,0.8,4.2
2023-07-06,7,-4.800000000000001,0.0,67.70775843136326,Chungar,4800,0.8,4.2
2023-07-07,7,-4.9,0.0,47.41643477658156,Chungar,4800,0.8,4.2
2023-07-08,7,-5.05,0.0,56.981486864864166,Chungar,4800,0.8,4.2
2023-07-09,7,-5.3999999999999995,0.0,47.27361948322,Chungar,4800,0.8,4.2
2023-07-10,7,-5.05,0.0,68.8863484497308,Chungar,4800,0.8,4.2
2023-07-11,7,-5.5,0.2,87.92141772329009,Chungar,4800,0.8,4.2
2023-07-12,7,-4.25,0.6,75.21553646061469,Chungar,4800,0.8,4.2
2023-07-13,7,-3.65,0.1,78.16068890512737,Chungar,4800,0.8,4.2
2023-07-14,7,-3.55,0.0,40.25328699327193,Chungar,4800,0.8,4.2
2023-07-15,7,-2.95,0.3,83.00413671612618,Chungar,4800,0.8,4.2
2023-07-16,7,-5.050000000000001,0.0,45.85006544446826,Chungar,4800,0.8,4.2
2023-07-17,7,-3.8,0.0,67.36532392121563,Chungar,4800,0.8,4.2
2023-07-18,7,-5.1,0.0,60.89484513669631,Chungar,4800,0.8,4.2
2023-07-19,7,-4.2,0.1,88.92075966695074,Chungar,4800,0.8,4.2
2023-07-20,7,-5.05,0.0,68.3360181168854,Chungar,4800,0.8,4.2
2023-07-21,7,-5.0,0.0,59.308941086141466,Chungar,4800,0.8,4.2
2023-07-22,7,-6.4,0.2,92.00456006388384,Chungar,4800,0.8,4.2
2023-07-23,7,-6.1,0.0,64.31696054896884,Chungar,4800,0.8,4.2
2023-07-24,7,-4.6,0.5,90.34248045666529,Chungar,4800,0.8,4.2
2023-07-25,7,-5.0,0.2,94.65366513166286,Chungar,4800,0.8,4.2
2023-07-26,7,-5.1,0.1,85.30980817619137,Chungar,4800,0.8,4.2
2023-07-27,7,-4.05,0.0,46.74788995338969,Chungar,4800,0.8,4.2
2023-07-28,7,-4.25,0.2,79.94006583520165,Chungar,4800,0.8,4.2
2023-07-29,7,-4.3500000000000005,0.2,93.92063403993724,Chungar,4800,0.8,4.2
2023-07-30,7,-5.15,0.0,48.288231000145146,Chungar,4800,0.8,4.2
2023-07-31,7,-4.95,0.0,64.7495336191182,Chungar,4800,0.8,4.2
2023-08-01,8,-4.3,0.0,41.94366783110743,Chungar,4800,0.8,4.2
2023-08-02,8,-3.85,0.0,50.25383364988879,Chungar,4800,0.8,4.2
2023-08-03,8,-5.449999999999999,0.3,86.34471959107846,Chungar,4800,0.8,4.2
2023-08-04,8,-4.55,0.0,59.85033495214964,Chungar,4800,0.8,4.2
2023-08-05,8,-3.1500000000000004,0.0,55.22953314729087,Chungar,4800,0.8,4.2
2023-08-06,8,-3.3,0.4,93.08179683939385,Chungar,4800,0.8,4.2
2023-08-07,8,-3.65,0.2,79.64683998560282,Chungar,4800,0.8,4.2
2023-08-08,8,-3.25,0.1,76.13236151263257,Chungar,4800,0.8,4.2
2023-08-09,8,-4.7,0.0,45.566478809753626,Chungar,4800,0.8,4.2
2023-08-10,8,-5.55,0.0,68.18442542252656,Chungar,4800,0.8,4.2
2023-08-11,8,-5.699999999999999,0.2,84.28728390045336,Chungar,4800,0.8,4.2
2023-08-12,8,-4.55,0.1,77.35896658047119,Chungar,4800,0.8,4.2
2023-08-13,8,-4.7,0.3,83.83365631824252,Chungar,4800,0.8,4.2
2023-08-14,8,-3.95,0.0,62.64919684483269,Chungar,4800,0.8,4.2
2023-08-15,8,-5.65,0.0,46.87413367209608,Chungar,4800,0.8,4.2
2023-08-16,8,-5.65,0.2,84.0927600758101,Chungar,4800,0.8,4.2
2023-08-17,8,-4.95,0.0,69.2560775818403,Chungar,4800,0.8,4.2
2023-08-18,8,-6.1499999999999995,0.0,64.23940675846093,Chungar,4800,0.8,4.2
2023-08-19,8,-6.15,0.0,54.51755348217234,Chungar,4800,0.8,4.2
2023-08-20,8,-4.05,0.1,91.59218361218639,Chungar,4800,0.8,4.2
2023-08-21,8,-3.35,0.2,90.14345085315362,Chungar,4800,0.8,4.2
2023-08-22,8,-3.65,0.2,84.87331783010585,Chungar,4800,0.8,4.2
2023-08-23,8,-3.3000000000000003,0.0,68.01589058894268,Chungar,4800,0.8,4.2
2023-08-24,8,-3.8,0.2,78.52679573939929,Chungar,4800,0.8,4.2
2023-08-25,8,-4.1,0.2,88.51803987315496,Chungar,4800,0.8,4.2
2023-08-26,8,-4.8,0.0,53.42896181523553,Chungar,4800,0.8,4.2
2023-08-27,8,-5.0,0.0,64.07222667346943,Chungar,4800,0.8,4.2
2023-08-28,8,-8.3,0.0,55.58271031362294,Chungar,4800,0.8,4.2
2023-08-29,8,-8.35,0.0,56.576204094439106,Chungar,4800,0.8,4.2
2023-08-30,8,-7.8,0.0,40.5875789484793,Chungar,4800,0.8,4.2
2023-08-31,8,-4.75,0.0,43.90665850049586,Chungar,4800,0.8,4.2
2023-09-01,9,-4.9,0.0,59.79788072654242,Chungar,4800,0.8,4.2
2023-09-02,9,-5.7,0.0,69.09999045109336,Chungar,4800,0.8,4.2
2023-09-03,9,-8.2,0.0,40.18105615818916,Chungar,4800,0.8,4.2
2023-09-04,9,-9.2,0.1,87.01649045831138,Chungar,4800,0.8,4.2
2023-09-05,9,-9.75,0.0,56.95436101539472,Chungar,4800,0.8,4.2
2023-09-06,9,-9.85,0.0,46.20047615997363,Chungar,4800,0.8,4.2
2023-09-07,9,-7.25,0.0,63.27792202925459,Chungar,4800,0.8,4.2
2023-09-08,9,-6.449999999999999,0.0,63.019173414385946,Chungar,4800,0.8,4.2
2023-09-09,9,-4.45,1.0,85.70562484019146,Chungar,4800,0.8,4.2
2023-09-10,9,-6.15,0.0,68.80428078236366,Chungar,4800,0.8,4.2
2023-09-11,9,-6.95,0.0,54.03371891241076,Chungar,4800,0.8,4.2
2023-09-12,9,-4.9,0.0,43.50670485944497,Chungar,4800,0.8,4.2
2023-09-13,9,-5.3,0.0,69.56013189249416,Chungar,4800,0.8,4.2
2023-09-14,9,-6.15,0.0,54.81678659510488,Chungar,4800,0.8,4.2
2023-09-15,9,-7.45,0.0,42.28044066006943,Chungar,4800,0.8,4.2
2023-09-16,9,-9.05,0.0,44.04179400281853,Chungar,4800,0.8,4.2
2023-09-17,9,-9.45,0.0,63.87568642703841,Chungar,4800,0.8,4.2
2023-09-18,9,-9.1,0.0,49.40646391650647,Chungar,4800,0.8,4.2
2023-09-19,9,-8.6,0.0,57.613287810205236,Chungar,4800,0.8,4.2
2023-09-20,9,-7.8999999999999995,0.0,56.00974311086078,Chungar,4800,0.8,4.2
2023-09-21,9,-7.6,0.1,84.79377939561047,Chungar,4800,0.8,4.2
2023-09-22,9,-5.699999999999999,0.3,83.60190485182707,Chungar,4800,0.8,4.2
2023-09-23,9,-5.85,0.1,77.7156969863943,Chungar,4800,0.8,4.2
2023-09-24,9,-7.300000000000001,0.1,82.65941819234281,Chungar,4800,0.8,4.2
2023-09-25,9,-9.3,0.0,51.87097686767437,Chungar,4800,0.8,4.2
2023-09-26,9,-9.1,0.0,46.444440658119795,Chungar,4800,0.8,4.2
2023-09-27,9,-9.75,0.0,66.74735623128285,Chungar,4800,0.8,4.2
2023-09-28,9,-10.55,0.0,68.89918912425263,Chungar,4800,0.8,4.2
2023-09-29,9,-10.75,0.0,44.78801248154748,Chungar,4800,0.8,4.2
2023-09-30,9,-9.65,0.0,47.05559413207836,Chungar,4800,0.8,4.2
2023-10-01,10,-7.25,0.1,94.49812154256384,Chungar,4800,0.8,4.2
2023-10-02,10,-5.8,0.1,77.9568046898024,Chungar,4800,0.8,4.2
2023-10-03,10,-7.65,0.0,61.49495937831983,Chungar,4800,0.8,4.2
2023-10-04,10,-5.7,1.0,76.3569637406421,Chungar,4800,0.8,4.2
2023-10-05,10,-7.6000000000000005,0.0,40.42981549589292,Chungar,4800,0.8,4.2
2023-10-06,10,-9.05,0.0,54.952805520300664,Chungar,4800,0.8,4.2
2023-10-07,10,-9.0,0.0,40.38636777301729,Chungar,4800,0.8,4.2
2023-10-08,10,-9.3,0.0,60.96306109527329,Chungar,4800,0.8,4.2
2023-10-09,10,-9.0,0.0,62.12225505379904,Chungar,4800,0.8,4.2
2023-10-10,10,-10.0,0.0,53.7615486419232,Chungar,4800,0.8,4.2
2023-10-11,10,-12.8,0.0,69.52497404437977,Chungar,4800,0.8,4.2
2023-10-12,10,-12.0,0.0,48.91773465162439,Chungar,4800,0.8,4.2
2023-10-13,10,-14.899999999999999,0.0,53.43581937675616,Chungar,4800,0.8,4.2
2023-10-14,10,-11.8,0.1,76.37503097093332,Chungar,4800,0.8,4.2
2023-10-15,10,-13.7,0.0,43.79009784555966,Chungar,4800,0.8,4.2
2023-10-16,10,-15.2,0.0,65.46766076055829,Chungar,4800,0.8,4.2
2023-10-17,10,-16.25,0.0,40.55769385542482,Chungar,4800,0.8,4.2
2023-10-18,10,-16.45,0.0,54.54393822002338,Chungar,4800,0.8,4.2
2023-10-19,10,-18.2,0.0,67.06530447599614,Chungar,4800,0.8,4.2
2023-10-20,10,-17.8,0.0,43.57059990186939,Chungar,4800,0.8,4.2
2023-10-21,10,-15.850000000000001,0.0,68.02898145552929,Chungar,4800,0.8,4.2
2023-10-22,10,-17.6,0.0,40.160752450595986,Chungar,4800,0.8,4.2
2023-10-23,10,-19.0,0.0,62.754647998996376,Chungar,4800,0.8,4.2
2023-10-24,10,-19.2,0.0,55.613929066193776,Chungar,4800,0.8,4.2
2023-10-25,10,-19.6,0.0,68.2884343668245,Chungar,4800,0.8,4.2
2023-10-26,10,-17.35,0.0,44.861404841577574,Chungar,4800,0.8,4.2
2023-10-27,10,-18.0,0.0,57.55352012916431,Chungar,4800,0.8,4.2
2023-10-28,10,-13.55,0.0,64.69709224187265,Chungar,4800,0.8,4.2
2023-10-29,10,-15.85,0.0,54.886676783140445,Chungar,4800,0.8,4.2
2023-10-30,10,-16.3,0.0,40.011168034798175,Chungar,4800,0.8,4.2
2023-10-31,10,-16.6,0.0,65.64526212082419,Chungar,4800,0.8,4.2
2023-11-01,11,-15.899999999999999,0.0,60.20631667290225,Chungar,4800,0.8,4.2
2023-11-02,11,-18.2,0.0,69.69054148606449,Chungar,4800,0.8,4.2
2023-11-03,11,-18.9,0.0,56.1937966452507,Chungar,4800,0.8,4.2
2023-11-04,11,-20.700000000000003,0.1,84.4006554491823,Chungar,4800,0.8,4.2
2023-11-05,11,-17.55,0.0,54.950222274020575,Chungar,4800,0.8,4.2
2023-11-06,11,-17.75,0.0,46.937056800984074,Chungar,4800,0.8,4.2
2023-11-07,11,-18.3,0.0,68.23728196646226,Chungar,4800,0.8,4.2
2023-11-08,11,-17.15,0.5,83.03947838217142,Chungar,4800,0.8,4.2
2023-11-09,11,-18.25,0.0,53.33175163402162,Chungar,4800,0.8,4.2
2023-11-10,11,-19.45,0.0,60.72607113541949,Chungar,4800,0.8,4.2
2023-11-11,11,-19.450000000000003,0.0,63.53234549219893,Chungar,4800,0.8,4.2
2023-11-12,11,-18.55,0.0,55.20567143959992,Chungar,4800,0.8,4.2
2023-11-13,11,-18.0,0.0,52.978065566534646,Chungar,4800,0.8,4.2
2023-11-14,11,-17.1,0.0,68.85368102802103,Chungar,4800,0.8,4.2
2023-11-15,11,-17.1,0.0,60.94770166279322,Chungar,4800,0.8,4.2
2023-11-16,11,-16.1,0.0,45.93236662464264,Chungar,4800,0.8,4.2
2023-11-17,11,-16.450000000000003,0.0,65.43169193024958,Chungar,4800,0.8,4.2
2023-11-18,11,-14.45,0.0,56.33515376996965,Chungar,4800,0.8,4.2
2023-11-19,11,-14.5,0.0,66.7071052234247,Chungar,4800,0.8,4.2
2023-11-20,11,-17.25,0.0,68.52493523998737,Chungar,4800,0.8,4.2
2023-11-21,11,-19.2,0.0,63.08923140921912,Chungar,4800,0.8,4.2
2023-11-22,11,-17.1,0.0,62.94841235042146,Chungar,4800,0.8,4.2
2023-11-23,11,-19.25,0.0,42.62112653290237,Chungar,4800,0.8,4.2
2023-11-24,11,-20.5,0.0,41.724733568132756,Chungar,4800,0.8,4.2
2023-11-25,11,-17.25,0.0,44.734956938621195,Chungar,4800,0.8,4.2
2023-11-26,11,-15.65,0.0,42.8325745754574,Chungar,4800,0.8,4.2
2023-11-27,11,-15.850000000000001,0.0,44.21236972549856,Chungar,4800,0.8,4.2
2023-11-28,11,-19.85,0.0,66.586355324366,Chungar,4800,0.8,4.2
2023-11-29,11,-21.5,0.0,60.850207978561826,Chungar,4800,0.8,4.2
2023-11-30,11,-19.3,0.2,75.48001695080403,Chungar,4800,0.8,4.2
2023-12-01,12,-19.7,0.7,81.51329440288892,Chungar,4800,0.8,4.2
2023-12-02,12,-21.35,0.2,88.63916102019472,Chungar,4800,0.8,4.2
2023-12-03,12,-20.7,0.0,61.306181015721904,Chungar,4800,0.8,4.2
2023-12-04,12,-20.25,0.0,43.34453148271187,Chungar,4800,0.8,4.2
2023-12-05,12,-19.15,0.0,53.47866150098645,Chungar,4800,0.8,4.2
2023-12-06,12,-19.95,0.0,52.21893803325433,Chungar,4800,0.8,4.2
2023-12-07,12,-18.6,0.2,82.50679599724232,Chungar,4800,0.8,4.2
2023-12-08,12,-18.65,0.2,87.86827550428826,Chungar,4800,0.8,4.2
2023-12-09,12,-23.1,0.0,58.956863725920485,Chungar,4800,0.8,4.2
2023-12-10,12,-18.049999999999997,0.1,87.45456265060338,Chungar,4800,0.8,4.2
2023-12-11,12,-21.700000000000003,0.0,46.167906422280645,Chungar,4800,0.8,4.2
2023-12-12,12,-25.549999999999997,0.1,92.44676101991851,Chungar,4800,0.8,4.2
2023-12-13,12,-26.299999999999997,0.1,86.48313271046335,Chungar,4800,0.8,4.2
2023-12-14,12,-22.7,0.0,48.29151462038385,Chungar,4800,0.8,4.2
2023-12-15,12,-15.6,0.0,41.17044675098278,Chungar,4800,0.8,4.2
2023-12-16,12,-17.55,0.0,69.67071984591712,Chungar,4800,0.8,4.2
2023-12-17,12,-20.6,0.0,67.04317651729082,Chungar,4800,0.8,4.2
2023-12-18,12,-21.15,0.0,63.22280536567911,Chungar,4800,0.8,4.2
2023-12-19,12,-19.0,0.0,43.75898263061361,Chungar,4800,0.8,4.2
2023-12-20,12,-18.95,0.0,54.632616157537605,Chungar,4800,0.8,4.2
2023-12-21,12,-19.0,0.0,52.51319624084865,Chungar,4800,0.8,4.2
2023-12-22,12,-14.850000000000001,0.0,64.72296009140052,Chungar,4800,0.8,4.2
2023-12-23,12,-19.25,0.0,68.32631376345739,Chungar,4800,0.8,4.2
2023-12-24,12,-22.0,0.0,46.59314754716881,Chungar,4800,0.8,4.2
2023-12-25,12,-21.25,0.0,58.82322246004375,Chungar,4800,0.8,4.2
2023-12-26,12,-19.45,0.0,56.0751136164014,Chungar,4800,0.8,4.2
2023-12-27,12,-19.4,0.0,67.26440822089012,Chungar,4800,0.8,4.2
2023-12-28,12,-18.15,0.0,56.02018996211032,Chungar,4800,0.8,4.2
2023-12-29,12,-22.3,0.0,66.85438076708347,Chungar,4800,0.8,4.2
2023-12-30,12,-22.05,0.0,52.91745839822205,Chungar,4800,0.8,4.2
2023-12-31,12,-23.95,0.0,46.891648505226414,Chungar,4800,0.8,4.2
2024-01-01,1,-23.65,0.1,88.12593594526408,Chungar,4800,0.8,4.2
2024-01-02,1,-23.15,0.0,66.80121826956756,Chungar,4800,0.8,4.2
2024-01-03,1,-24.299999999999997,0.0,47.389773579070294,Chungar,4800,0.8,4.2
2024-01-04,1,-24.0,0.0,47.501212224596756,Chungar,4800,0.8,4.2
2024-01-05,1,-22.799999999999997,0.0,67.45247783052147,Chungar,4800,0.8,4.2
2024-01-06,1,-22.950000000000003,0.0,45.60666165444656,Chungar,4800,0.8,4.2
2024-01-07,1,-22.15,0.0,64.29225126429648,Chungar,4800,0.8,4.2
2024-01-08,1,-20.299999999999997,0.0,57.25204224546772,Chungar,4800,0.8,4.2
2024-01-09,1,-23.3,0.0,49.777921597275174,Chungar,4800,0.8,4.2
2024-01-10,1,-22.4,0.0,68.77976869819308,Chungar,4800,0.8,4.2
2024-01-11,1,-21.799999999999997,0.0,69.72587780501681,Chungar,4800,0.8,4.2
2024-01-12,1,-19.5,0.0,62.38292678201138,Chungar,4800,0.8,4.2
2024-01-13,1,-17.85,0.0,46.03151110184057,Chungar,4800,0.8,4.2
2024-01-14,1,-21.450000000000003,0.0,41.09675348709504,Chungar,4800,0.8,4.2
2024-01-15,1,-21.3,0.0,63.16140073526806,Chungar,4800,0.8,4.2
2024-01-16,1,-23.0,0.0,62.12945700837359,Chungar,4800,0.8,4.2
2024-01-17,1,-23.9,0.0,60.61260743791908,Chungar,4800,0.8,4.2
2024-01-18,1,-24.6,0.0,59.6854733310946,Chungar,4800,0.8,4.2
2024-01-19,1,-20.950000000000003,0.0,53.05286525503926,Chungar,4800,0.8,4.2
2024-01-20,1,-19.4,0.0,49.17724105167406,Chungar,4800,0.8,4.2
2024-01-21,1,-22.1,0.1,92.04669947065315,Chungar,4800,0.8,4.2
2024-01-22,1,-20.7,0.0,62.430548906908754,Chungar,4800,0.8,4.2
2024-01-23,1,-23.9,0.1,80.66158661934868,Chungar,4800,0.8,4.2
2024-01-24,1,-27.75,0.0,67.20136092286134,Chungar,4800,0.8,4.2
2024-01-25,1,-27.25,0.0,44.156690976207614,Chungar,4800,0.8,4.2
2024-01-26,1,-24.95,0.0,63.768825762733584,Chungar,4800,0.8,4.2
2024-01-27,1,-23.75,0.0,50.006628519504915,Chungar,4800,0.8,4.2
2024-01-28,1,-23.799999999999997,0.0,41.802466826696744,Chungar,4800,0.8,4.2
2024-01-29,1,-21.95,0.0,56.685693946404854,Chungar,4800,0.8,4.2
2024-01-30,1,-23.1,0.0,66.37729442578012,Chungar,4800,0.8,4.2
2024-01-31,1,-23.15,0.0,55.265938968107605,Chungar,4800,0.8,4.2
2024-02-01,2,-24.65,0.0,47.14682136653929,Chungar,4800,0.8,4.2
2024-02-02,2,-23.5,0.0,46.67512226138696,Chungar,4800,0.8,4.2
2024-02-03,2,-25.7,0.0,50.98193135202594,Chungar,4800,0.8,4.2
2024-02-04,2,-22.4,0.1,94.3163929960273,Chungar,4800,0.8,4.2
2024-02-05,2,-19.75,0.0,60.06545258693218,Chungar,4800,0.8,4.2
2024-02-06,2,-19.6,0.0,55.47340465984843,Chungar,4800,0.8,4.2
2024-02-07,2,-17.549999999999997,0.0,62.53159555744476,Chungar,4800,0.8,4.2
2024-02-08,2,-17.35,0.0,56.86649650156943,Chungar,4800,0.8,4.2
2024-02-09,2,-23.2,0.0,66.06790615728008,Chungar,4800,0.8,4.2
2024-02-10,2,-23.65,0.0,47.76912041739732,Chungar,4800,0.8,4.2
2024-02-11,2,-24.6,0.0,51.926544544478276,Chungar,4800,0.8,4.2
2024-02-12,2,-22.4,0.0,47.185322568110166,Chungar,4800,0.8,4.2
2024-02-13,2,-23.6,0.0,57.66149709190199,Chungar,4800,0.8,4.2
2024-02-14,2,-22.3,0.1,81.9051430899977,Chungar,4800,0.8,4.2
2024-02-15,2,-22.450000000000003,0.0,58.22137957730639,Chungar,4800,0.8,4.2
2024-02-16,2,-21.15,0.0,45.119772542910304,Chungar,4800,0.8,4.2
2024-02-17,2,-20.2,0.0,62.11410198910499,Chungar,4800,0.8,4.2
2024-02-18,2,-20.85,0.0,43.739518525332656,Chungar,4800,0.8,4.2
2024-02-19,2,-19.700000000000003,0.0,46.32264539237685,Chungar,4800,0.8,4.2
2024-02-20,2,-20.15,0.0,65.37211452251756,Chungar,4800,0.8,4.2
2024-02-21,2,-18.799999999999997,0.0,58.29205360664824,Chungar,4800,0.8,4.2
2024-02-22,2,-21.950000000000003,0.2,79.11999626502276,Chungar,4800,0.8,4.2
2024-02-23,2,-29.15,0.1,76.31014189432784,Chungar,4800,0.8,4.2
2024-02-24,2,-30.55,0.0,49.89391314424914,Chungar,4800,0.8,4.2
2024-02-25,2,-24.45,0.0,64.76363257990727,Chungar,4800,0.8,4.2
2024-02-26,2,-22.3,0.0,49.19604739709607,Chungar,4800,0.8,4.2
2024-02-27,2,-21.049999999999997,0.1,76.16101803858773,Chungar,4800,0.8,4.2
2024-02-28,2,-20.35,0.1,93.75997903257189,Chungar,4800,0.8,4.2
2024-02-29,2,-20.4,0.0,62.88640831430782,Chungar,4800,0.8,4.2
2024-03-01,3,-17.3,0.0,41.80337449341431,Chungar,4800,0.8,4.2
2024-03-02,3,-19.9,0.0,58.014121552233824,Chungar,4800,0.8,4.2
2024-03-03,3,-19.95,0.5,93.89934724859629,Chungar,4800,0.8,4.2
2024-03-04,3,-21.9,0.2,92.13728894458961,Chungar,4800,0.8,4.2
2024-03-05,3,-22.95,0.0,42.059939833677056,Chungar,4800,0.8,4.2
2024-03-06,3,-21.6,0.0,56.89226286790825,Chungar,4800,0.8,4.2
2024-03-07,3,-23.85,0.1,78.9691725678057,Chungar,4800,0.8,4.2
2024-03-08,3,-23.0,0.0,58.3518390823735,Chungar,4800,0.8,4.2
2024-03-09,3,-20.05,0.0,57.67998092024425,Chungar,4800,0.8,4.2
2024-03-10,3,-16.7,0.0,64.02995791693104,Chungar,4800,0.8,4.2
2024-03-11,3,-16.5,0.3,76.54660380402552,Chungar,4800,0.8,4.2
2024-03-12,3,-16.55,0.2,82.17525282955597,Chungar,4800,0.8,4.2
2024-03-13,3,-19.65,0.4,91.07726547409212,Chungar,4800,0.8,4.2
2024-03-14,3,-20.25,0.2,85.40839253864522,Chungar,4800,0.8,4.2
2024-03-15,3,-23.6,0.0,55.71013604063983,Chungar,4800,0.8,4.2
2024-03-16,3,-23.9,0.0,59.455129647632845,Chungar,4800,0.8,4.2
2024-03-17,3,-22.4,0.0,61.69775966085419,Chungar,4800,0.8,4.2
2024-03-18,3,-21.65,0.0,45.784743255091634,Chungar,4800,0.8,4.2
2024-03-19,3,-22.8,0.0,49.00538677916781,Chungar,4800,0.8,4.2
2024-03-20,3,-19.4,0.1,85.53456084151038,Chungar,4800,0.8,4.2
2024-03-21,3,-17.0,0.0,53.04203189656777,Chungar,4800,0.8,4.2
2024-03-22,3,-16.8,0.0,65.98524691103994,Chungar,4800,0.8,4.2
2024-03-23,3,-18.25,0.0,66.81896277006324,Chungar,4800,0.8,4.2
2024-03-24,3,-19.55,0.0,67.97821089244195,Chungar,4800,0.8,4.2
2024-03-25,3,-18.65,0.0,40.26965965928334,Chungar,4800,0.8,4.2
2024-03-26,3,-17.35,0.0,57.74233260058389,Chungar,4800,0.8,4.2
2024-03-27,3,-14.95,0.0,59.097192756828946,Chungar,4800,0.8,4.2
2024-03-28,3,-13.7,0.0,55.121542694351724,Chungar,4800,0.8,4.2
2024-03-29,3,-12.2,0.0,59.31289846854243,Chungar,4800,0.8,4.2
2024-03-30,3,-14.25,0.0,59.65483338515186,Chungar,4800,0.8,4.2
2024-03-31,3,-15.3,0.0,56.67156659300052,Chungar,4800,0.8,4.2
2024-04-01,4,-15.65,0.1,92.24361753340943,Chungar,4800,0.8,4.2
2024-04-02,4,-14.45,0.3,81.75047579400753,Chungar,4800,0.8,4.2
2024-04-03,4,-14.45,0.3,93.727767350051,Chungar,4800,0.8,4.2
2024-04-04,4,-14.200000000000001,0.3,87.24520515133305,Chungar,4800,0.8,4.2
2024-04-05,4,-13.8,0.5,79.59388944948267,Chungar,4800,0.8,4.2
2024-04-06,4,-15.399999999999999,1.3,81.27520612489425,Chungar,4800,0.8,4.2
2024-04-07,4,-19.55,1.1,85.71814007688883,Chungar,4800,0.8,4.2
2024-04-08,4,-21.75,0.1,83.66114826723808,Chungar,4800,0.8,4.2
2024-04-09,4,-19.299999999999997,0.0,60.38645065717593,Chungar,4800,0.8,4.2
2024-04-10,4,-19.55,0.0,56.257679801929015,Chungar,4800,0.8,4.2
2024-04-11,4,-19.35,0.0,65.25786709908802,Chungar,4800,0.8,4.2
2024-04-12,4,-18.5,0.0,46.88046029779923,Chungar,4800,0.8,4.2
2024-04-13,4,-15.600000000000001,0.0,57.67325641043098,Chungar,4800,0.8,4.2
2024-04-14,4,-15.15,0.0,62.599219200292026,Chungar,4800,0.8,4.2
2024-04-15,4,-13.0,0.0,51.30748719972689,Chungar,4800,0.8,4.2
2024-04-16,4,-12.55,0.0,53.46353971155408,Chungar,4800,0.8,4.2
2024-04-17,4,-11.0,0.0,63.45844128995194,Chungar,4800,0.8,4.2
2024-04-18,4,-10.5,0.0,52.62970326248588,Chungar,4800,0.8,4.2
2024-04-19,4,-11.35,0.0,49.64393333579929,Chungar,4800,0.8,4.2
2024-04-20,4,-11.95,0.0,49.71352529288276,Chungar,4800,0.8,4.2
2024-04-21,4,-16.5,0.0,46.84269335659084,Chungar,4800,0.8,4.2
2024-04-22,4,-14.65,0.0,62.77917738970487,Chungar,4800,0.8,4.2
2024-04-23,4,-15.85,0.2,80.4553232777702,Chungar,4800,0.8,4.2
2024-04-24,4,-17.4,0.3,90.91211561269937,Chungar,4800,0.8,4.2
2024-04-25,4,-16.25,0.0,50.76310638837525,Chungar,4800,0.8,4.2
2024-04-26,4,-14.4,0.0,46.65839351039684,Chungar,4800,0.8,4.2
2024-04-27,4,-14.05,0.0,56.248459029123424,Chungar,4800,0.8,4.2
2024-04-28,4,-14.95,0.1,88.99203208432468,Chungar,4800,0.8,4.2
2024-04-29,4,-13.7,0.0,50.49872344957756,Chungar,4800,0.8,4.2
2024-04-30,4,-13.399999999999999,0.0,65.29996665449153,Chungar,4800,0.8,4.2
2024-05-01,5,-14.95,0.5,92.46955578738216,Chungar,4800,0.8,4.2
2024-05-02,5,-17.85,0.0,48.766267869266834,Chungar,4800,0.8,4.2
2024-05-03,5,-15.5,0.0,62.79823664750308,Chungar,4800,0.8,4.2
2024-05-04,5,-9.9,0.0,59.37708376839702,Chungar,4800,0.8,4.2
2024-05-05,5,-12.9,0.0,45.524636397725445,Chungar,4800,0.8,4.2
2024-05-06,5,-12.25,0.0,63.6657423373874,Chungar,4800,0.8,4.2
2024-05-07,5,-12.2,0.0,59.86698554494946,Chungar,4800,0.8,4.2
2024-05-08,5,-13.6,0.0,54.265670283114325,Chungar,4800,0.8,4.2
2024-05-09,5,-12.45,0.2,89.62908776563783,Chungar,4800,0.8,4.2
2024-05-10,5,-11.8,0.0,56.007234049751276,Chungar,4800,0.8,4.2
2024-05-11,5,-11.25,0.0,62.42235839976455,Chungar,4800,0.8,4.2
2024-05-12,5,-11.1,0.0,60.089349045727204,Chungar,4800,0.8,4.2
2024-05-13,5,-12.1,0.0,51.524281871981586,Chungar,4800,0.8,4.2
2024-05-14,5,-11.55,0.0,43.0849885388513,Chungar,4800,0.8,4.2
2024-05-15,5,-11.35,0.0,50.774361805688926,Chungar,4800,0.8,4.2
2024-05-16,5,-12.1,0.1,86.91613526923216,Chungar,4800,0.8,4.2
2024-05-17,5,-9.3,0.0,56.05444973138807,Chungar,4800,0.8,4.2
2024-05-18,5,-8.1,0.0,50.923792696095404,Chungar,4800,0.8,4.2
2024-05-19,5,-9.0,0.0,58.00278077332159,Chungar,4800,0.8,4.2
2024-05-20,5,-10.05,0.0,51.850686297721715,Chungar,4800,0.8,4.2
2024-05-21,5,-10.6,0.0,46.278004927970656,Chungar,4800,0.8,4.2
2024-05-22,5,-10.1,0.0,63.376839692606566,Chungar,4800,0.8,4.2
2024-05-23,5,-8.75,0.1,75.61412872302674,Chungar,4800,0.8,4.2
2024-05-24,5,-8.6,0.0,57.07072515406337,Chungar,4800,0.8,4.2
2024-05-25,5,-7.95,0.0,47.832359470937625,Chungar,4800,0.8,4.2
2024-05-26,5,-6.65,0.0,67.1495146817562,Chungar,4800,0.8,4.2
2024-05-27,5,-7.2,0.0,50.81512813450412,Chungar,4800,0.8,4.2
2024-05-28,5,-6.95,0.0,41.08089200837935,Chungar,4800,0.8,4.2
2024-05-29,5,-7.9,0.0,57.779707951964234,Chungar,4800,0.8,4.2
2024-05-30,5,-6.85,0.0,46.04101889638087,Chungar,4800,0.8,4.2
2024-05-31,5,-9.350000000000001,0.0,65.7922386754525,Chungar,4800,0.8,4.2
2024-06-01,6,-9.1,0.0,44.339178883229295,Chungar,4800,0.8,4.2
2024-06-02,6,-8.05,0.0,57.92037844839052,Chungar,4800,0.8,4.2
2024-06-03,6,-8.75,0.0,48.35540409029974,Chungar,4800,0.8,4.2
2024-06-04,6,-10.85,0.0,61.04347718638693,Chungar,4800,0.8,4.2
2024-06-05,6,-9.75,0.0,60.79778929413252,Chungar,4800,0.8,4.2
2024-06-06,6,-7.85,0.0,50.52231135429601,Chungar,4800,0.8,4.2
2024-06-07,6,-7.1,0.0,44.961839285308315,Chungar,4800,0.8,4.2
2024-06-08,6,-7.15,0.0,40.343503879669846,Chungar,4800,0.8,4.2
2024-06-09,6,-4.95,0.0,61.18816542083139,Chungar,4800,0.8,4.2
2024-06-10,6,-5.9,0.0,63.58076082520398,Chungar,4800,0.8,4.2
2024-06-11,6,-4.15,0.0,69.35144699679037,Chungar,4800,0.8,4.2
2024-06-12,6,-6.3,0.0,51.46628690053738,Chungar,4800,0.8,4.2
2024-06-13,6,-6.95,0.0,45.58487964550997,Chungar,4800,0.8,4.2
2024-06-14,6,-6.25,0.0,41.410320090505785,Chungar,4800,0.8,4.2
2024-06-15,6,-4.6,0.0,49.54124655072438,Chungar,4800,0.8,4.2
2024-06-16,6,-4.9,0.0,43.32977265280223,Chungar,4800,0.8,4.2
2024-06-17,6,-5.2,0.0,66.96176754798611,Chungar,4800,0.8,4.2
2024-06-18,6,-6.1499999999999995,0.0,58.6078133919539,Chungar,4800,0.8,4.2
2024-06-19,6,-5.35,0.0,43.29408315208773,Chungar,4800,0.8,4.2
2024-06-20,6,-5.3,0.0,66.57416761471768,Chungar,4800,0.8,4.2
2024-06-21,6,-5.1,0.0,42.53418301652904,Chungar,4800,0.8,4.2
2024-06-22,6,-7.050000000000001,0.0,58.88531238265407,Chungar,4800,0.8,4.2
2024-06-23,6,-6.7,0.0,42.332984518458005,Chungar,4800,0.8,4.2
2024-06-24,6,-5.949999999999999,0.0,50.678622661753984,Chungar,4800,0.8,4.2
2024-06-25,6,-5.75,0.0,60.89039276841653,Chungar,4800,0.8,4.2
2024-06-26,6,-6.1,0.0,64.2432971998465,Chungar,4800,0.8,4.2
2024-06-27,6,-4.0,0.0,65.76519165857229,Chungar,4800,0.8,4.2
2024-06-28,6,-3.3000000000000003,0.0,46.43069630077572,Chungar,4800,0.8,4.2
2024-06-29,6,-3.6999999999999997,0.2,86.78977271727484,Chungar,4800,0.8,4.2
2024-06-30,6,-4.5,0.0,51.50842252468958,Chungar,4800,0.8,4.2
2024-07-01,7,-3.9,0.2,83.48810547827281,Chungar,4800,0.8,4.2
2024-07-02,7,-3.7,0.2,80.38624214523969,Chungar,4800,0.8,4.2
2024-07-03,7,-3.4,0.4,84.8919563693489,Chungar,4800,0.8,4.2
2024-07-04,7,-2.85,0.4,81.84963149044124,Chungar,4800,0.8,4.2
2024-07-05,7,-3.85,0.5,89.46472906128744,Chungar,4800,0.8,4.2
2024-07-06,7,-3.8,0.8,85.16398451485074,Chungar,4800,0.8,4.2
2024-07-07,7,-4.0,0.2,79.44437514674736,Chungar,4800,0.8,4.2
2024-07-08,7,-4.4,0.0,42.86431221546749,Chungar,4800,0.8,4.2
2024-07-09,7,-5.25,0.0,60.04602178051539,Chungar,4800,0.8,4.2
2024-07-10,7,-5.25,0.0,64.6166095828638,Chungar,4800,0.8,4.2
2024-07-11,7,-4.2,0.1,80.25386280696584,Chungar,4800,0.8,4.2
2024-07-12,7,-4.25,0.1,89.46283999808634,Chungar,4800,0.8,4.2
2024-07-13,7,-5.199999999999999,0.0,57.764677341008486,Chungar,4800,0.8,4.2
2024-07-14,7,-6.4,0.0,69.63173299833463,Chungar,4800,0.8,4.2
2024-07-15,7,-4.7,0.0,66.11071878503384,Chungar,4800,0.8,4.2
2024-07-16,7,-4.55,0.4,85.03293873369202,Chungar,4800,0.8,4.2
2024-07-17,7,-4.4,0.0,55.50848539808058,Chungar,4800,0.8,4.2
2024-07-18,7,-4.8,0.0,62.50344882920992,Chungar,4800,0.8,4.2
2024-07-19,7,-5.1499999999999995,0.0,46.13907483756987,Chungar,4800,0.8,4.2
2024-07-20,7,-4.4,0.0,42.728774666321065,Chungar,4800,0.8,4.2
2024-07-21,7,-4.25,0.0,42.07259931665533,Chungar,4800,0.8,4.2
2024-07-22,7,-3.3499999999999996,0.0,64.88794221719982,Chungar,4800,0.8,4.2
2024-07-23,7,-2.9000000000000004,0.0,57.726939667932825,Chungar,4800,0.8,4.2
2024-07-24,7,-2.65,0.0,53.48687347088868,Chungar,4800,0.8,4.2
2024-07-25,7,-4.6000000000000005,0.0,65.98774666504728,Chungar,4800,0.8,4.2
2024-07-26,7,-2.3,0.2,77.08044387311932,Chungar,4800,0.8,4.2
2024-07-27,7,-4.75,0.0,67.87796950799832,Chungar,4800,0.8,4.2
2024-07-28,7,-3.65,0.0,65.75578792376693,Chungar,4800,0.8,4.2
2024-07-29,7,-3.45,0.1,79.66850886037764,Chungar,4800,0.8,4.2
2024-07-30,7,-4.3999999999999995,0.0,62.189381028688885,Chungar,4800,0.8,4.2
2024-07-31,7,-3.55,0.0,52.40636905570717,Chungar,4800,0.8,4.2
2024-08-01,8,-6.05,0.0,53.43266947149357,Chungar,4800,0.8,4.2
2024-08-02,8,-6.5,0.0,51.385974056079554,Chungar,4800,0.8,4.2
2024-08-03,8,-3.7,0.2,92.17893492061891,Chungar,4800,0.8,4.2
2024-08-04,8,-6.05,0.1,77.03161611727148,Chungar,4800,0.8,4.2
2024-08-05,8,-5.6000000000000005,0.1,75.34357715035041,Chungar,4800,0.8,4.2
2024-08-06,8,-4.9,0.2,76.69101668408749,Chungar,4800,0.8,4.2
2024-08-07,8,-3.95,0.2,87.07496281443922,Chungar,4800,0.8,4.2
2024-08-08,8,-4.05,0.1,82.02466766329428,Chungar,4800,0.8,4.2
2024-08-09,8,-4.45,0.2,85.80831459584728,Chungar,4800,0.8,4.2
2024-08-10,8,-4.65,0.0,62.63382188297281,Chungar,4800,0.8,4.2
2024-08-11,8,-3.3499999999999996,0.0,49.12700487262047,Chungar,4800,0.8,4.2
2024-08-12,8,-5.35,0.0,54.966357393757846,Chungar,4800,0.8,4.2
2024-08-13,8,-3.8499999999999996,0.1,90.54775755301605,Chungar,4800,0.8,4.2
2024-08-14,8,-4.75,0.9,94.73977315455527,Chungar,4800,0.8,4.2
2024-08-15,8,-5.5,0.0,49.49826441047945,Chungar,4800,0.8,4.2
2024-08-16,8,-5.45,0.0,40.200995943447566,Chungar,4800,0.8,4.2
2024-08-17,8,-6.05,0.0,45.291081945770344,Chungar,4800,0.8,4.2
2024-08-18,8,-5.8,0.0,67.57530934375316,Chungar,4800,0.8,4.2
2024-08-19,8,-6.550000000000001,0.0,43.51219625224092,Chungar,4800,0.8,4.2
2024-08-20,8,-6.5,0.0,56.251865715278704,Chungar,4800,0.8,4.2
2024-08-21,8,-7.5,0.1,81.62212936133365,Chungar,4800,0.8,4.2
2024-08-22,8,-5.7,0.0,59.62022007450845,Chungar,4800,0.8,4.2
2024-08-23,8,-6.4,0.0,64.33940357334376,Chungar,4800,0.8,4.2
2024-08-24,8,-6.9,0.0,61.718227673794416,Chungar,4800,0.8,4.2
2024-08-25,8,-6.85,0.0,69.01152063088122,Chungar,4800,0.8,4.2
2024-08-26,8,-6.1,0.0,53.33025129640097,Chungar,4800,0.8,4.2
2024-08-27,8,-5.550000000000001,0.1,84.20971427100659,Chungar,4800,0.8,4.2
2024-08-28,8,-7.25,0.0,64.80885391646821,Chungar,4800,0.8,4.2
2024-08-29,8,-8.25,0.0,61.61099819729917,Chungar,4800,0.8,4.2
2024-08-30,8,-8.15,0.0,57.17954260927688,Chungar,4800,0.8,4.2
2024-08-31,8,-7.25,0.0,64.23152382778194,Chungar,4800,0.8,4.2
2024-09-01,9,-6.5,0.0,63.93613897678166,Chungar,4800,0.8,4.2
2024-09-02,9,-7.0,0.0,44.194487105841574,Chungar,4800,0.8,4.2
2024-09-03,9,-7.199999999999999,0.0,55.09164176185243,Chungar,4800,0.8,4.2
2024-09-04,9,-6.15,0.0,46.9432988822824,Chungar,4800,0.8,4.2
2024-09-05,9,-7.699999999999999,0.0,53.30923273022377,Chungar,4800,0.8,4.2
2024-09-06,9,-4.5,0.1,94.2674682042817,Chungar,4800,0.8,4.2
2024-09-07,9,-6.25,0.0,49.07617802254833,Chungar,4800,0.8,4.2
2024-09-08,9,-6.5,0.0,69.12350890893335,Chungar,4800,0.8,4.2
2024-09-09,9,-6.8,0.0,47.587968642700744,Chungar,4800,0.8,4.2
2024-09-10,9,-7.5,0.0,62.26625709049942,Chungar,4800,0.8,4.2
2024-09-11,9,-7.95,0.0,47.47479580071742,Chungar,4800,0.8,4.2
2024-09-12,9,-7.55,0.0,54.934932599751605,Chungar,4800,0.8,4.2
2024-09-13,9,-6.5,0.1,84.62354873488955,Chungar,4800,0.8,4.2
2024-09-14,9,-7.550000000000001,0.0,64.35135079766519,Chungar,4800,0.8,4.2
2024-09-15,9,-6.75,0.0,42.73850660730145,Chungar,4800,0.8,4.2
2024-09-16,9,-6.5,0.2,76.6380140101538,Chungar,4800,0.8,4.2
2024-09-17,9,-8.549999999999999,0.0,53.960977605159,Chungar,4800,0.8,4.2
2024-09-18,9,-8.5,0.0,45.76993963275176,Chungar,4800,0.8,4.2
2024-09-19,9,-7.1000000000000005,0.0,59.40158140589372,Chungar,4800,0.8,4.2
2024-09-20,9,-5.9,0.0,49.43360003312611,Chungar,4800,0.8,4.2
2024-09-21,9,-6.05,0.0,67.7006577897303,Chungar,4800,0.8,4.2
2024-09-22,9,-8.6,0.0,56.85207606371421,Chungar,4800,0.8,4.2
2024-09-23,9,-7.9,0.0,68.6555916349644,Chungar,4800,0.8,4.2
2024-09-24,9,-7.0,0.2,75.400360938882,Chungar,4800,0.8,4.2
2024-09-25,9,-5.1,0.2,83.7491349003927,Chungar,4800,0.8,4.2
2024-09-26,9,-5.75,0.3,81.07601742377977,Chungar,4800,0.8,4.2
2024-09-27,9,-6.35,0.8,87.11354157921951,Chungar,4800,0.8,4.2
2024-09-28,9,-6.1,1.0,75.90229024637843,Chungar,4800,0.8,4.2
2024-09-29,9,-8.8,0.1,82.20556265621029,Chungar,4800,0.8,4.2
2024-09-30,9,-8.899999999999999,0.0,58.17727529925755,Chungar,4800,0.8,4.2
2024-10-01,10,-5.85,0.0,46.307118611585715,Chungar,4800,0.8,4.2
2024-10-02,10,-7.75,0.0,48.03119988400519,Chungar,4800,0.8,4.2
2024-10-03,10,-9.15,0.0,63.47950327809569,Chungar,4800,0.8,4.2
2024-10-04,10,-11.05,0.0,58.237094399943594,Chungar,4800,0.8,4.2
2024-10-05,10,-10.35,0.0,49.512489426959604,Chungar,4800,0.8,4.2
2024-10-06,10,-9.05,0.0,68.30601452212726,Chungar,4800,0.8,4.2
2024-10-07,10,-9.8,0.0,44.35748252412444,Chungar,4800,0.8,4.2
2024-10-08,10,-10.45,0.0,41.311622483597674,Chungar,4800,0.8,4.2
2024-10-09,10,-11.25,0.0,65.35112421289597,Chungar,4800,0.8,4.2
2024-10-10,10,-11.05,0.0,67.94389653042929,Chungar,4800,0.8,4.2
2024-10-11,10,-10.5,0.0,63.923445813738894,Chungar,4800,0.8,4.2
2024-10-12,10,-12.4,0.0,52.80045152041443,Chungar,4800,0.8,4.2
2024-10-13,10,-12.1,0.0,43.24745489263981,Chungar,4800,0.8,4.2
2024-10-14,10,-10.5,0.0,64.94847225437141,Chungar,4800,0.8,4.2
2024-10-15,10,-11.55,0.0,56.46311962998921,Chungar,4800,0.8,4.2
2024-10-16,10,-11.95,0.0,43.75994197725932,Chungar,4800,0.8,4.2
2024-10-17,10,-12.0,0.1,87.17362322075569,Chungar,4800,0.8,4.2
2024-10-18,10,-12.8,0.3,81.24192126491923,Chungar,4800,0.8,4.2
2024-10-19,10,-14.45,0.0,51.512739710299385,Chungar,4800,0.8,4.2
2024-10-20,10,-14.65,0.1,94.16711535045144,Chungar,4800,0.8,4.2
2024-10-21,10,-14.2,0.0,50.813636121178746,Chungar,4800,0.8,4.2
2024-10-22,10,-16.450000000000003,0.0,68.98249748314913,Chungar,4800,0.8,4.2
2024-10-23,10,-16.6,0.0,52.25301152108718,Chungar,4800,0.8,4.2
2024-10-24,10,-14.1,0.0,61.86749557515269,Chungar,4800,0.8,4.2
2024-10-25,10,-14.05,0.0,55.70439611080259,Chungar,4800,0.8,4.2
2024-10-26,10,-12.899999999999999,0.0,54.43485533044232,Chungar,4800,0.8,4.2
2024-10-27,10,-9.55,0.0,44.14134409910373,Chungar,4800,0.8,4.2
2024-10-28,10,-10.899999999999999,0.0,54.92934132644665,Chungar,4800,0.8,4.2
2024-10-29,10,-10.0,0.0,64.53860627538359,Chungar,4800,0.8,4.2
2024-10-30,10,-9.05,0.0,54.064218081353175,Chungar,4800,0.8,4.2
2024-10-31,10,-8.95,0.0,65.29817097828689,Chungar,4800,0.8,4.2
2024-11-01,11,-10.3,0.0,49.84746914476774,Chungar,4800,0.8,4.2
2024-11-02,11,-11.05,0.0,45.48979044833883,Chungar,4800,0.8,4.2
2024-11-03,11,-12.85,0.0,49.10684769612632,Chungar,4800,0.8,4.2
2024-11-04,11,-16.0,0.0,69.08633510931884,Chungar,4800,0.8,4.2
2024-11-05,11,-16.0,0.0,58.521528080877914,Chungar,4800,0.8,4.2
2024-11-06,11,-16.45,0.0,64.83133247478145,Chungar,4800,0.8,4.2
2024-11-07,11,-15.7,0.0,55.85212451365022,Chungar,4800,0.8,4.2
2024-11-08,11,-12.15,0.0,45.462123606408184,Chungar,4800,0.8,4.2
2024-11-09,11,-11.100000000000001,0.0,62.729740026670925,Chungar,4800,0.8,4.2
2024-11-10,11,-13.600000000000001,0.0,58.11758769830262,Chungar,4800,0.8,4.2
2024-11-11,11,-15.350000000000001,0.0,41.04143488142602,Chungar,4800,0.8,4.2
2024-11-12,11,-16.35,0.0,56.12167359590275,Chungar,4800,0.8,4.2
2024-11-13,11,-15.649999999999999,0.0,50.62948880758067,Chungar,4800,0.8,4.2
2024-11-14,11,-13.100000000000001,0.0,49.08815172562453,Chungar,4800,0.8,4.2
2024-11-15,11,-11.05,0.0,47.47256887116921,Chungar,4800,0.8,4.2
2024-11-16,11,-13.25,0.0,45.35553053381825,Chungar,4800,0.8,4.2
2024-11-17,11,-16.45,0.0,56.27920303021041,Chungar,4800,0.8,4.2
2024-11-18,11,-15.1,0.0,54.39253201252089,Chungar,4800,0.8,4.2
2024-11-19,11,-17.9,0.0,43.11359549847537,Chungar,4800,0.8,4.2
2024-11-20,11,-18.7,0.0,67.10097464043156,Chungar,4800,0.8,4.2
2024-11-21,11,-17.8,0.0,41.87425574212136,Chungar,4800,0.8,4.2
2024-11-22,11,-16.450000000000003,0.0,50.679175296452556,Chungar,4800,0.8,4.2
2024-11-23,11,-15.6,0.4,92.58537215472026,Chungar,4800,0.8,4.2
2024-11-24,11,-15.8,0.0,67.02707903325621,Chungar,4800,0.8,4.2
2024-11-25,11,-17.45,0.0,67.5504783947677,Chungar,4800,0.8,4.2
2024-11-26,11,-19.75,0.0,63.60148581745288,Chungar,4800,0.8,4.2
2024-11-27,11,-20.35,0.0,45.808135640971244,Chungar,4800,0.8,4.2
2024-11-28,11,-23.25,0.2,83.20773479310587,Chungar,4800,0.8,4.2
2024-11-29,11,-17.6,0.0,40.245598005563025,Chungar,4800,0.8,4.2
2024-11-30,11,-19.25,0.0,67.04540163366025,Chungar,4800,0.8,4.2
2024-12-01,12,-18.2,0.0,57.396738766310804,Chungar,4800,0.8,4.2
2024-12-02,12,-19.8,0.0,56.29315910910793,Chungar,4800,0.8,4.2
2024-12-03,12,-17.35,0.0,44.67996136486205,Chungar,4800,0.8,4.2
2024-12-04,12,-17.75,0.0,65.42246028822156,Chungar,4800,0.8,4.2
2024-12-05,12,-15.5,0.0,42.50338768777943,Chungar,4800,0.8,4.2
2024-12-06,12,-12.95,0.0,43.37947531304399,Chungar,4800,0.8,4.2
2024-12-07,12,-15.899999999999999,0.0,51.7110751766771,Chungar,4800,0.8,4.2
2024-12-08,12,-18.7,0.0,59.19380834055825,Chungar,4800,0.8,4.2
2024-12-09,12,-19.799999999999997,0.1,87.22553155694801,Chungar,4800,0.8,4.2
2024-12-10,12,-15.5,0.0,46.17936279042157,Chungar,4800,0.8,4.2
2024-12-11,12,-17.05,0.0,62.215865596881414,Chungar,4800,0.8,4.2
2024-12-12,12,-16.8,0.0,47.37564055018123,Chungar,4800,0.8,4.2
2024-12-13,12,-17.4,0.0,59.75087945105923,Chungar,4800,0.8,4.2
2024-12-14,12,-18.4,0.0,49.736708013786746,Chungar,4800,0.8,4.2
2024-12-15,12,-13.8,0.0,40.4749598642561,Chungar,4800,0.8,4.2
2024-12-16,12,-13.35,0.0,56.061669559825205,Chungar,4800,0.8,4.2
2024-12-17,12,-16.35,0.0,40.47713468262705,Chungar,4800,0.8,4.2
2024-12-18,12,-15.8,0.0,40.88594326071291,Chungar,4800,0.8,4.2
2024-12-19,12,-18.5,0.0,52.127481718791586,Chungar,4800,0.8,4.2
2024-12-20,12,-20.0,0.0,69.77947919682718,Chungar,4800,0.8,4.2
2024-12-21,12,-23.5,0.0,67.36910098248018,Chungar,4800,0.8,4.2
2024-12-22,12,-20.2,0.0,40.45325550368892,Chungar,4800,0.8,4.2
2024-12-23,12,-19.549999999999997,0.0,57.55603300877567,Chungar,4800,0.8,4.2
2024-12-24,12,-22.05,0.0,63.96616251294586,Chungar,4800,0.8,4.2
2024-12-25,12,-24.8,0.0,60.10646930024533,Chungar,4800,0.8,4.2
2024-12-26,12,-20.950000000000003,0.0,46.80309338590211,Chungar,4800,0.8,4.2
2024-12-27,12,-18.95,0.0,44.23123383689434,Chungar,4800,0.8,4.2
2024-12-28,12,-20.2,0.0,44.35644186357248,Chungar,4800,0.8,4.2
2024-12-29,12,-26.45,0.3,92.85686184732133,Chungar,4800,0.8,4.2
2024-12-30,12,-28.2,0.0,51.024329835791896,Chungar,4800,0.8,4.2
2024-12-31,12,-25.200000000000003,0.0,59.013026087153705,Chungar,4800,0.8,4.2
2025-01-01,1,-21.700000000000003,0.0,47.49695103884209,Chungar,4800,0.8,4.2
2025-01-02,1,-19.15,0.0,62.468255003563655,Chungar,4800,0.8,4.2
2025-01-03,1,-16.4,0.0,54.81931764595798,Chungar,4800,0.8,4.2
2025-01-04,1,-17.7,0.0,64.21223905843101,Chungar,4800,0.8,4.2
2025-01-05,1,-18.8,0.0,44.65374451830502,Chungar,4800,0.8,4.2
2025-01-06,1,-21.15,0.0,48.28764223915031,Chungar,4800,0.8,4.2
2025-01-07,1,-26.450000000000003,0.0,42.199347336407534,Chungar,4800,0.8,4.2
2025-01-08,1,-25.450000000000003,0.0,67.27373602090238,Chungar,4800,0.8,4.2
2025-01-09,1,-18.05,0.0,55.578421781827004,Chungar,4800,0.8,4.2
2025-01-10,1,-19.6,0.0,66.6350869560851,Chungar,4800,0.8,4.2
2025-01-11,1,-23.3,0.0,69.65277421417841,Chungar,4800,0.8,4.2
2025-01-12,1,-24.75,0.1,82.22540407959448,Chungar,4800,0.8,4.2
2025-01-13,1,-27.6,0.0,47.12236784066076,Chungar,4800,0.8,4.2
2025-01-14,1,-24.45,0.0,49.30741434977837,Chungar,4800,0.8,4.2
2025-01-15,1,-21.5,0.0,46.086433003741234,Chungar,4800,0.8,4.2
2025-01-16,1,-23.700000000000003,0.0,68.74595156671603,Chungar,4800,0.8,4.2
2025-01-17,1,-27.5,0.0,50.28746087872834,Chungar,4800,0.8,4.2
2025-01-18,1,-25.5,0.0,64.21837436276427,Chungar,4800,0.8,4.2
2025-01-19,1,-21.05,0.0,65.2604083274156,Chungar,4800,0.8,4.2
2025-01-20,1,-18.15,0.0,44.972493901396284,Chungar,4800,0.8,4.2
2025-01-21,1,-19.55,0.0,44.926322953130416,Chungar,4800,0.8,4.2
2025-01-22,1,-22.3,0.0,43.93894958373154,Chungar,4800,0.8,4.2
2025-01-23,1,-21.6,0.0,68.93312319476,Chungar,4800,0.8,4.2
2025-01-24,1,-20.65,0.0,57.200060330943955,Chungar,4800,0.8,4.2
2025-01-25,1,-15.55,0.0,43.63408731361998,Chungar,4800,0.8,4.2
2025-01-26,1,-16.25,0.0,54.0965372286633,Chungar,4800,0.8,4.2
2025-01-27,1,-15.6,0.0,43.449138312532966,Chungar,4800,0.8,4.2
2025-01-28,1,-13.55,0.0,47.76848066989368,Chungar,4800,0.8,4.2
2025-01-29,1,-16.45,0.0,53.45151679176684,Chungar,4800,0.8,4.2
2025-01-30,1,-15.7,0.0,50.64217468186662,Chungar,4800,0.8,4.2
2025-01-31,1,-17.85,0.0,52.95986303557311,Chungar,4800,0.8,4.2
2025-02-01,2,-19.3,0.0,69.1499745442109,Chungar,4800,0.8,4.2
2025-02-02,2,-17.5,0.0,54.06176862303717,Chungar,4800,0.8,4.2
2025-02-03,2,-16.35,0.0,42.586549301901435,Chungar,4800,0.8,4.2
2025-02-04,2,-16.85,0.0,64.89506139733734,Chungar,4800,0.8,4.2
2025-02-05,2,-19.45,0.0,40.59886074923106,Chungar,4800,0.8,4.2
2025-02-06,2,-23.65,0.0,51.2468865282926,Chungar,4800,0.8,4.2
2025-02-07,2,-21.3,0.0,41.168295398665705,Chungar,4800,0.8,4.2
2025-02-08,2,-18.95,0.1,89.80477813756772,Chungar,4800,0.8,4.2
2025-02-09,2,-21.65,0.1,94.62600500429339,Chungar,4800,0.8,4.2
2025-02-10,2,-22.8,0.2,91.59413945129525,Chungar,4800,0.8,4.2
2025-02-11,2,-22.450000000000003,0.1,78.93711034985562,Chungar,4800,0.8,4.2
2025-02-12,2,-20.85,0.1,87.11897330760243,Chungar,4800,0.8,4.2
2025-02-13,2,-21.55,0.1,94.89258362715749,Chungar,4800,0.8,4.2
2025-02-14,2,-21.0,0.0,52.70496834858171,Chungar,4800,0.8,4.2
2025-02-15,2,-18.9,0.3,80.50355351318298,Chungar,4800,0.8,4.2
2025-02-16,2,-22.25,0.0,69.44619721908182,Chungar,4800,0.8,4.2
2025-02-17,2,-23.2,0.0,67.74558664455286,Chungar,4800,0.8,4.2
2025-02-18,2,-23.75,0.1,79.39246470180096,Chungar,4800,0.8,4.2
2025-02-19,2,-24.95,0.1,86.3173434136896,Chungar,4800,0.8,4.2
2025-02-20,2,-25.7,0.1,93.69491947920174,Chungar,4800,0.8,4.2
2025-02-21,2,-25.2,0.0,67.04990842244104,Chungar,4800,0.8,4.2
2025-02-22,2,-26.4,0.0,66.76097996359599,Chungar,4800,0.8,4.2
2025-02-23,2,-25.2,0.0,59.5133854431815,Chungar,4800,0.8,4.2
2025-02-24,2,-27.5,0.0,40.12546944363622,Chungar,4800,0.8,4.2
2025-02-25,2,-26.0,0.0,41.27899090954289,Chungar,4800,0.8,4.2
2025-02-26,2,-22.5,0.0,49.54629734355348,Chungar,4800,0.8,4.2
2025-02-27,2,-20.5,0.0,59.341950786721995,Chungar,4800,0.8,4.2
2025-02-28,2,-20.45,0.2,80.54497631429686,Chungar,4800,0.8,4.2
2025-03-01,3,-19.25,0.0,62.00710599487272,Chungar,4800,0.8,4.2
2025-03-02,3,-20.85,0.0,61.79686384891575,Chungar,4800,0.8,4.2
2025-03-03,3,-18.75,0.0,41.60947840863182,Chungar,4800,0.8,4.2
2025-03-04,3,-18.55,0.2,79.94254295135667,Chungar,4800,0.8,4.2
2025-03-05,3,-19.4,0.1,88.84519898706795,Chungar,4800,0.8,4.2
2025-03-06,3,-19.65,0.3,90.76333613487563,Chungar,4800,0.8,4.2
2025-03-07,3,-17.95,0.0,57.22175953206127,Chungar,4800,0.8,4.2
2025-03-08,3,-21.0,0.0,48.00210800747349,Chungar,4800,0.8,4.2
2025-03-09,3,-21.0,0.0,56.76786867123725,Chungar,4800,0.8,4.2
2025-03-10,3,-18.1,0.0,48.38230210462347,Chungar,4800,0.8,4.2
2025-03-11,3,-18.35,0.0,47.6871665380859,Chungar,4800,0.8,4.2
2025-03-12,3,-18.15,0.0,50.35163811065763,Chungar,4800,0.8,4.2
2025-03-13,3,-19.3,0.0,61.296671325852486,Chungar,4800,0.8,4.2
2025-03-14,3,-19.7,0.0,61.79753763202005,Chungar,4800,0.8,4.2
2025-03-15,3,-20.35,0.1,78.45046576426313,Chungar,4800,0.8,4.2
2025-03-16,3,-19.1,0.1,92.1164864980776,Chungar,4800,0.8,4.2
2025-03-17,3,-20.45,0.1,83.23470161837328,Chungar,4800,0.8,4.2
2025-03-18,3,-20.0,0.1,79.86412719438025,Chungar,4800,0.8,4.2
2025-03-19,3,-21.9,0.1,83.63194018893836,Chungar,4800,0.8,4.2
2025-03-20,3,-18.6,0.1,77.39570612305985,Chungar,4800,0.8,4.2
2025-03-21,3,-23.35,0.1,87.84415871339256,Chungar,4800,0.8,4.2
2025-03-22,3,-23.5,0.0,51.64711372866555,Chungar,4800,0.8,4.2
2025-03-23,3,-23.75,0.0,62.81324707577461,Chungar,4800,0.8,4.2
2025-03-24,3,-23.5,0.0,42.30244240923378,Chungar,4800,0.8,4.2
2025-03-25,3,-19.8,0.0,41.68663250657296,Chungar,4800,0.8,4.2
2025-03-26,3,-16.5,0.0,61.566095624677885,Chungar,4800,0.8,4.2
2025-03-27,3,-12.8,0.0,44.972345688856805,Chungar,4800,0.8,4.2
2025-03-28,3,-15.1,0.0,42.52724612440146,Chungar,4800,0.8,4.2
2025-03-29,3,-18.15,0.0,68.44871497727262,Chungar,4800,0.8,4.2
2025-03-30,3,-16.05,0.3,78.24209709742553,Chungar,4800,0.8,4.2
2025-03-31,3,-17.75,0.3,83.27546442638409,Chungar,4800,0.8,4.2
2025-04-01,4,-19.35,0.0,66.21586530843544,Chungar,4800,0.8,4.2
2025-04-02,4,-18.35,0.1,86.1539305298806,Chungar,4800,0.8,4.2
2025-04-03,4,-18.200000000000003,0.3,87.23999759353607,Chungar,4800,0.8,4.2
2025-04-04,4,-19.95,0.0,54.13408119164231,Chungar,4800,0.8,4.2
2025-04-05,4,-20.1,0.0,49.71550740334813,Chungar,4800,0.8,4.2
2025-04-06,4,-17.05,0.0,51.42918166099559,Chungar,4800,0.8,4.2
2025-04-07,4,-15.7,0.0,42.24967345540456,Chungar,4800,0.8,4.2
2025-04-08,4,-15.4,0.0,69.69074479782668,Chungar,4800,0.8,4.2
2025-04-09,4,-13.8,0.0,59.01673929362272,Chungar,4800,0.8,4.2
2025-04-10,4,-13.3,0.0,50.685395267357634,Chungar,4800,0.8,4.2
2025-04-11,4,-12.85,0.0,61.326921293965775,Chungar,4800,0.8,4.2
2025-04-12,4,-15.45,0.0,54.52809023714663,Chungar,4800,0.8,4.2
2025-04-13,4,-15.9,0.0,50.65613692700259,Chungar,4800,0.8,4.2
2025-04-14,4,-14.75,0.0,48.54604788887895,Chungar,4800,0.8,4.2
2025-04-15,4,-15.7,0.0,58.72119147616247,Chungar,4800,0.8,4.2
2025-04-16,4,-14.4,0.0,56.27940679276979,Chungar,4800,0.8,4.2
2025-04-17,4,-14.149999999999999,0.0,53.98669585166242,Chungar,4800,0.8,4.2
2025-04-18,4,-11.8,0.1,86.15862583528238,Chungar,4800,0.8,4.2
2025-04-19,4,-12.1,0.0,46.91147704804366,Chungar,4800,0.8,4.2
2025-04-20,4,-11.850000000000001,0.0,62.02790265622522,Chungar,4800,0.8,4.2
2025-04-21,4,-10.15,0.0,45.623989035511364,Chungar,4800,0.8,4.2
2025-04-22,4,-9.0,0.0,48.248727050056885,Chungar,4800,0.8,4.2
2025-04-23,4,-11.05,0.0,56.53672566951076,Chungar,4800,0.8,4.2
2025-04-24,4,-12.95,0.2,90.2619310465343,Chungar,4800,0.8,4.2
2025-04-25,4,-15.399999999999999,0.7,91.74638534752879,Chungar,4800,0.8,4.2
2025-04-26,4,-16.1,0.0,47.70947818589208,Chungar,4800,0.8,4.2
2025-04-27,4,-16.0,0.0,52.6961002372221,Chungar,4800,0.8,4.2
2025-04-28,4,-13.9,0.0,50.81240218288457,Chungar,4800,0.8,4.2
2025-04-29,4,-16.7,0.0,57.29076350420861,Chungar,4800,0.8,4.2
2025-04-30,4,-16.8,0.0,41.043584721851765,Chungar,4800,0.8,4.2
2025-05-01,5,-16.0,0.0,61.81701639950653,Chungar,4800,0.8,4.2
2025-05-02,5,-15.95,0.0,66.88328163155012,Chungar,4800,0.8,4.2
2025-05-03,5,-14.0,0.0,54.45557788484935,Chungar,4800,0.8,4.2
2025-05-04,5,-14.7,0.0,48.52806383185004,Chungar,4800,0.8,4.2
2025-05-05,5,-15.1,0.0,52.40348728990052,Chungar,4800,0.8,4.2
2025-05-06,5,-14.350000000000001,0.0,54.85055961165522,Chungar,4800,0.8,4.2
2025-05-07,5,-11.350000000000001,0.0,43.36237819216099,Chungar,4800,0.8,4.2
2025-05-08,5,-10.8,0.0,50.31799241073165,Chungar,4800,0.8,4.2
2025-05-09,5,-10.15,0.0,56.39022036474152,Chungar,4800,0.8,4.2
2025-05-10,5,-9.2,0.0,69.64648097108959,Chungar,4800,0.8,4.2
2025-05-11,5,-8.9,0.0,56.131828476999274,Chungar,4800,0.8,4.2
2025-05-12,5,-8.75,0.0,48.530043381490096,Chungar,4800,0.8,4.2
2025-05-13,5,-8.45,0.0,66.00898849744995,Chungar,4800,0.8,4.2
2025-05-14,5,-10.4,0.0,64.61432135450995,Chungar,4800,0.8,4.2
2025-05-15,5,-9.899999999999999,0.0,58.054139401773135,Chungar,4800,0.8,4.2
2025-05-16,5,-9.2,0.0,53.33160603503772,Chungar,4800,0.8,4.2
2025-05-17,5,-10.0,0.0,59.35888641717192,Chungar,4800,0.8,4.2
2025-05-18,5,-10.4,0.0,48.81153256468555,Chungar,4800,0.8,4.2
2025-05-19,5,-9.1,0.0,45.08108358320258,Chungar,4800,0.8,4.2
2025-05-20,5,-8.0,0.4,86.11875692742458,Chungar,4800,0.8,4.2
2025-05-21,5,-9.55,0.0,50.17521593048473,Chungar,4800,0.8,4.2
2025-05-22,5,-10.149999999999999,0.0,51.07241328031075,Chungar,4800,0.8,4.2
2025-05-23,5,-7.6499999999999995,0.0,53.6003984424326,Chungar,4800,0.8,4.2
2025-05-24,5,-8.95,0.0,54.06487257029437,Chungar,4800,0.8,4.2
2025-05-25,5,-6.949999999999999,0.0,65.56170526336768,Chungar,4800,0.8,4.2
2025-05-26,5,-6.0,0.1,81.31965239636287,Chungar,4800,0.8,4.2
2025-05-27,5,-6.65,0.0,57.83919818145666,Chungar,4800,0.8,4.2
2025-05-28,5,-7.0,0.0,46.209278142693606,Chungar,4800,0.8,4.2
2025-05-29,5,-5.55,0.0,48.927583158541374,Chungar,4800,0.8,4.2
2025-05-30,5,-5.05,0.0,56.60931388372461,Chungar,4800,0.8,4.2
2025-05-31,5,-6.199999999999999,0.5,85.42136183703252,Chungar,4800,0.8,4.2
2025-06-01,6,-8.149999999999999,0.9,76.47877883809197,Chungar,4800,0.8,4.2
2025-06-02,6,-9.15,1.3,91.74762905556506,Chungar,4800,0.8,4.2
2025-06-03,6,-10.3,0.2,84.81449829592843,Chungar,4800,0.8,4.2
2025-06-04,6,-9.3,0.2,78.77359325130736,Chungar,4800,0.8,4.2
2025-06-05,6,-10.6,0.0,41.27140542570913,Chungar,4800,0.8,4.2
2025-06-06,6,-11.149999999999999,0.0,48.97006483867594,Chungar,4800,0.8,4.2
2025-06-07,6,-8.450000000000001,0.0,40.69874181972965,Chungar,4800,0.8,4.2
2025-06-08,6,-6.5,0.0,56.88982541847563,Chungar,4800,0.8,4.2
2025-06-09,6,-6.05,0.0,55.91581898494494,Chungar,4800,0.8,4.2
2025-06-10,6,-5.1,0.0,45.70384203939531,Chungar,4800,0.8,4.2
2025-06-11,6,-5.4,0.0,46.15254849632384,Chungar,4800,0.8,4.2
2025-06-12,6,-5.3,0.0,41.258703444017975,Chungar,4800,0.8,4.2
2025-06-13,6,-5.8,0.0,44.17260427320504,Chungar,4800,0.8,4.2
2025-06-14,6,-3.95,0.4,86.6267654832881,Chungar,4800,0.8,4.2
2025-06-15,6,-5.6000000000000005,0.1,86.4005211072776,Chungar,4800,0.8,4.2
2025-06-16,6,-5.25,0.0,42.02771108310216,Chungar,4800,0.8,4.2
2025-06-17,6,-4.25,0.1,84.16242835396278,Chungar,4800,0.8,4.2
2025-06-18,6,-3.8000000000000003,0.4,84.50065268318087,Chungar,4800,0.8,4.2
2025-06-19,6,-4.05,0.2,91.73529212281314,Chungar,4800,0.8,4.2
2025-06-20,6,-3.35,0.5,87.59478332276733,Chungar,4800,0.8,4.2
2025-06-21,6,-2.6,0.0,44.397014129559,Chungar,4800,0.8,4.2
2025-06-22,6,-4.65,0.0,58.60812494733857,Chungar,4800,0.8,4.2
2025-06-23,6,-5.05,0.0,62.51025879631362,Chungar,4800,0.8,4.2
2025-06-24,6,-3.35,0.1,90.76574133115585,Chungar,4800,0.8,4.2
2025-06-25,6,-2.45,0.0,63.50318238591427,Chungar,4800,0.8,4.2
2025-06-26,6,-5.55,0.0,51.259522223015985,Chungar,4800,0.8,4.2
2025-06-27,6,-5.7,0.0,53.0713716380597,Chungar,4800,0.8,4.2
2025-06-28,6,-4.4,0.0,46.595684464526045,Chungar,4800,0.8,4.2
2025-06-29,6,-3.6500000000000004,0.6,93.27499504916916,Chungar,4800,0.8,4.2
2025-06-30,6,-6.7,0.1,81.46695870671452,Chungar,4800,0.8,4.2
2025-07-01,7,-3.6999999999999997,0.0,49.35853490125575,Chungar,4800,0.8,4.2
2025-07-02,7,-3.3,0.3,78.16079737169626,Chungar,4800,0.8,4.2
2025-07-03,7,-3.4000000000000004,0.0,48.69280567397053,Chungar,4800,0.8,4.2
2025-07-04,7,-3.5,0.1,91.69858991292612,Chungar,4800,0.8,4.2
2025-07-05,7,-3.8000000000000003,0.0,63.5997527501533,Chungar,4800,0.8,4.2
2025-07-06,7,-4.5,0.0,45.00280271045748,Chungar,4800,0.8,4.2
2025-07-07,7,-2.7,0.0,53.588053404231445,Chungar,4800,0.8,4.2
2025-07-08,7,-4.5,0.0,57.21554284524882,Chungar,4800,0.8,4.2
2025-07-09,7,-5.7,0.0,62.21062472708559,Chungar,4800,0.8,4.2
2025-07-10,7,-5.6499999999999995,0.0,59.719236671313155,Chungar,4800,0.8,4.2
2025-07-11,7,-5.800000000000001,0.0,50.89894195632388,Chungar,4800,0.8,4.2
2025-07-12,7,-5.9,0.0,59.26089440495961,Chungar,4800,0.8,4.2
2025-07-13,7,-5.85,0.3,92.07604809145303,Chungar,4800,0.8,4.2
2025-07-14,7,-4.3,0.0,69.56706155733058,Chungar,4800,0.8,4.2
2025-07-15,7,-4.05,0.2,77.67763467007991,Chungar,4800,0.8,4.2
2025-07-16,7,-3.55,0.1,85.69954216426171,Chungar,4800,0.8,4.2
2025-07-17,7,-4.3,0.1,92.26521981681562,Chungar,4800,0.8,4.2
2025-07-18,7,-4.6,0.0,61.36203477577646,Chungar,4800,0.8,4.2
2025-07-19,7,-3.0,0.1,84.12132326152054,Chungar,4800,0.8,4.2
2025-07-20,7,-3.05,0.3,86.57012110237334,Chungar,4800,0.8,4.2
2025-07-21,7,-2.45,0.2,89.75307778622917,Chungar,4800,0.8,4.2
2025-07-22,7,-3.8000000000000003,0.0,57.63193537442997,Chungar,4800,0.8,4.2
2025-07-23,7,-3.5500000000000003,0.0,51.43196685448751,Chungar,4800,0.8,4.2
2025-07-24,7,-4.8500000000000005,0.0,45.44895345269245,Chungar,4800,0.8,4.2
2025-07-25,7,-4.75,0.0,62.09754036403119,Chungar,4800,0.8,4.2
2025-07-26,7,-3.3,0.0,59.629055078299515,Chungar,4800,0.8,4.2
2025-07-27,7,-1.6500000000000001,0.1,88.42365407812312,Chungar,4800,0.8,4.2
2025-07-28,7,-3.7,0.0,51.96998765226308,Chungar,4800,0.8,4.2
2025-07-29,7,-3.45,0.7,91.28863996190987,Chungar,4800,0.8,4.2
2025-07-30,7,-3.8,0.3,81.69890297178603,Chungar,4800,0.8,4.2
2025-07-31,7,-5.199999999999999,0.1,82.04370863870636,Chungar,4800,0.8,4.2
2025-08-01,8,-5.05,0.5,89.7575130476342,Chungar,4800,0.8,4.2
2025-08-02,8,-3.75,0.1,80.59064695135858,Chungar,4800,0.8,4.2
2025-08-03,8,-3.0999999999999996,0.4,89.33421943984108,Chungar,4800,0.8,4.2
2025-08-04,8,-3.5,0.6,84.12155838596428,Chungar,4800,0.8,4.2
2025-08-05,8,-3.5999999999999996,0.3,82.04724814591746,Chungar,4800,0.8,4.2
2025-08-06,8,-4.6,0.0,48.736669114602904,Chungar,4800,0.8,4.2
2025-08-07,8,-3.35,0.0,48.478761401057085,Chungar,4800,0.8,4.2
2025-08-08,8,-3.35,0.0,40.40588234302662,Chungar,4800,0.8,4.2
2025-08-09,8,-3.8000000000000003,0.2,78.84266555495992,Chungar,4800,0.8,4.2
2025-08-10,8,-3.6500000000000004,0.1,84.05574144155331,Chungar,4800,0.8,4.2
2025-08-11,8,-2.2,0.1,86.24104311205978,Chungar,4800,0.8,4.2
2025-08-12,8,-1.95,1.2,93.06701160155765,Chungar,4800,0.8,4.2
2025-08-13,8,-3.4000000000000004,0.0,48.99623270160971,Chungar,4800,0.8,4.2
2025-08-14,8,-4.6499999999999995,0.0,42.97446157665167,Chungar,4800,0.8,4.2
2025-08-15,8,-4.0,0.0,44.84856601939873,Chungar,4800,0.8,4.2
2025-08-16,8,-5.45,0.0,53.61364040317523,Chungar,4800,0.8,4.2
2025-08-17,8,-5.65,0.0,40.30477656506314,Chungar,4800,0.8,4.2
2025-08-18,8,-4.1,0.1,94.8246586292342,Chungar,4800,0.8,4.2
2025-08-19,8,-4.4,0.0,56.113760989552496,Chungar,4800,0.8,4.2
2025-08-20,8,-4.6,0.2,87.97423969270493,Chungar,4800,0.8,4.2
2025-08-21,8,-6.05,0.0,49.7860023001634,Chungar,4800,0.8,4.2
2025-08-22,8,-4.5,0.5,76.31638716953196,Chungar,4800,0.8,4.2
2025-08-23,8,-4.0,0.2,88.92962023663658,Chungar,4800,0.8,4.2
2025-08-24,8,-4.449999999999999,0.0,64.23819997335613,Chungar,4800,0.8,4.2
2025-08-25,8,-5.3,0.0,42.51481528329436,Chungar,4800,0.8,4.2
2025-08-26,8,-3.9,0.0,67.05165120509541,Chungar,4800,0.8,4.2
2025-08-27,8,-5.25,0.0,43.21042025629787,Chungar,4800,0.8,4.2
2025-08-28,8,-3.8000000000000003,0.0,58.50303276019363,Chungar,4800,0.8,4.2
2025-08-29,8,-4.4,0.2,84.9183937668692,Chungar,4800,0.8,4.2
2025-08-30,8,-4.3,0.0,61.892481572627574,Chungar,4800,0.8,4.2
2025-08-31,8,-4.95,0.1,76.90961279522142,Chungar,4800,0.8,4.2
2025-09-01,9,-5.800000000000001,0.1,78.44734899604121,Chungar,4800,0.8,4.2
2025-09-02,9,-5.6,0.0,58.23600223786558,Chungar,4800,0.8,4.2
2025-09-03,9,-5.75,0.0,50.781939505857196,Chungar,4800,0.8,4.2
2025-09-04,9,-5.6,0.0,67.2391066119771,Chungar,4800,0.8,4.2
2025-09-05,9,-6.55,0.0,50.49545692153124,Chungar,4800,0.8,4.2
2025-09-06,9,-5.15,0.1,94.2015070782178,Chungar,4800,0.8,4.2
2025-09-07,9,-5.4,0.1,94.30900132626955,Chungar,4800,0.8,4.2
2025-09-08,9,-6.0,0.0,41.9711541807632,Chungar,4800,0.8,4.2
2025-09-09,9,-5.95,0.0,69.18439354438046,Chungar,4800,0.8,4.2
2025-09-10,9,-5.2,0.0,61.082944616622854,Chungar,4800,0.8,4.2
2025-09-11,9,-6.25,0.3,91.9811747198089,Chungar,4800,0.8,4.2
2025-09-12,9,-3.1,0.1,87.83843136652155,Chungar,4800,0.8,4.2
2025-09-13,9,-3.8,0.4,94.65326711747652,Chungar,4800,0.8,4.2
2025-09-14,9,-5.199999999999999,0.0,42.04963414242464,Chungar,4800,0.8,4.2
2025-09-15,9,-4.6,0.5,80.35165357542176,Chungar,4800,0.8,4.2
2025-09-16,9,-4.25,0.0,44.24205533700877,Chungar,4800,0.8,4.2
2025-09-17,9,-4.7,0.0,60.31670588701629,Chungar,4800,0.8,4.2
2025-09-18,9,-5.75,0.0,64.60899738010605,Chungar,4800,0.8,4.2
2025-09-19,9,-5.199999999999999,0.1,81.87616825307592,Chungar,4800,0.8,4.2
2025-09-20,9,-5.65,0.1,81.88427782931912,Chungar,4800,0.8,4.2
2025-09-21,9,-6.7,0.0,65.64804929068292,Chungar,4800,0.8,4.2
2025-09-22,9,-6.6,0.0,52.17552621529977,Chungar,4800,0.8,4.2
2025-09-23,9,-4.8,0.0,42.191532507184846,Chungar,4800,0.8,4.2
2025-09-24,9,-8.6,0.0,47.66587589343004,Chungar,4800,0.8,4.2
2025-09-25,9,-7.800000000000001,0.0,40.57503509839151,Chungar,4800,0.8,4.2
2025-09-26,9,-7.8,0.0,44.86255071508696,Chungar,4800,0.8,4.2
2025-09-27,9,-7.0,0.0,65.1963514222763,Chungar,4800,0.8,4.2
2025-09-28,9,-7.1499999999999995,0.0,45.238698930933275,Chungar,4800,0.8,4.2
2025-09-29,9,-6.5,0.1,80.00753271684306,Chungar,4800,0.8,4.2
2025-09-30,9,-8.0,0.0,50.492039760289416,Chungar,4800,0.8,4.2
2025-10-01,10,-8.15,0.0,58.42331448587418,Chungar,4800,0.8,4.2
2025-10-02,10,-7.55,0.1,83.35506656447117,Chungar,4800,0.8,4.2
2025-10-03,10,-7.449999999999999,0.0,53.551304100749064,Chungar,4800,0.8,4.2
2025-10-04,10,-7.949999999999999,0.2,81.78018540228597,Chungar,4800,0.8,4.2
2025-10-05,10,-7.4,0.2,77.38351683233323,Chungar,4800,0.8,4.2
2025-10-06,10,-11.55,0.0,63.2795350471917,Chungar,4800,0.8,4.2
2025-10-07,10,-12.65,0.0,44.79788936747625,Chungar,4800,0.8,4.2
2025-10-08,10,-12.0,0.0,55.74634721566764,Chungar,4800,0.8,4.2
2025-10-09,10,-14.95,0.0,61.31481858712102,Chungar,4800,0.8,4.2
2025-10-10,10,-16.299999999999997,0.0,56.62836385839687,Chungar,4800,0.8,4.2
2025-10-11,10,-17.299999999999997,0.0,46.06252710404394,Chungar,4800,0.8,4.2
2025-10-12,10,-16.85,0.0,68.71506147571449,Chungar,4800,0.8,4.2
2025-10-13,10,-15.5,0.0,65.16489458755622,Chungar,4800,0.8,4.2
2025-10-14,10,-13.200000000000001,0.0,66.3247434520379,Chungar,4800,0.8,4.2
2025-10-15,10,-13.649999999999999,0.0,52.60666303379208,Chungar,4800,0.8,4.2
2025-10-16,10,-14.649999999999999,0.0,61.34141813596743,Chungar,4800,0.8,4.2
2025-10-17,10,-13.950000000000001,0.0,48.99002686950826,Chungar,4800,0.8,4.2
2025-10-18,10,-14.450000000000001,0.0,41.901583525638934,Chungar,4800,0.8,4.2
2025-10-19,10,-15.850000000000001,0.0,41.64963083987209,Chungar,4800,0.8,4.2
2025-10-20,10,-13.95,0.0,54.61700526866289,Chungar,4800,0.8,4.2
2025-10-21,10,-12.85,0.0,51.76890076182767,Chungar,4800,0.8,4.2
2025-10-22,10,-14.35,0.0,56.18136276530093,Chungar,4800,0.8,4.2
2025-10-23,10,-16.85,0.0,51.427117975893104,Chungar,4800,0.8,4.2
2025-10-24,10,-15.9,0.0,40.37456604453441,Chungar,4800,0.8,4.2
2025-10-25,10,-17.299999999999997,0.0,56.097812482682784,Chungar,4800,0.8,4.2
2025-10-26,10,-17.25,0.0,69.82225153831448,Chungar,4800,0.8,4.2
2025-10-27,10,-14.950000000000001,0.0,54.66237078824905,Chungar,4800,0.8,4.2
2025-10-28,10,-11.55,0.5,86.74478077860987,Chungar,4800,0.8,4.2
2025-10-29,10,-10.3,0.4,93.20029080855434,Chungar,4800,0.8,4.2
2025-10-30,10,-8.95,0.5,87.63361942457738,Chungar,4800,0.8,4.2
2025-10-31,10,-8.1,0.3,94.19090624282293,Chungar,4800,0.8,4.2
2025-11-01,11,-8.95,1.4,75.52500061094885,Chungar,4800,0.8,4.2
2025-11-02,11,-14.350000000000001,0.0,59.729319408780775,Chungar,4800,0.8,4.2
2025-11-03,11,-14.75,0.0,45.42735745396775,Chungar,4800,0.8,4.2
2025-11-04,11,-15.350000000000001,0.0,59.74547903501413,Chungar,4800,0.8,4.2
2025-11-05,11,-17.55,0.0,43.280585371140255,Chungar,4800,0.8,4.2
2025-11-06,11,-20.55,0.0,60.95511666199077,Chungar,4800,0.8,4.2
2025-11-07,11,-18.2,0.0,52.45330329696439,Chungar,4800,0.8,4.2
2025-11-08,11,-18.950000000000003,0.0,52.92209797696287,Chungar,4800,0.8,4.2
2025-11-09,11,-19.549999999999997,0.0,48.41884557089775,Chungar,4800,0.8,4.2
2025-11-10,11,-19.5,0.0,60.08894827038071,Chungar,4800,0.8,4.2
2025-11-11,11,-18.25,0.0,48.23896755379038,Chungar,4800,0.8,4.2
2025-11-12,11,-18.1,0.0,43.785431138032834,Chungar,4800,0.8,4.2
2025-11-13,11,-18.2,0.0,57.46638296367323,Chungar,4800,0.8,4.2
2025-11-14,11,-20.35,0.0,58.0428091902937,Chungar,4800,0.8,4.2
2025-11-15,11,-20.8,0.0,47.52996196211648,Chungar,4800,0.8,4.2
2025-11-16,11,-20.3,0.0,63.786953782668746,Chungar,4800,0.8,4.2
2025-11-17,11,-20.049999999999997,0.0,48.59655698463373,Chungar,4800,0.8,4.2
2025-11-18,11,-18.45,0.0,51.691561384285194,Chungar,4800,0.8,4.2
2025-11-19,11,-19.049999999999997,0.0,49.208741412318304,Chungar,4800,0.8,4.2
2025-11-20,11,-17.15,0.0,67.51527806888788,Chungar,4800,0.8,4.2
2025-11-21,11,-19.6,0.0,63.33962121010198,Chungar,4800,0.8,4.2
2025-11-22,11,-20.2,0.0,45.9679369237583,Chungar,4800,0.8,4.2
2025-11-23,11,-20.4,0.0,40.7600084346646,Chungar,4800,0.8,4.2
2025-11-24,11,-21.35,0.0,69.90596652046534,Chungar,4800,0.8,4.2
2025-11-25,11,-20.2,0.0,50.26253763596033,Chungar,4800,0.8,4.2
2025-11-26,11,-19.1,0.0,60.42647386848339,Chungar,4800,0.8,4.2
2025-11-27,11,-19.5,0.0,59.682491174369574,Chungar,4800,0.8,4.2
2025-11-28,11,-21.1,0.0,52.59946458057059,Chungar,4800,0.8,4.2
2025-11-29,11,-19.0,0.0,56.6645310309428,Chungar,4800,0.8,4.2
2025-11-30,11,-15.55,0.0,41.404634058315324,Chungar,4800,0.8,4.2
2025-12-01,12,-16.9,0.0,41.905350370148795,Chungar,4800,0.8,4.2
2025-12-02,12,-21.5,0.0,50.337871204838066,Chungar,4800,0.8,4.2
2025-12-03,12,-23.7,0.0,56.117116252058096,Chungar,4800,0.8,4.2
2025-12-04,12,-22.15,0.0,62.761058714913844,Chungar,4800,0.8,4.2
2025-12-05,12,-22.8,0.0,44.91819364901146,Chungar,4800,0.8,4.2
2025-12-06,12,-19.8,0.0,66.37984642892881,Chungar,4800,0.8,4.2
2025-12-07,12,-20.35,0.0,48.06044695388724,Chungar,4800,0.8,4.2
2025-12-08,12,-23.049999999999997,0.0,57.793927152702935,Chungar,4800,0.8,4.2
2025-12-09,12,-24.75,0.0,65.35569870896181,Chungar,4800,0.8,4.2
2025-12-10,12,-22.85,0.0,61.40134882578553,Chungar,4800,0.8,4.2
2025-12-11,12,-20.7,0.0,64.88530508755085,Chungar,4800,0.8,4.2
2025-12-12,12,-20.5,0.0,58.67699847080351,Chungar,4800,0.8,4.2
2025-12-13,12,-20.95,0.0,50.97035692664045,Chungar,4800,0.8,4.2
2025-12-14,12,-20.1,0.0,47.523214535549755,Chungar,4800,0.8,4.2
2025-12-15,12,-20.8,0.0,47.508398805305845,Chungar,4800,0.8,4.2
2025-12-16,12,-20.65,0.0,59.98041960018155,Chungar,4800,0.8,4.2
2025-12-17,12,-20.3,0.0,52.48675824002454,Chungar,4800,0.8,4.2
2025-12-18,12,-17.2,0.0,47.06628201339038,Chungar,4800,0.8,4.2
2025-12-19,12,-15.45,0.0,54.57218871008077,Chungar,4800,0.8,4.2
2025-12-20,12,-15.649999999999999,0.0,43.76080884012465,Chungar,4800,0.8,4.2
2025-12-21,12,-14.600000000000001,0.0,50.7860991267575,Chungar,4800,0.8,4.2
2025-12-22,12,-16.0,0.0,59.84226425822052,Chungar,4800,0.8,4.2
2025-12-23,12,-19.25,0.0,45.60287680112099,Chungar,4800,0.8,4.2
2025-12-24,12,-20.3,0.0,41.57214709659115,Chungar,4800,0.8,4.2
2025-12-25,12,-20.1,0.0,42.40170668134953,Chungar,4800,0.8,4.2
2025-12-26,12,-17.8,0.0,47.06174749808177,Chungar,4800,0.8,4.2
2025-12-27,12,-20.3,0.0,52.25572819122894,Chungar,4800,0.8,4.2
2025-12-28,12,-22.4,0.0,56.86674366540551,Chungar,4800,0.8,4.2
2025-12-29,12,-22.85,0.0,47.06555546902495,Chungar,4800,0.8,4.2
2025-12-30,12,-22.549999999999997,0.0,61.37816398406463,Chungar,4800,0.8,4.2
2025-12-31,12,-23.9,0.0,62.853327145847246,Chungar,4800,0.8,4.2
2026-01-01,1,-24.700000000000003,0.1,87.77826913766387,Chungar,4800,0.8,4.2
2026-01-02,1,-28.55,0.0,59.91713185579712,Chungar,4800,0.8,4.2
2026-01-03,1,-26.55,0.0,56.632322280591794,Chungar,4800,0.8,4.2
2026-01-04,1,-23.75,0.0,44.2761105235421,Chungar,4800,0.8,4.2
2026-01-05,1,-24.5,0.0,55.60464029854974,Chungar,4800,0.8,4.2
2026-01-06,1,-28.25,0.0,40.55669152038986,Chungar,4800,0.8,4.2
2026-01-07,1,-25.4,0.0,46.39572738536577,Chungar,4800,0.8,4.2
2026-01-08,1,-20.35,0.0,50.632087231363315,Chungar,4800,0.8,4.2
2026-01-09,1,-22.25,0.0,63.71780659559464,Chungar,4800,0.8,4.2
2026-01-10,1,-21.95,0.0,48.422618486489554,Chungar,4800,0.8,4.2
2026-01-11,1,-21.1,0.0,59.408055951681646,Chungar,4800,0.8,4.2
2026-01-12,1,-22.6,0.0,69.36359000791872,Chungar,4800,0.8,4.2
2026-01-13,1,-22.55,0.0,56.461353806398705,Chungar,4800,0.8,4.2
2026-01-14,1,-24.45,0.0,56.18854146169549,Chungar,4800,0.8,4.2
2026-01-15,1,-24.2,0.0,63.36325234519373,Chungar,4800,0.8,4.2
2026-01-16,1,-22.75,0.0,43.180944068856306,Chungar,4800,0.8,4.2
2026-01-17,1,-18.9,0.0,62.41321489361012,Chungar,4800,0.8,4.2
2026-01-18,1,-25.25,0.0,40.14150161176119,Chungar,4800,0.8,4.2
2026-01-19,1,-26.6,0.1,93.72951467769781,Chungar,4800,0.8,4.2
2026-01-20,1,-24.8,0.0,48.32588381915994,Chungar,4800,0.8,4.2
2026-01-21,1,-24.45,0.0,57.813333460110755,Chungar,4800,0.8,4.2
2026-01-22,1,-22.1,0.0,57.67474251936464,Chungar,4800,0.8,4.2
2026-01-23,1,-25.15,0.0,44.35675343131559,Chungar,4800,0.8,4.2
2026-01-24,1,-27.700000000000003,0.0,45.14785791481193,Chungar,4800,0.8,4.2
2026-01-25,1,-24.9,0.1,83.5141877267127,Chungar,4800,0.8,4.2
2026-01-26,1,-22.6,0.0,54.44274371339181,Chungar,4800,0.8,4.2
2026-01-27,1,-22.65,0.0,49.718561079649476,Chungar,4800,0.8,4.2
2026-01-28,1,-25.05,0.1,75.9370570668743,Chungar,4800,0.8,4.2
2026-01-29,1,-26.5,0.0,42.414148844333205,Chungar,4800,0.8,4.2
2026-01-30,1,-25.049999999999997,0.0,52.777281883029474,Chungar,4800,0.8,4.2
2026-01-31,1,-22.700000000000003,0.0,41.74446383479788,Chungar,4800,0.8,4.2
2026-02-01,2,-25.0,0.0,69.75868185137236,Chungar,4800,0.8,4.2
2026-02-02,2,-25.05,0.0,59.2556303832835,Chungar,4800,0.8,4.2
2026-02-03,2,-26.1,0.0,42.33647081936857,Chungar,4800,0.8,4.2
2026-02-04,2,-27.2,0.1,78.26989730797303,Chungar,4800,0.8,4.2
2026-02-05,2,-24.6,0.0,40.17344114340656,Chungar,4800,0.8,4.2
2026-02-06,2,-23.95,0.0,48.355619253409564,Chungar,4800,0.8,4.2
2026-02-07,2,-25.05,0.3,76.86795409530609,Chungar,4800,0.8,4.2
2026-02-08,2,-21.6,0.1,76.97310148828056,Chungar,4800,0.8,4.2
2026-02-09,2,-24.2,0.0,63.18123263696374,Chungar,4800,0.8,4.2
2026-02-10,2,-24.549999999999997,0.0,67.5997363132993,Chungar,4800,0.8,4.2
2026-02-11,2,-21.35,0.0,50.55578255093906,Chungar,4800,0.8,4.2
2026-02-12,2,-23.75,0.0,43.9285713976734,Chungar,4800,0.8,4.2
2026-02-13,2,-23.15,0.1,92.84560174215603,Chungar,4800,0.8,4.2
2026-02-14,2,-21.05,0.0,55.58368695277535,Chungar,4800,0.8,4.2
2026-02-15,2,-25.95,0.0,44.37535222364476,Chungar,4800,0.8,4.2
2026-02-16,2,-23.200000000000003,0.0,65.30094473986821,Chungar,4800,0.8,4.2
2026-02-17,2,-23.95,0.0,64.20672934624679,Chungar,4800,0.8,4.2
2026-02-18,2,-24.8,0.0,51.90874572601753,Chungar,4800,0.8,4.2
2026-02-19,2,-24.15,0.0,57.117801851477815,Chungar,4800,0.8,4.2
2026-02-20,2,-22.25,0.1,76.54781628253573,Chungar,4800,0.8,4.2
2026-02-21,2,-23.6,0.0,54.66441817859634,Chungar,4800,0.8,4.2
2026-02-22,2,-24.8,0.0,51.186713135689246,Chungar,4800,0.8,4.2
2026-02-23,2,-23.65,0.0,49.696577864063,Chungar,4800,0.8,4.2
2026-02-24,2,-25.049999999999997,0.0,57.46804062775922,Chungar,4800,0.8,4.2
2026-02-25,2,-23.299999999999997,0.0,58.875446910827534,Chungar,4800,0.8,4.2
2026-02-26,2,-17.75,0.0,46.261764220872024,Chungar,4800,0.8,4.2
2026-02-27,2,-17.3,0.0,48.87648974416144,Chungar,4800,0.8,4.2
2026-02-28,2,-19.8,0.0,45.36906844678806,Chungar,4800,0.8,4.2
2026-03-01,3,-20.5,0.0,42.62907368131177,Chungar,4800,0.8,4.2
2026-03-02,3,-17.25,0.0,42.014540135899146,Chungar,4800,0.8,4.2
2026-03-03,3,-15.799999999999999,0.0,67.3782524525655,Chungar,4800,0.8,4.2
2026-03-04,3,-15.149999999999999,0.0,50.51192352557157,Chungar,4800,0.8,4.2
2026-03-05,3,-14.8,0.0,40.268167694544054,Chungar,4800,0.8,4.2
2026-03-06,3,-12.7,0.0,60.64836718411243,Chungar,4800,0.8,4.2
2026-03-07,3,-12.1,0.0,58.02343050801916,Chungar,4800,0.8,4.2
2026-03-08,3,-13.299999999999999,0.0,40.82369724535783,Chungar,4800,0.8,4.2
2026-03-09,3,-15.399999999999999,0.0,46.790359308298136,Chungar,4800,0.8,4.2
2026-03-10,3,-16.1,0.0,58.2734226594405,Chungar,4800,0.8,4.2
2026-03-11,3,-15.05,0.0,61.44652756895654,Chungar,4800,0.8,4.2
2026-03-12,3,-15.4,0.0,46.316287028981684,Chungar,4800,0.8,4.2
2026-03-13,3,-16.25,0.0,64.59320625177597,Chungar,4800,0.8,4.2
2026-03-14,3,-19.1,0.0,51.799754981587654,Chungar,4800,0.8,4.2
2026-03-15,3,-19.5,0.0,59.450352273965784,Chungar,4800,0.8,4.2
2026-03-16,3,-22.5,0.1,75.34201851904892,Chungar,4800,0.8,4.2
2026-03-17,3,-24.3,0.0,49.33138889260365,Chungar,4800,0.8,4.2
2026-03-18,3,-21.6,0.0,69.11931682048848,Chungar,4800,0.8,4.2
2026-03-19,3,-20.3,0.0,58.16578887182017,Chungar,4800,0.8,4.2
2026-03-20,3,-20.15,0.0,61.705219429579984,Chungar,4800,0.8,4.2
2026-03-21,3,-17.5,0.0,54.745843273092575,Chungar,4800,0.8,4.2
2026-03-22,3,-20.05,0.0,63.153536294695606,Chungar,4800,0.8,4.2
2026-03-23,3,-20.25,0.0,55.1553224657069,Chungar,4800,0.8,4.2
2026-03-24,3,-19.35,0.3,76.5016206837893,Chungar,4800,0.8,4.2
2026-03-25,3,-19.65,0.0,41.33370851499029,Chungar,4800,0.8,4.2
2026-03-26,3,-18.2,0.0,66.5845114122404,Chungar,4800,0.8,4.2
2026-03-27,3,-18.55,0.0,69.93386535937522,Chungar,4800,0.8,4.2
2026-03-28,3,-18.0,0.0,60.6123425388424,Chungar,4800,0.8,4.2
2026-03-29,3,-16.45,0.0,51.56480251354451,Chungar,4800,0.8,4.2
2026-03-30,3,-14.4,0.0,60.761658801620456,Chungar,4800,0.8,4.2
2026-03-31,3,-16.200000000000003,0.1,94.53028348188008,Chungar,4800,0.8,4.2
2026-04-01,4,-16.5,0.0,60.56700611364872,Chungar,4800,0.8,4.2
2026-04-02,4,-17.65,0.0,45.2556526000786,Chungar,4800,0.8,4.2
2026-04-03,4,-16.2,0.0,52.700163984918476,Chungar,4800,0.8,4.2
2026-04-04,4,-16.65,0.0,49.22641185921938,Chungar,4800,0.8,4.2
2026-04-05,4,-17.65,0.1,92.77802567660034,Chungar,4800,0.8,4.2
2026-04-06,4,-20.4,0.0,64.22414271339971,Chungar,4800,0.8,4.2
2026-04-07,4,-23.2,0.0,40.594246847097196,Chungar,4800,0.8,4.2
2026-04-08,4,-21.4,0.0,63.45368120568546,Chungar,4800,0.8,4.2
2026-04-09,4,-19.299999999999997,0.6,76.53988216065652,Chungar,4800,0.8,4.2
2026-04-10,4,-17.6,0.0,60.86087863095205,Chungar,4800,0.8,4.2
2026-04-11,4,-17.4,0.0,50.633664968453296,Chungar,4800,0.8,4.2
2026-04-12,4,-14.85,0.0,63.54528114121879,Chungar,4800,0.8,4.2
2026-04-13,4,-15.9,0.0,52.14845027423696,Chungar,4800,0.8,4.2
2026-04-14,4,-15.95,0.1,84.46635265967004,Chungar,4800,0.8,4.2
2026-04-15,4,-16.35,0.0,47.92739449228505,Chungar,4800,0.8,4.2
2026-04-16,4,-16.85,0.0,51.34750176710281,Chungar,4800,0.8,4.2
2026-04-17,4,-14.25,0.0,52.06716225557738,Chungar,4800,0.8,4.2
2026-04-18,4,-13.85,0.0,68.3726045010631,Chungar,4800,0.8,4.2
2026-04-19,4,-13.2,0.0,53.07322381936601,Chungar,4800,0.8,4.2
2026-04-20,4,-15.4,0.6,81.98660291614102,Chungar,4800,0.8,4.2
2026-04-21,4,-17.25,0.0,44.53415719778477,Chungar,4800,0.8,4.2
2026-04-22,4,-16.15,0.0,63.964601509228686,Chungar,4800,0.8,4.2
2026-04-23,4,-13.149999999999999,0.0,41.063852087175576,Chungar,4800,0.8,4.2
2026-04-24,4,-13.1,0.0,46.63849129865119,Chungar,4800,0.8,4.2
2026-04-25,4,-13.899999999999999,0.0,56.32965027561535,Chungar,4800,0.8,4.2
2026-04-26,4,-12.9,0.0,64.91392660064042,Chungar,4800,0.8,4.2
2026-04-27,4,-11.7,0.0,57.669132395305866,Chungar,4800,0.8,4.2
2026-04-28,4,-13.0,0.0,61.838770426072045,Chungar,4800,0.8,4.2
2026-04-29,4,-13.85,0.0,48.55360738870776,Chungar,4800,0.8,4.2
2026-04-30,4,-13.45,0.1,82.67285548194613,Chungar,4800,0.8,4.2
2026-05-01,5,-14.25,0.0,62.17915791486327,Chungar,4800,0.8,4.2
2026-05-02,5,-14.65,0.0,64.68123591894971,Chungar,4800,0.8,4.2
2026-05-03,5,-14.45,0.0,54.64536933656866,Chungar,4800,0.8,4.2
2026-05-04,5,-13.649999999999999,0.0,49.5995242273474,Chungar,4800,0.8,4.2
2026-05-05,5,-13.5,0.1,84.14350586401096,Chungar,4800,0.8,4.2
2026-05-06,5,-15.0,0.1,77.48564627346087,Chungar,4800,0.8,4.2
2026-05-07,5,-18.2,0.0,51.1063954747548,Chungar,4800,0.8,4.2
2026-05-08,5,-17.65,0.0,63.18829580638201,Chungar,4800,0.8,4.2
2026-05-09,5,-17.35,0.0,45.48176288187035,Chungar,4800,0.8,4.2
2026-05-10,5,-14.3,0.0,47.13942581755076,Chungar,4800,0.8,4.2
2026-05-11,5,-15.8,0.0,47.67577348748404,Chungar,4800,0.8,4.2
2026-05-12,5,-15.5,0.0,49.426955072211825,Chungar,4800,0.8,4.2
2026-05-13,5,-14.55,0.0,62.985255681063606,Chungar,4800,0.8,4.2
2026-05-14,5,-15.05,0.0,43.55853702916087,Chungar,4800,0.8,4.2
2026-05-15,5,-14.35,0.0,42.48837552007565,Chungar,4800,0.8,4.2
2026-05-16,5,-13.950000000000001,0.0,66.83622516360059,Chungar,4800,0.8,4.2
2026-05-17,5,-12.899999999999999,0.0,66.08280477945767,Chungar,4800,0.8,4.2
2026-05-18,5,-11.5,0.0,49.170465033357246,Chungar,4800,0.8,4.2
2026-05-19,5,-11.149999999999999,0.0,66.26571292605183,Chungar,4800,0.8,4.2
2026-05-20,5,-10.1,0.0,43.44062724029105,Chungar,4800,0.8,4.2
2026-05-21,5,-8.8,0.0,68.5442725374737,Chungar,4800,0.8,4.2
2026-05-22,5,-9.55,0.0,45.7905407729752,Chungar,4800,0.8,4.2
2026-05-23,5,-12.5,0.1,87.77900418997376,Chungar,4800,0.8,4.2
2026-05-24,5,-10.25,0.0,63.64538591905871,Chungar,4800,0.8,4.2
2026-05-25,5,-13.6,0.0,46.78512469358696,Chungar,4800,0.8,4.2
2026-05-26,5,-10.899999999999999,0.0,65.07056138798697,Chungar,4800,0.8,4.2
2026-05-27,5,-13.149999999999999,0.0,47.16629208052013,Chungar,4800,0.8,4.2
2026-05-28,5,-11.5,0.0,50.25853662154954,Chungar,4800,0.8,4.2
2026-05-29,5,-10.45,0.0,56.284218706571366,Chungar,4800,0.8,4.2
2026-05-30,5,-12.149999999999999,0.0,59.03108558833879,Chungar,4800,0.8,4.2
2026-05-31,5,-12.200000000000001,0.0,63.25922806321107,Chungar,4800,0.8,4.2
2026-06-01,6,-12.95,0.0,69.2882257348119,Chungar,4800,0.8,4.2
2026-06-02,6,-11.8,0.0,62.21924912088233,Chungar,4800,0.8,4.2
2026-06-03,6,-9.95,0.0,45.55221664036766,Chungar,4800,0.8,4.2
2026-06-04,6,-10.850000000000001,0.0,63.41735241805586,Chungar,4800,0.8,4.2
2026-06-05,6,-9.95,0.0,52.089476032845674,Chungar,4800,0.8,4.2
2026-06-06,6,-8.65,0.1,92.0933651783183,Chungar,4800,0.8,4.2
2026-06-07,6,-7.7,0.0,52.66567481533863,Chungar,4800,0.8,4.2
2026-06-08,6,-8.45,0.0,50.642373692750716,Chungar,4800,0.8,4.2
2026-06-09,6,-9.15,0.0,53.132813794989076,Chungar,4800,0.8,4.2
2026-06-10,6,-9.2,0.0,57.95113750463574,Chungar,4800,0.8,4.2
2026-06-11,6,-8.95,0.0,65.22598890311752,Chungar,4800,0.8,4.2
2026-06-12,6,-10.05,0.0,60.89081427091707,Chungar,4800,0.8,4.2
2026-06-13,6,-9.1,0.0,57.68693219246821,Chungar,4800,0.8,4.2
2026-06-14,6,-8.5,0.0,62.87822541265528,Chungar,4800,0.8,4.2
2026-06-15,6,-10.15,0.0,47.33775477048091,Chungar,4800,0.8,4.2
